[2025-10-23T19:13:32.095Z] ❌ [ERROR] Erro no teste de login | {"email":"[REDACTED]","error":"coluna \"nome_responsavel\" não existe"}
[2025-10-23T19:13:32.162Z] ❌ [ERROR] Erro no teste de login | {"email":"[REDACTED]","error":"coluna \"nome_responsavel\" não existe"}
[2025-10-23T19:13:32.217Z] ❌ [ERROR] Erro no teste de login | {"email":"[REDACTED]","error":"coluna \"nome_responsavel\" não existe"}
[2025-10-23T19:14:06.354Z] ℹ️ [INFO] Tabelas verificadas/criadas com sucesso.
[2025-10-23T19:14:06.357Z] ℹ️ [INFO] 🔄 Inicializando sistema de notificações em tempo real...
[2025-10-23T19:14:06.358Z] ℹ️ [INFO] [REALTIME-SERVER] Servidor de notificações inicializado
[2025-10-23T19:14:06.371Z] ℹ️ [INFO] [RASTREAMENTO] Integração de notificações em tempo real configurada
[2025-10-23T19:14:06.372Z] ℹ️ [INFO] ✅ Sistema de notificações em tempo real inicializado
[2025-10-23T19:14:06.373Z] ℹ️ [INFO] 🔌 WebSocket disponível em ws://localhost:3000
[2025-10-23T19:15:32.966Z] ℹ️ [INFO] Tabelas verificadas/criadas com sucesso.
[2025-10-23T19:15:32.969Z] ℹ️ [INFO] 🔄 Inicializando sistema de notificações em tempo real...
[2025-10-23T19:15:32.970Z] ℹ️ [INFO] [REALTIME-SERVER] Servidor de notificações inicializado
[2025-10-23T19:15:32.974Z] ℹ️ [INFO] 🚀 Servidor rodando na porta 3000
[2025-10-23T19:15:32.975Z] ℹ️ [INFO] 📱 Acesse a aplicação em http://localhost:3000
[2025-10-23T19:15:32.986Z] ℹ️ [INFO] [RASTREAMENTO] Integração de notificações em tempo real configurada
[2025-10-23T19:15:32.986Z] ℹ️ [INFO] ✅ Sistema de notificações em tempo real inicializado
[2025-10-23T19:15:32.987Z] ℹ️ [INFO] 🔌 WebSocket disponível em ws://localhost:3000
[2025-10-23T19:19:49.513Z] ℹ️ [INFO] Tabelas verificadas/criadas com sucesso.
[2025-10-23T19:19:49.516Z] ℹ️ [INFO] 🔄 Inicializando sistema de notificações em tempo real...
[2025-10-23T19:19:49.517Z] ℹ️ [INFO] [REALTIME-SERVER] Servidor de notificações inicializado
[2025-10-23T19:19:49.522Z] ℹ️ [INFO] 🚀 Servidor rodando na porta 3000
[2025-10-23T19:19:49.522Z] ℹ️ [INFO] 📱 Acesse a aplicação em http://localhost:3000
[2025-10-23T19:19:49.535Z] ℹ️ [INFO] [RASTREAMENTO] Integração de notificações em tempo real configurada
[2025-10-23T19:19:49.536Z] ℹ️ [INFO] ✅ Sistema de notificações em tempo real inicializado
[2025-10-23T19:19:49.536Z] ℹ️ [INFO] 🔌 WebSocket disponível em ws://localhost:3000
[2025-10-23T19:27:13.085Z] ℹ️ [INFO] 
📡 Recebido sinal SIGINT, iniciando shutdown gracioso...
[2025-10-23T19:28:18.280Z] ℹ️ [INFO] Tabelas verificadas/criadas com sucesso.
[2025-10-23T19:28:18.283Z] ℹ️ [INFO] 🔄 Inicializando sistema de notificações em tempo real...
[2025-10-23T19:28:18.284Z] ℹ️ [INFO] [REALTIME-SERVER] Servidor de notificações inicializado
[2025-10-23T19:28:18.289Z] ℹ️ [INFO] 🚀 Servidor rodando na porta 3000
[2025-10-23T19:28:18.290Z] ℹ️ [INFO] 📱 Acesse a aplicação em http://localhost:3000
[2025-10-23T19:28:18.298Z] ℹ️ [INFO] [RASTREAMENTO] Integração de notificações em tempo real configurada
[2025-10-23T19:28:18.299Z] ℹ️ [INFO] ✅ Sistema de notificações em tempo real inicializado
[2025-10-23T19:28:18.299Z] ℹ️ [INFO] 🔌 WebSocket disponível em ws://localhost:3000
[2025-10-23T19:30:40.616Z] ℹ️ [INFO] 
📡 Recebido sinal SIGINT, iniciando shutdown gracioso...
[2025-10-23T19:30:41.235Z] ℹ️ [INFO] Tabelas verificadas/criadas com sucesso.
[2025-10-23T19:30:41.238Z] ℹ️ [INFO] 🔄 Inicializando sistema de notificações em tempo real...
[2025-10-23T19:30:41.239Z] ℹ️ [INFO] [REALTIME-SERVER] Servidor de notificações inicializado
[2025-10-23T19:30:41.243Z] ℹ️ [INFO] 🚀 Servidor rodando na porta 3000
[2025-10-23T19:30:41.244Z] ℹ️ [INFO] 📱 Acesse a aplicação em http://localhost:3000
[2025-10-23T19:30:41.253Z] ℹ️ [INFO] [RASTREAMENTO] Integração de notificações em tempo real configurada
[2025-10-23T19:30:41.253Z] ℹ️ [INFO] ✅ Sistema de notificações em tempo real inicializado
[2025-10-23T19:30:41.254Z] ℹ️ [INFO] 🔌 WebSocket disponível em ws://localhost:3000
[2025-10-23T19:32:08.078Z] ❌ [ERROR] Erro no teste de login | {"email":"[REDACTED]","error":"coluna \"nome_responsavel\" não existe"}
[2025-10-23T19:32:08.250Z] ❌ [ERROR] Erro no teste de login | {"email":"[REDACTED]","error":"coluna \"nome_responsavel\" não existe"}
[2025-10-23T19:32:08.296Z] ❌ [ERROR] Erro no teste de login | {"email":"[REDACTED]","error":"coluna \"nome_responsavel\" não existe"}
[2025-10-23T19:40:11.442Z] ℹ️ [INFO] 
📡 Recebido sinal SIGINT, iniciando shutdown gracioso...
[2025-10-23T19:41:40.931Z] ℹ️ [INFO] Tabelas verificadas/criadas com sucesso.
[2025-10-23T19:41:40.935Z] ℹ️ [INFO] 🔄 Inicializando sistema de notificações em tempo real...
[2025-10-23T19:41:40.937Z] ℹ️ [INFO] [REALTIME-SERVER] Servidor de notificações inicializado
[2025-10-23T19:41:40.941Z] ℹ️ [INFO] 🚀 Servidor rodando na porta 3000
[2025-10-23T19:41:40.942Z] ℹ️ [INFO] 📱 Acesse a aplicação em http://localhost:3000
[2025-10-23T19:41:40.948Z] ℹ️ [INFO] [RASTREAMENTO] Integração de notificações em tempo real configurada
[2025-10-23T19:41:40.950Z] ℹ️ [INFO] ✅ Sistema de notificações em tempo real inicializado
[2025-10-23T19:41:40.952Z] ℹ️ [INFO] 🔌 WebSocket disponível em ws://localhost:3000
[2025-10-23T19:42:43.344Z] ❌ [ERROR] ❌ Erro no login: | coluna "nome_responsavel" não existe
[2025-10-23T19:46:05.691Z] ❌ [ERROR] ❌ Erro no login: | coluna "nome_responsavel" não existe
[2025-10-23T19:46:59.400Z] ℹ️ [INFO] Tabelas verificadas/criadas com sucesso.
[2025-10-23T19:46:59.403Z] ℹ️ [INFO] 🔄 Inicializando sistema de notificações em tempo real...
[2025-10-23T19:46:59.404Z] ℹ️ [INFO] [REALTIME-SERVER] Servidor de notificações inicializado
[2025-10-23T19:46:59.408Z] ℹ️ [INFO] 🚀 Servidor rodando na porta 3000
[2025-10-23T19:46:59.410Z] ℹ️ [INFO] 📱 Acesse a aplicação em http://localhost:3000
[2025-10-23T19:46:59.419Z] ℹ️ [INFO] [RASTREAMENTO] Integração de notificações em tempo real configurada
[2025-10-23T19:46:59.419Z] ℹ️ [INFO] ✅ Sistema de notificações em tempo real inicializado
[2025-10-23T19:46:59.420Z] ℹ️ [INFO] 🔌 WebSocket disponível em ws://localhost:3000
[2025-10-23T19:47:17.468Z] ❌ [ERROR] ❌ Erro no login: | coluna "nome_responsavel" não existe
[2025-10-23T19:50:19.357Z] ❌ [ERROR] ❌ Erro no login: | coluna "nome_responsavel" não existe
[2025-10-23T19:50:41.193Z] ℹ️ [INFO] Tabelas verificadas/criadas com sucesso.
[2025-10-23T19:50:41.196Z] ℹ️ [INFO] 🔄 Inicializando sistema de notificações em tempo real...
[2025-10-23T19:50:41.197Z] ℹ️ [INFO] [REALTIME-SERVER] Servidor de notificações inicializado
[2025-10-23T19:50:41.200Z] ℹ️ [INFO] 🚀 Servidor rodando na porta 3000
[2025-10-23T19:50:41.202Z] ℹ️ [INFO] 📱 Acesse a aplicação em http://localhost:3000
[2025-10-23T19:50:41.209Z] ℹ️ [INFO] [RASTREAMENTO] Integração de notificações em tempo real configurada
[2025-10-23T19:50:41.209Z] ℹ️ [INFO] ✅ Sistema de notificações em tempo real inicializado
[2025-10-23T19:50:41.210Z] ℹ️ [INFO] 🔌 WebSocket disponível em ws://localhost:3000
undefined[2025-10-23T19:50:51.491Z] 🔒 [SECURITY] Tentativa de login com dados inválidos | {"action":"login_failed","email":"[REDACTED]","ip":"::1","timestamp":"2025-10-23T19:50:51.491Z"}
undefined[2025-10-23T19:51:33.778Z] 🔒 [SECURITY] Tentativa de login com usuário inexistente | {"action":"login_success","email":"[REDACTED]","ip":"::1","timestamp":"2025-10-23T19:51:33.778Z"}
undefined[2025-10-23T19:51:44.184Z] 🔒 [SECURITY] Tentativa de login com usuário inexistente | {"action":"login_success","email":"[REDACTED]","ip":"::1","timestamp":"2025-10-23T19:51:44.184Z"}
[2025-10-23T19:53:09.526Z] ℹ️ [INFO] Tabelas verificadas/criadas com sucesso.
[2025-10-23T19:53:09.528Z] ℹ️ [INFO] 🔄 Inicializando sistema de notificações em tempo real...
[2025-10-23T19:53:09.529Z] ℹ️ [INFO] [REALTIME-SERVER] Servidor de notificações inicializado
[2025-10-23T19:53:09.546Z] ℹ️ [INFO] [RASTREAMENTO] Integração de notificações em tempo real configurada
[2025-10-23T19:53:09.546Z] ℹ️ [INFO] ✅ Sistema de notificações em tempo real inicializado
[2025-10-23T19:53:09.547Z] ℹ️ [INFO] 🔌 WebSocket disponível em ws://localhost:3000
undefined[2025-10-23T20:25:47.109Z] 🔒 [SECURITY] Tentativa de login com usuário inexistente | {"action":"login_success","email":"[REDACTED]","ip":"::1","timestamp":"2025-10-23T20:25:47.109Z"}
undefined[2025-10-23T20:25:48.733Z] 🔒 [SECURITY] Tentativa de login com senha incorreta | {"action":"token_validation","userId":42,"email":"[REDACTED]","ip":"::1","timestamp":"2025-10-23T20:25:48.733Z"}
[2025-10-23T20:25:48.813Z] ❌ [ERROR] Erro ao buscar dados da criança: | {"length":114,"name":"error","severity":"ERRO","code":"42703","position":"667","file":"parse_relation.c","line":"3721","routine":"errorMissingColumn"}
undefined[2025-10-23T20:25:54.403Z] 🔒 [SECURITY] Tentativa de login com senha incorreta | {"action":"token_validation","userId":42,"email":"[REDACTED]","ip":"::1","timestamp":"2025-10-23T20:25:54.403Z"}
undefined[2025-10-23T20:25:56.398Z] 🔒 [SECURITY] Tentativa de login com senha incorreta | {"action":"token_validation","userId":42,"email":"[REDACTED]","ip":"::1","timestamp":"2025-10-23T20:25:56.398Z"}
undefined[2025-10-23T20:26:18.801Z] 🔒 [SECURITY] Tentativa de login com senha incorreta | {"action":"token_validation","userId":42,"email":"[REDACTED]","ip":"::1","timestamp":"2025-10-23T20:26:18.801Z"}
undefined[2025-10-23T20:26:48.802Z] 🔒 [SECURITY] Tentativa de login com senha incorreta | {"action":"token_validation","userId":42,"email":"[REDACTED]","ip":"::1","timestamp":"2025-10-23T20:26:48.802Z"}
undefined[2025-10-23T20:27:18.798Z] 🔒 [SECURITY] Tentativa de login com senha incorreta | {"action":"token_validation","userId":42,"email":"[REDACTED]","ip":"::1","timestamp":"2025-10-23T20:27:18.798Z"}
undefined[2025-10-23T20:27:48.803Z] 🔒 [SECURITY] Tentativa de login com senha incorreta | {"action":"token_validation","userId":42,"email":"[REDACTED]","ip":"::1","timestamp":"2025-10-23T20:27:48.803Z"}
undefined[2025-10-23T20:28:18.813Z] 🔒 [SECURITY] Tentativa de login com senha incorreta | {"action":"token_validation","userId":42,"email":"[REDACTED]","ip":"::1","timestamp":"2025-10-23T20:28:18.813Z"}
undefined[2025-10-23T20:28:48.795Z] 🔒 [SECURITY] Tentativa de login com senha incorreta | {"action":"token_validation","userId":42,"email":"[REDACTED]","ip":"::1","timestamp":"2025-10-23T20:28:48.795Z"}
undefined[2025-10-23T20:29:19.897Z] 🔒 [SECURITY] Tentativa de login com senha incorreta | {"action":"token_validation","userId":42,"email":"[REDACTED]","ip":"::1","timestamp":"2025-10-23T20:29:19.897Z"}
undefined[2025-10-23T20:29:49.788Z] 🔒 [SECURITY] Tentativa de login com senha incorreta | {"action":"token_validation","userId":42,"email":"[REDACTED]","ip":"::1","timestamp":"2025-10-23T20:29:49.788Z"}
undefined[2025-10-23T20:30:50.815Z] 🔒 [SECURITY] Tentativa de login com senha incorreta | {"action":"token_validation","userId":42,"email":"[REDACTED]","ip":"::1","timestamp":"2025-10-23T20:30:50.815Z"}
undefined[2025-10-23T20:31:51.813Z] 🔒 [SECURITY] Tentativa de login com senha incorreta | {"action":"token_validation","userId":42,"email":"[REDACTED]","ip":"::1","timestamp":"2025-10-23T20:31:51.813Z"}
[2025-10-23T20:32:42.827Z] ℹ️ [INFO] 
📡 Recebido sinal SIGINT, iniciando shutdown gracioso...
undefined[2025-10-23T20:32:52.933Z] 🔒 [SECURITY] Tentativa de login com senha incorreta | {"action":"token_validation","userId":42,"email":"[REDACTED]","ip":"::1","timestamp":"2025-10-23T20:32:52.933Z"}
undefined[2025-10-23T20:33:53.827Z] 🔒 [SECURITY] Tentativa de login com senha incorreta | {"action":"token_validation","userId":42,"email":"[REDACTED]","ip":"::1","timestamp":"2025-10-23T20:33:53.827Z"}
undefined[2025-10-23T20:34:54.828Z] 🔒 [SECURITY] Tentativa de login com senha incorreta | {"action":"token_validation","userId":42,"email":"[REDACTED]","ip":"::1","timestamp":"2025-10-23T20:34:54.828Z"}
undefined[2025-10-23T20:34:54.903Z] 🔒 [SECURITY] Tentativa de login com usuário inexistente | {"action":"login_success","email":"[REDACTED]","ip":"::1","timestamp":"2025-10-23T20:34:54.903Z"}
[2025-10-23T20:34:54.921Z] ❌ [ERROR] Erro ao listar crianças do responsável: | {"length":101,"name":"error","severity":"ERRO","code":"42703","position":"256","file":"parse_relation.c","line":"3721","routine":"errorMissingColumn"}
undefined[2025-10-23T20:35:55.837Z] 🔒 [SECURITY] Tentativa de login com senha incorreta | {"action":"token_validation","userId":42,"email":"[REDACTED]","ip":"::1","timestamp":"2025-10-23T20:35:55.837Z"}
undefined[2025-10-23T20:36:41.421Z] 🔒 [SECURITY] Tentativa de login com usuário inexistente | {"action":"login_success","email":"[REDACTED]","ip":"::1","timestamp":"2025-10-23T20:36:41.421Z"}
[2025-10-23T20:36:41.436Z] ❌ [ERROR] Erro ao listar crianças do responsável: | {"length":101,"name":"error","severity":"ERRO","code":"42703","position":"256","file":"parse_relation.c","line":"3721","routine":"errorMissingColumn"}
undefined[2025-10-23T20:36:56.928Z] 🔒 [SECURITY] Tentativa de login com senha incorreta | {"action":"token_validation","userId":42,"email":"[REDACTED]","ip":"::1","timestamp":"2025-10-23T20:36:56.928Z"}
undefined[2025-10-23T20:37:50.904Z] 🔒 [SECURITY] Tentativa de login com usuário inexistente | {"action":"login_success","email":"[REDACTED]","ip":"::1","timestamp":"2025-10-23T20:37:50.904Z"}
[2025-10-23T20:37:50.916Z] ❌ [ERROR] Erro ao listar crianças do responsável: | {"length":101,"name":"error","severity":"ERRO","code":"42703","position":"256","file":"parse_relation.c","line":"3721","routine":"errorMissingColumn"}
undefined[2025-10-23T20:37:57.820Z] 🔒 [SECURITY] Tentativa de login com senha incorreta | {"action":"token_validation","userId":42,"email":"[REDACTED]","ip":"::1","timestamp":"2025-10-23T20:37:57.820Z"}
undefined[2025-10-23T20:38:58.834Z] 🔒 [SECURITY] Tentativa de login com senha incorreta | {"action":"token_validation","userId":42,"email":"[REDACTED]","ip":"::1","timestamp":"2025-10-23T20:38:58.834Z"}
undefined[2025-10-23T20:39:24.533Z] 🔒 [SECURITY] Tentativa de login com usuário inexistente | {"action":"login_success","email":"[REDACTED]","ip":"::1","timestamp":"2025-10-23T20:39:24.533Z"}
[2025-10-23T20:39:24.550Z] ❌ [ERROR] Erro ao listar crianças do responsável: | {"length":101,"name":"error","severity":"ERRO","code":"42703","position":"256","file":"parse_relation.c","line":"3721","routine":"errorMissingColumn"}
undefined[2025-10-23T20:39:59.923Z] 🔒 [SECURITY] Tentativa de login com senha incorreta | {"action":"token_validation","userId":42,"email":"[REDACTED]","ip":"::1","timestamp":"2025-10-23T20:39:59.923Z"}
undefined[2025-10-23T20:40:27.021Z] 🔒 [SECURITY] Tentativa de login com usuário inexistente | {"action":"login_success","email":"[REDACTED]","ip":"::1","timestamp":"2025-10-23T20:40:27.021Z"}
[2025-10-23T20:40:27.049Z] ❌ [ERROR] Erro ao listar crianças do responsável: | {"length":101,"name":"error","severity":"ERRO","code":"42703","position":"256","file":"parse_relation.c","line":"3721","routine":"errorMissingColumn"}
[2025-10-23T20:40:52.081Z] ℹ️ [INFO] Tabelas verificadas/criadas com sucesso.
[2025-10-23T20:40:52.084Z] ℹ️ [INFO] 🔄 Inicializando sistema de notificações em tempo real...
[2025-10-23T20:40:52.086Z] ℹ️ [INFO] [REALTIME-SERVER] Servidor de notificações inicializado
[2025-10-23T20:40:52.099Z] ℹ️ [INFO] 🚀 Servidor rodando na porta 3000
[2025-10-23T20:40:52.100Z] ℹ️ [INFO] 📱 Acesse a aplicação em http://localhost:3000
[2025-10-23T20:40:52.118Z] ℹ️ [INFO] [RASTREAMENTO] Integração de notificações em tempo real configurada
[2025-10-23T20:40:52.118Z] ℹ️ [INFO] ✅ Sistema de notificações em tempo real inicializado
[2025-10-23T20:40:52.119Z] ℹ️ [INFO] 🔌 WebSocket disponível em ws://localhost:3000
undefined[2025-10-23T20:41:00.847Z] 🔒 [SECURITY] Tentativa de login com senha incorreta | {"action":"token_validation","userId":42,"email":"[REDACTED]","ip":"::1","timestamp":"2025-10-23T20:41:00.846Z"}
undefined[2025-10-23T20:41:01.079Z] 🔒 [SECURITY] Tentativa de login com usuário inexistente | {"action":"login_success","email":"[REDACTED]","ip":"::1","timestamp":"2025-10-23T20:41:01.079Z"}
[2025-10-23T20:41:01.102Z] ❌ [ERROR] Erro ao listar crianças do responsável: | {"length":114,"name":"error","severity":"ERRO","code":"42703","position":"589","file":"parse_relation.c","line":"3721","routine":"errorMissingColumn"}
undefined[2025-10-23T20:41:41.331Z] 🔒 [SECURITY] Tentativa de login com usuário inexistente | {"action":"login_success","email":"[REDACTED]","ip":"::1","timestamp":"2025-10-23T20:41:41.331Z"}
[2025-10-23T20:41:41.358Z] ❌ [ERROR] Erro ao listar crianças do responsável: | {"length":114,"name":"error","severity":"ERRO","code":"42703","position":"589","file":"parse_relation.c","line":"3721","routine":"errorMissingColumn"}
undefined[2025-10-23T20:42:01.839Z] 🔒 [SECURITY] Tentativa de login com senha incorreta | {"action":"token_validation","userId":42,"email":"[REDACTED]","ip":"::1","timestamp":"2025-10-23T20:42:01.839Z"}
undefined[2025-10-23T20:42:36.328Z] 🔒 [SECURITY] Tentativa de login com usuário inexistente | {"action":"login_success","email":"[REDACTED]","ip":"::1","timestamp":"2025-10-23T20:42:36.328Z"}
[2025-10-23T20:42:36.348Z] ❌ [ERROR] Erro ao listar crianças do responsável: | {"length":114,"name":"error","severity":"ERRO","code":"42703","position":"589","file":"parse_relation.c","line":"3721","routine":"errorMissingColumn"}
undefined[2025-10-23T20:43:02.830Z] 🔒 [SECURITY] Tentativa de login com senha incorreta | {"action":"token_validation","userId":42,"email":"[REDACTED]","ip":"::1","timestamp":"2025-10-23T20:43:02.830Z"}
undefined[2025-10-23T20:43:05.749Z] 🔒 [SECURITY] Tentativa de login com usuário inexistente | {"action":"login_success","email":"[REDACTED]","ip":"::1","timestamp":"2025-10-23T20:43:05.749Z"}
[2025-10-23T20:43:05.760Z] ❌ [ERROR] Erro ao listar crianças do responsável: | {"length":114,"name":"error","severity":"ERRO","code":"42703","position":"589","file":"parse_relation.c","line":"3721","routine":"errorMissingColumn"}
undefined[2025-10-23T20:43:23.251Z] 🔒 [SECURITY] Tentativa de login com senha incorreta | {"action":"token_validation","userId":42,"email":"[REDACTED]","ip":"::1","timestamp":"2025-10-23T20:43:23.251Z"}
undefined[2025-10-23T20:43:23.259Z] 🔒 [SECURITY] Tentativa de login com senha incorreta | {"action":"token_validation","userId":42,"email":"[REDACTED]","ip":"::1","timestamp":"2025-10-23T20:43:23.259Z"}
undefined[2025-10-23T20:43:35.964Z] 🔒 [SECURITY] Tentativa de login com usuário inexistente | {"action":"login_success","email":"[REDACTED]","ip":"::1","timestamp":"2025-10-23T20:43:35.964Z"}
[2025-10-23T20:43:35.993Z] ❌ [ERROR] Erro ao listar crianças do responsável: | {"length":114,"name":"error","severity":"ERRO","code":"42703","position":"589","file":"parse_relation.c","line":"3721","routine":"errorMissingColumn"}
undefined[2025-10-23T20:43:49.782Z] 🔒 [SECURITY] Tentativa de login com senha incorreta | {"action":"token_validation","userId":42,"email":"[REDACTED]","ip":"::1","timestamp":"2025-10-23T20:43:49.781Z"}
undefined[2025-10-23T20:44:20.243Z] 🔒 [SECURITY] Tentativa de login com senha incorreta | {"action":"token_validation","userId":42,"email":"[REDACTED]","ip":"::1","timestamp":"2025-10-23T20:44:20.243Z"}
undefined[2025-10-23T20:45:15.816Z] 🔒 [SECURITY] Tentativa de login com senha incorreta | {"action":"token_validation","userId":42,"email":"[REDACTED]","ip":"::1","timestamp":"2025-10-23T20:45:15.816Z"}
undefined[2025-10-23T20:46:15.828Z] 🔒 [SECURITY] Tentativa de login com senha incorreta | {"action":"token_validation","userId":42,"email":"[REDACTED]","ip":"::1","timestamp":"2025-10-23T20:46:15.828Z"}
undefined[2025-10-23T20:47:15.830Z] 🔒 [SECURITY] Tentativa de login com senha incorreta | {"action":"token_validation","userId":42,"email":"[REDACTED]","ip":"::1","timestamp":"2025-10-23T20:47:15.830Z"}
undefined[2025-10-23T20:48:15.845Z] 🔒 [SECURITY] Tentativa de login com senha incorreta | {"action":"token_validation","userId":42,"email":"[REDACTED]","ip":"::1","timestamp":"2025-10-23T20:48:15.845Z"}
undefined[2025-10-23T20:49:15.845Z] 🔒 [SECURITY] Tentativa de login com senha incorreta | {"action":"token_validation","userId":42,"email":"[REDACTED]","ip":"::1","timestamp":"2025-10-23T20:49:15.845Z"}
undefined[2025-10-23T20:50:15.920Z] 🔒 [SECURITY] Tentativa de login com senha incorreta | {"action":"token_validation","userId":42,"email":"[REDACTED]","ip":"::1","timestamp":"2025-10-23T20:50:15.920Z"}
undefined[2025-10-23T20:51:15.818Z] 🔒 [SECURITY] Tentativa de login com senha incorreta | {"action":"token_validation","userId":42,"email":"[REDACTED]","ip":"::1","timestamp":"2025-10-23T20:51:15.818Z"}
undefined[2025-10-23T20:52:15.816Z] 🔒 [SECURITY] Tentativa de login com senha incorreta | {"action":"token_validation","userId":42,"email":"[REDACTED]","ip":"::1","timestamp":"2025-10-23T20:52:15.816Z"}
undefined[2025-10-23T20:53:15.812Z] 🔒 [SECURITY] Tentativa de login com senha incorreta | {"action":"token_validation","userId":42,"email":"[REDACTED]","ip":"::1","timestamp":"2025-10-23T20:53:15.812Z"}
undefined[2025-10-23T20:54:15.892Z] 🔒 [SECURITY] Tentativa de login com senha incorreta | {"action":"token_validation","userId":42,"email":"[REDACTED]","ip":"::1","timestamp":"2025-10-23T20:54:15.892Z"}
undefined[2025-10-23T20:55:15.837Z] 🔒 [SECURITY] Tentativa de login com senha incorreta | {"action":"token_validation","userId":42,"email":"[REDACTED]","ip":"::1","timestamp":"2025-10-23T20:55:15.837Z"}
undefined[2025-10-23T20:56:15.912Z] 🔒 [SECURITY] Tentativa de login com senha incorreta | {"action":"token_validation","userId":42,"email":"[REDACTED]","ip":"::1","timestamp":"2025-10-23T20:56:15.912Z"}
undefined[2025-10-23T20:57:15.837Z] 🔒 [SECURITY] Tentativa de login com senha incorreta | {"action":"token_validation","userId":42,"email":"[REDACTED]","ip":"::1","timestamp":"2025-10-23T20:57:15.837Z"}
undefined[2025-10-23T20:58:15.815Z] 🔒 [SECURITY] Tentativa de login com senha incorreta | {"action":"token_validation","userId":42,"email":"[REDACTED]","ip":"::1","timestamp":"2025-10-23T20:58:15.815Z"}
undefined[2025-10-23T20:59:15.859Z] 🔒 [SECURITY] Tentativa de login com senha incorreta | {"action":"token_validation","userId":42,"email":"[REDACTED]","ip":"::1","timestamp":"2025-10-23T20:59:15.859Z"}
undefined[2025-10-23T21:00:15.839Z] 🔒 [SECURITY] Tentativa de login com senha incorreta | {"action":"token_validation","userId":42,"email":"[REDACTED]","ip":"::1","timestamp":"2025-10-23T21:00:15.839Z"}
undefined[2025-10-23T21:01:15.822Z] 🔒 [SECURITY] Tentativa de login com senha incorreta | {"action":"token_validation","userId":42,"email":"[REDACTED]","ip":"::1","timestamp":"2025-10-23T21:01:15.822Z"}
undefined[2025-10-23T21:02:15.823Z] 🔒 [SECURITY] Tentativa de login com senha incorreta | {"action":"token_validation","userId":42,"email":"[REDACTED]","ip":"::1","timestamp":"2025-10-23T21:02:15.823Z"}
undefined[2025-10-23T21:03:15.817Z] 🔒 [SECURITY] Tentativa de login com senha incorreta | {"action":"token_validation","userId":42,"email":"[REDACTED]","ip":"::1","timestamp":"2025-10-23T21:03:15.817Z"}
undefined[2025-10-23T21:04:15.824Z] 🔒 [SECURITY] Tentativa de login com senha incorreta | {"action":"token_validation","userId":42,"email":"[REDACTED]","ip":"::1","timestamp":"2025-10-23T21:04:15.824Z"}
undefined[2025-10-23T21:04:56.354Z] 🔒 [SECURITY] Tentativa de login com senha incorreta | {"action":"token_validation","userId":42,"email":"[REDACTED]","ip":"::1","timestamp":"2025-10-23T21:04:56.354Z"}
undefined[2025-10-23T21:04:56.379Z] 🔒 [SECURITY] Tentativa de login com senha incorreta | {"action":"token_validation","userId":42,"email":"[REDACTED]","ip":"::1","timestamp":"2025-10-23T21:04:56.379Z"}
undefined[2025-10-23T21:04:56.380Z] 🔒 [SECURITY] Tentativa de login com senha incorreta | {"action":"token_validation","userId":42,"email":"[REDACTED]","ip":"::1","timestamp":"2025-10-23T21:04:56.380Z"}
undefined[2025-10-23T21:05:19.784Z] 🔒 [SECURITY] Tentativa de login com senha incorreta | {"action":"token_validation","userId":42,"email":"[REDACTED]","ip":"::1","timestamp":"2025-10-23T21:05:19.784Z"}
undefined[2025-10-23T21:05:49.781Z] 🔒 [SECURITY] Tentativa de login com senha incorreta | {"action":"token_validation","userId":42,"email":"[REDACTED]","ip":"::1","timestamp":"2025-10-23T21:05:49.781Z"}
undefined[2025-10-23T21:06:50.811Z] 🔒 [SECURITY] Tentativa de login com senha incorreta | {"action":"token_validation","userId":42,"email":"[REDACTED]","ip":"::1","timestamp":"2025-10-23T21:06:50.811Z"}
undefined[2025-10-23T21:07:51.808Z] 🔒 [SECURITY] Tentativa de login com senha incorreta | {"action":"token_validation","userId":42,"email":"[REDACTED]","ip":"::1","timestamp":"2025-10-23T21:07:51.808Z"}
undefined[2025-10-23T21:08:52.827Z] 🔒 [SECURITY] Tentativa de login com senha incorreta | {"action":"token_validation","userId":42,"email":"[REDACTED]","ip":"::1","timestamp":"2025-10-23T21:08:52.827Z"}
undefined[2025-10-23T21:09:53.844Z] 🔒 [SECURITY] Tentativa de login com senha incorreta | {"action":"token_validation","userId":42,"email":"[REDACTED]","ip":"::1","timestamp":"2025-10-23T21:09:53.844Z"}
undefined[2025-10-23T21:10:54.819Z] 🔒 [SECURITY] Tentativa de login com senha incorreta | {"action":"token_validation","userId":42,"email":"[REDACTED]","ip":"::1","timestamp":"2025-10-23T21:10:54.819Z"}
undefined[2025-10-23T21:11:55.818Z] 🔒 [SECURITY] Tentativa de login com senha incorreta | {"action":"token_validation","userId":42,"email":"[REDACTED]","ip":"::1","timestamp":"2025-10-23T21:11:55.818Z"}
[2025-10-23T21:12:54.105Z] ℹ️ [INFO] Tabelas verificadas/criadas com sucesso.
[2025-10-23T21:12:54.107Z] ℹ️ [INFO] 🔄 Inicializando sistema de notificações em tempo real...
[2025-10-23T21:12:54.109Z] ℹ️ [INFO] [REALTIME-SERVER] Servidor de notificações inicializado
[2025-10-23T21:12:54.130Z] ℹ️ [INFO] [RASTREAMENTO] Integração de notificações em tempo real configurada
[2025-10-23T21:12:54.130Z] ℹ️ [INFO] ✅ Sistema de notificações em tempo real inicializado
[2025-10-23T21:12:54.130Z] ℹ️ [INFO] 🔌 WebSocket disponível em ws://localhost:3000
undefined[2025-10-23T21:12:56.817Z] 🔒 [SECURITY] Tentativa de login com senha incorreta | {"action":"token_validation","userId":42,"email":"[REDACTED]","ip":"::1","timestamp":"2025-10-23T21:12:56.817Z"}
undefined[2025-10-23T21:13:02.880Z] 🔒 [SECURITY] Tentativa de login com senha incorreta | {"action":"token_validation","userId":42,"email":"[REDACTED]","ip":"::1","timestamp":"2025-10-23T21:13:02.880Z"}
undefined[2025-10-23T21:13:02.952Z] 🔒 [SECURITY] Tentativa de login com senha incorreta | {"action":"token_validation","userId":42,"email":"[REDACTED]","ip":"::1","timestamp":"2025-10-23T21:13:02.952Z"}
undefined[2025-10-23T21:13:05.655Z] 🔒 [SECURITY] Tentativa de login com senha incorreta | {"action":"token_validation","userId":42,"email":"[REDACTED]","ip":"::1","timestamp":"2025-10-23T21:13:05.655Z"}
[2025-10-23T21:13:19.516Z] ℹ️ [INFO] 
📡 Recebido sinal SIGINT, iniciando shutdown gracioso...
[2025-10-23T21:18:35.538Z] ℹ️ [INFO] 
📡 Recebido sinal SIGINT, iniciando shutdown gracioso...
[2025-10-23T21:18:41.793Z] ℹ️ [INFO] Tabelas verificadas/criadas com sucesso.
[2025-10-23T21:18:41.796Z] ℹ️ [INFO] 🔄 Inicializando sistema de notificações em tempo real...
[2025-10-23T21:18:41.797Z] ℹ️ [INFO] [REALTIME-SERVER] Servidor de notificações inicializado
[2025-10-23T21:18:41.801Z] ℹ️ [INFO] 🚀 Servidor rodando na porta 3000
[2025-10-23T21:18:41.802Z] ℹ️ [INFO] 📱 Acesse a aplicação em http://localhost:3000
[2025-10-23T21:18:41.811Z] ℹ️ [INFO] [RASTREAMENTO] Integração de notificações em tempo real configurada
[2025-10-23T21:18:41.811Z] ℹ️ [INFO] ✅ Sistema de notificações em tempo real inicializado
[2025-10-23T21:18:41.812Z] ℹ️ [INFO] 🔌 WebSocket disponível em ws://localhost:3000
undefined[2025-10-23T21:19:23.779Z] 🔒 [SECURITY] Tentativa de login com usuário inexistente | {"action":"login_success","email":"[REDACTED]","ip":"::1","timestamp":"2025-10-23T21:19:23.778Z"}
undefined[2025-10-23T21:19:25.381Z] 🔒 [SECURITY] Tentativa de login com senha incorreta | {"action":"token_validation","userId":43,"email":"[REDACTED]","ip":"::1","timestamp":"2025-10-23T21:19:25.381Z"}
[2025-10-23T21:19:25.401Z] ❌ [ERROR] Erro ao buscar dados da criança: | {"length":114,"name":"error","severity":"ERRO","code":"42703","position":"667","file":"parse_relation.c","line":"3721","routine":"errorMissingColumn"}
undefined[2025-10-23T21:19:29.012Z] 🔒 [SECURITY] Tentativa de login com senha incorreta | {"action":"token_validation","userId":43,"email":"[REDACTED]","ip":"::1","timestamp":"2025-10-23T21:19:29.012Z"}
undefined[2025-10-23T21:19:55.400Z] 🔒 [SECURITY] Tentativa de login com senha incorreta | {"action":"token_validation","userId":43,"email":"[REDACTED]","ip":"::1","timestamp":"2025-10-23T21:19:55.400Z"}
undefined[2025-10-23T21:19:59.171Z] 🔒 [SECURITY] Tentativa de login com senha incorreta | {"action":"token_validation","userId":43,"email":"[REDACTED]","ip":"::1","timestamp":"2025-10-23T21:19:59.171Z"}
undefined[2025-10-23T21:20:11.045Z] 🔒 [SECURITY] Tentativa de login com usuário inexistente | {"action":"login_success","email":"[REDACTED]","ip":"::1","timestamp":"2025-10-23T21:20:11.045Z"}
undefined[2025-10-23T21:20:12.676Z] 🔒 [SECURITY] Tentativa de login com senha incorreta | {"action":"token_validation","userId":44,"email":"[REDACTED]","ip":"::1","timestamp":"2025-10-23T21:20:12.675Z"}
undefined[2025-10-23T21:20:19.289Z] 🔒 [SECURITY] Tentativa de login com senha incorreta | {"action":"token_validation","userId":44,"email":"[REDACTED]","ip":"::1","timestamp":"2025-10-23T21:20:19.289Z"}
undefined[2025-10-23T21:20:42.440Z] 🔒 [SECURITY] Tentativa de login com usuário inexistente | {"action":"login_success","email":"[REDACTED]","ip":"::1","timestamp":"2025-10-23T21:20:42.440Z"}
undefined[2025-10-23T21:21:04.561Z] 🔒 [SECURITY] Tentativa de login com usuário inexistente | {"action":"login_success","email":"[REDACTED]","ip":"::1","timestamp":"2025-10-23T21:21:04.561Z"}
undefined[2025-10-23T21:25:30.154Z] 🔒 [SECURITY] Tentativa de login com usuário inexistente | {"action":"login_success","email":"[REDACTED]","ip":"::1","timestamp":"2025-10-23T21:25:30.154Z"}
undefined[2025-10-23T21:25:45.178Z] 🔒 [SECURITY] Tentativa de login com usuário inexistente | {"action":"login_success","email":"[REDACTED]","ip":"::1","timestamp":"2025-10-23T21:25:45.178Z"}
[2025-10-23T21:26:03.074Z] ℹ️ [INFO] 
📡 Recebido sinal SIGINT, iniciando shutdown gracioso...
[2025-10-23T21:26:10.075Z] ℹ️ [INFO] Tabelas verificadas/criadas com sucesso.
[2025-10-23T21:26:10.077Z] ℹ️ [INFO] 🔄 Inicializando sistema de notificações em tempo real...
[2025-10-23T21:26:10.078Z] ℹ️ [INFO] [REALTIME-SERVER] Servidor de notificações inicializado
[2025-10-23T21:26:10.081Z] ℹ️ [INFO] 🚀 Servidor rodando na porta 3000
[2025-10-23T21:26:10.081Z] ℹ️ [INFO] 📱 Acesse a aplicação em http://localhost:3000
[2025-10-23T21:26:10.088Z] ℹ️ [INFO] [RASTREAMENTO] Integração de notificações em tempo real configurada
[2025-10-23T21:26:10.088Z] ℹ️ [INFO] ✅ Sistema de notificações em tempo real inicializado
[2025-10-23T21:26:10.089Z] ℹ️ [INFO] 🔌 WebSocket disponível em ws://localhost:3000
undefined[2025-10-23T21:26:30.084Z] 🔒 [SECURITY] Tentativa de login com usuário inexistente | {"action":"login_success","email":"[REDACTED]","ip":"::1","timestamp":"2025-10-23T21:26:30.084Z"}
[2025-10-23T21:28:13.409Z] ℹ️ [INFO] 
📡 Recebido sinal SIGINT, iniciando shutdown gracioso...
[2025-10-23T21:28:26.326Z] ℹ️ [INFO] Tabelas verificadas/criadas com sucesso.
[2025-10-23T21:28:26.328Z] ℹ️ [INFO] 🔄 Inicializando sistema de notificações em tempo real...
[2025-10-23T21:28:26.329Z] ℹ️ [INFO] [REALTIME-SERVER] Servidor de notificações inicializado
[2025-10-23T21:28:26.333Z] ℹ️ [INFO] 🚀 Servidor rodando na porta 3000
[2025-10-23T21:28:26.334Z] ℹ️ [INFO] 📱 Acesse a aplicação em http://localhost:3000
[2025-10-23T21:28:26.340Z] ℹ️ [INFO] [RASTREAMENTO] Integração de notificações em tempo real configurada
[2025-10-23T21:28:26.341Z] ℹ️ [INFO] ✅ Sistema de notificações em tempo real inicializado
[2025-10-23T21:28:26.341Z] ℹ️ [INFO] 🔌 WebSocket disponível em ws://localhost:3000
undefined[2025-10-23T21:28:35.211Z] 🔒 [SECURITY] Login realizado com sucesso | {"action":"login_success","email":"[REDACTED]","ip":"::1","timestamp":"2025-10-23T21:28:35.211Z"}
undefined[2025-10-23T21:31:57.052Z] 🔒 [SECURITY] Login realizado com sucesso | {"action":"login_success","email":"[REDACTED]","ip":"::1","timestamp":"2025-10-23T21:31:57.052Z"}
[2025-10-23T22:09:57.875Z] ℹ️ [INFO] Tabelas verificadas/criadas com sucesso.
[2025-10-23T22:09:57.883Z] ℹ️ [INFO] 🔄 Inicializando sistema de notificações em tempo real...
[2025-10-23T22:09:57.885Z] ℹ️ [INFO] [REALTIME-SERVER] Servidor de notificações inicializado
[2025-10-23T22:09:57.893Z] ℹ️ [INFO] 🚀 Servidor rodando na porta 3000
[2025-10-23T22:09:57.894Z] ℹ️ [INFO] 📱 Acesse a aplicação em http://localhost:3000
[2025-10-23T22:09:57.940Z] ℹ️ [INFO] [RASTREAMENTO] Integração de notificações em tempo real configurada
[2025-10-23T22:09:57.941Z] ℹ️ [INFO] ✅ Sistema de notificações em tempo real inicializado
[2025-10-23T22:09:57.941Z] ℹ️ [INFO] 🔌 WebSocket disponível em ws://localhost:3000
[2025-10-23T22:18:01.672Z] ℹ️ [INFO] 
📡 Recebido sinal SIGINT, iniciando shutdown gracioso...
[2025-10-23T22:22:01.312Z] ℹ️ [INFO] Tabelas verificadas/criadas com sucesso.
[2025-10-23T22:22:01.317Z] ℹ️ [INFO] 🔄 Inicializando sistema de notificações em tempo real...
[2025-10-23T22:22:01.320Z] ℹ️ [INFO] [REALTIME-SERVER] Servidor de notificações inicializado
[2025-10-23T22:22:01.330Z] ℹ️ [INFO] 🚀 Servidor rodando na porta 3000
[2025-10-23T22:22:01.331Z] ℹ️ [INFO] 📱 Acesse a aplicação em http://localhost:3000
[2025-10-23T22:22:01.391Z] ℹ️ [INFO] [RASTREAMENTO] Integração de notificações em tempo real configurada
[2025-10-23T22:22:01.392Z] ℹ️ [INFO] ✅ Sistema de notificações em tempo real inicializado
[2025-10-23T22:22:01.392Z] ℹ️ [INFO] 🔌 WebSocket disponível em ws://localhost:3000
[2025-10-23T22:27:57.586Z] ❌ [ERROR] Erro ao buscar CEP: | {}
[2025-10-23T22:28:02.740Z] ❌ [ERROR] Erro ao buscar CEP: | {}
[2025-10-23T22:28:07.777Z] ❌ [ERROR] Erro ao buscar CEP: | {}
[2025-10-23T22:28:12.793Z] ❌ [ERROR] Erro ao buscar CEP: | {}
[2025-10-23T22:35:14.648Z] ℹ️ [INFO] 
📡 Recebido sinal SIGINT, iniciando shutdown gracioso...
[2025-10-23T22:35:27.132Z] ℹ️ [INFO] Tabelas verificadas/criadas com sucesso.
[2025-10-23T22:35:27.142Z] ℹ️ [INFO] 🔄 Inicializando sistema de notificações em tempo real...
[2025-10-23T22:35:27.145Z] ℹ️ [INFO] [REALTIME-SERVER] Servidor de notificações inicializado
[2025-10-23T22:35:27.164Z] ℹ️ [INFO] 🚀 Servidor rodando na porta 3000
[2025-10-23T22:35:27.167Z] ℹ️ [INFO] 📱 Acesse a aplicação em http://localhost:3000
[2025-10-23T22:35:27.212Z] ℹ️ [INFO] [RASTREAMENTO] Integração de notificações em tempo real configurada
[2025-10-23T22:35:27.213Z] ℹ️ [INFO] ✅ Sistema de notificações em tempo real inicializado
[2025-10-23T22:35:27.214Z] ℹ️ [INFO] 🔌 WebSocket disponível em ws://localhost:3000
[2025-10-23T22:40:38.927Z] ℹ️ [INFO] Tabelas verificadas/criadas com sucesso.
[2025-10-23T22:40:38.931Z] ℹ️ [INFO] 🔄 Inicializando sistema de notificações em tempo real...
[2025-10-23T22:40:38.932Z] ℹ️ [INFO] [REALTIME-SERVER] Servidor de notificações inicializado
[2025-10-23T22:40:38.977Z] ℹ️ [INFO] [RASTREAMENTO] Integração de notificações em tempo real configurada
[2025-10-23T22:40:38.978Z] ℹ️ [INFO] ✅ Sistema de notificações em tempo real inicializado
[2025-10-23T22:40:38.978Z] ℹ️ [INFO] 🔌 WebSocket disponível em ws://localhost:3000
[2025-10-23T22:43:57.434Z] ℹ️ [INFO] 
📡 Recebido sinal SIGINT, iniciando shutdown gracioso...
[2025-10-23T22:45:46.239Z] ℹ️ [INFO] Tabelas verificadas/criadas com sucesso.
[2025-10-23T22:45:46.242Z] ℹ️ [INFO] 🔄 Inicializando sistema de notificações em tempo real...
[2025-10-23T22:45:46.244Z] ℹ️ [INFO] [REALTIME-SERVER] Servidor de notificações inicializado
[2025-10-23T22:45:46.266Z] ℹ️ [INFO] [RASTREAMENTO] Integração de notificações em tempo real configurada
[2025-10-23T22:45:46.267Z] ℹ️ [INFO] ✅ Sistema de notificações em tempo real inicializado
[2025-10-23T22:45:46.268Z] ℹ️ [INFO] 🔌 WebSocket disponível em ws://localhost:3000
[2025-10-23T22:47:01.997Z] ℹ️ [INFO] 
📡 Recebido sinal SIGINT, iniciando shutdown gracioso...
[2025-10-23T22:49:37.237Z] ℹ️ [INFO] Tabelas verificadas/criadas com sucesso.
[2025-10-23T22:49:37.241Z] ℹ️ [INFO] 🔄 Inicializando sistema de notificações em tempo real...
[2025-10-23T22:49:37.244Z] ℹ️ [INFO] [REALTIME-SERVER] Servidor de notificações inicializado
[2025-10-23T22:49:37.280Z] ℹ️ [INFO] [RASTREAMENTO] Integração de notificações em tempo real configurada
[2025-10-23T22:49:37.282Z] ℹ️ [INFO] ✅ Sistema de notificações em tempo real inicializado
[2025-10-23T22:49:37.285Z] ℹ️ [INFO] 🔌 WebSocket disponível em ws://localhost:3000
[2025-10-23T22:49:45.869Z] ℹ️ [INFO] 
📡 Recebido sinal SIGINT, iniciando shutdown gracioso...
[2025-10-23T22:50:15.260Z] ℹ️ [INFO] 
📡 Recebido sinal SIGINT, iniciando shutdown gracioso...
[2025-10-23T22:50:25.767Z] ℹ️ [INFO] Tabelas verificadas/criadas com sucesso.
[2025-10-23T22:50:25.772Z] ℹ️ [INFO] 🔄 Inicializando sistema de notificações em tempo real...
[2025-10-23T22:50:25.774Z] ℹ️ [INFO] [REALTIME-SERVER] Servidor de notificações inicializado
[2025-10-23T22:50:25.780Z] ℹ️ [INFO] 🚀 Servidor rodando na porta 3000
[2025-10-23T22:50:25.781Z] ℹ️ [INFO] 📱 Acesse a aplicação em http://localhost:3000
[2025-10-23T22:50:25.795Z] ℹ️ [INFO] [RASTREAMENTO] Integração de notificações em tempo real configurada
[2025-10-23T22:50:25.796Z] ℹ️ [INFO] ✅ Sistema de notificações em tempo real inicializado
[2025-10-23T22:50:25.797Z] ℹ️ [INFO] 🔌 WebSocket disponível em ws://localhost:3000
[2025-10-23T22:50:50.500Z] ⚠️ [WARN] ViaCEP falhou para CEP 88790000: | CEP não encontrado no ViaCEP
[2025-10-23T22:50:58.005Z] ⚠️ [WARN] Correios também falhou para CEP 88790000: | Erro ao processar resposta da API
[2025-10-23T22:50:58.010Z] ❌ [ERROR] Erro ao buscar CEP: | {}
[2025-10-23T22:53:04.474Z] ℹ️ [INFO] 
📡 Recebido sinal SIGINT, iniciando shutdown gracioso...
[2025-10-23T22:53:52.270Z] ℹ️ [INFO] Tabelas verificadas/criadas com sucesso.
[2025-10-23T22:53:52.274Z] ℹ️ [INFO] 🔄 Inicializando sistema de notificações em tempo real...
[2025-10-23T22:53:52.278Z] ℹ️ [INFO] [REALTIME-SERVER] Servidor de notificações inicializado
[2025-10-23T22:53:52.294Z] ℹ️ [INFO] 🚀 Servidor rodando na porta 3000
[2025-10-23T22:53:52.295Z] ℹ️ [INFO] 📱 Acesse a aplicação em http://localhost:3000
[2025-10-23T22:53:52.316Z] ℹ️ [INFO] [RASTREAMENTO] Integração de notificações em tempo real configurada
[2025-10-23T22:53:52.317Z] ℹ️ [INFO] ✅ Sistema de notificações em tempo real inicializado
[2025-10-23T22:53:52.318Z] ℹ️ [INFO] 🔌 WebSocket disponível em ws://localhost:3000
[2025-10-23T22:54:07.862Z] ⚠️ [WARN] ViaCEP falhou para CEP 88790000: | CEP não encontrado no ViaCEP
[2025-10-23T22:54:20.076Z] ⚠️ [WARN] Correios também falhou para CEP 88790000: | Timeout na requisição
[2025-10-23T22:54:20.079Z] ❌ [ERROR] Erro ao buscar CEP: | {}
[2025-10-23T22:54:29.911Z] ⚠️ [WARN] ViaCEP falhou para CEP 88790000: | CEP não encontrado no ViaCEP
[2025-10-23T22:54:32.293Z] ⚠️ [WARN] Correios também falhou para CEP 88790000: | Erro ao processar resposta da API
[2025-10-23T22:54:32.295Z] ❌ [ERROR] Erro ao buscar CEP: | {}
[2025-10-23T22:54:35.102Z] ⚠️ [WARN] ViaCEP falhou para CEP 88790000: | CEP não encontrado no ViaCEP
[2025-10-23T22:54:36.076Z] ⚠️ [WARN] Correios também falhou para CEP 88790000: | Erro ao processar resposta da API
[2025-10-23T22:54:36.081Z] ❌ [ERROR] Erro ao buscar CEP: | {}
[2025-10-23T22:54:39.672Z] ⚠️ [WARN] ViaCEP falhou para CEP 88790000: | CEP não encontrado no ViaCEP
[2025-10-23T22:54:39.766Z] ⚠️ [WARN] Correios também falhou para CEP 88790000: | Erro ao processar resposta da API
[2025-10-23T22:54:39.771Z] ❌ [ERROR] Erro ao buscar CEP: | {}
[2025-10-23T22:55:02.096Z] ⚠️ [WARN] ViaCEP falhou para CEP 88790000: | CEP não encontrado no ViaCEP
[2025-10-23T22:55:11.368Z] ⚠️ [WARN] Correios também falhou para CEP 88790000: | Erro ao processar resposta da API
[2025-10-23T22:55:11.371Z] ❌ [ERROR] Erro ao buscar CEP: | {}
[2025-10-23T22:58:19.469Z] ℹ️ [INFO] 
📡 Recebido sinal SIGINT, iniciando shutdown gracioso...
[2025-10-23T22:58:20.232Z] ℹ️ [INFO] Tabelas verificadas/criadas com sucesso.
[2025-10-23T22:58:20.235Z] ℹ️ [INFO] 🔄 Inicializando sistema de notificações em tempo real...
[2025-10-23T22:58:20.237Z] ℹ️ [INFO] [REALTIME-SERVER] Servidor de notificações inicializado
[2025-10-23T22:58:20.244Z] ℹ️ [INFO] 🚀 Servidor rodando na porta 3000
[2025-10-23T22:58:20.245Z] ℹ️ [INFO] 📱 Acesse a aplicação em http://localhost:3000
[2025-10-23T22:58:20.264Z] ℹ️ [INFO] [RASTREAMENTO] Integração de notificações em tempo real configurada
[2025-10-23T22:58:20.265Z] ℹ️ [INFO] ✅ Sistema de notificações em tempo real inicializado
[2025-10-23T22:58:20.266Z] ℹ️ [INFO] 🔌 WebSocket disponível em ws://localhost:3000
[2025-10-23T22:58:46.826Z] ⚠️ [WARN] ViaCEP falhou para CEP 88790000: | CEP não encontrado no ViaCEP
[2025-10-23T22:58:47.117Z] ⚠️ [WARN] Correios também falhou para CEP 88790000: | Erro ao processar resposta da API
[2025-10-23T22:58:47.119Z] ❌ [ERROR] Erro ao buscar CEP: | {}
[2025-10-23T22:59:46.271Z] ℹ️ [INFO] 
📡 Recebido sinal SIGINT, iniciando shutdown gracioso...
[2025-10-23T22:59:50.407Z] ℹ️ [INFO] Tabelas verificadas/criadas com sucesso.
[2025-10-23T22:59:50.413Z] ℹ️ [INFO] 🔄 Inicializando sistema de notificações em tempo real...
[2025-10-23T22:59:50.416Z] ℹ️ [INFO] [REALTIME-SERVER] Servidor de notificações inicializado
[2025-10-23T22:59:50.444Z] ℹ️ [INFO] 🚀 Servidor rodando na porta 3000
[2025-10-23T22:59:50.448Z] ℹ️ [INFO] 📱 Acesse a aplicação em http://localhost:3000
[2025-10-23T22:59:50.462Z] ℹ️ [INFO] [RASTREAMENTO] Integração de notificações em tempo real configurada
[2025-10-23T22:59:50.467Z] ℹ️ [INFO] ✅ Sistema de notificações em tempo real inicializado
[2025-10-23T22:59:50.468Z] ℹ️ [INFO] 🔌 WebSocket disponível em ws://localhost:3000
[2025-10-23T23:00:13.367Z] ⚠️ [WARN] ViaCEP falhou para CEP 88790000: | read ECONNRESET
[2025-10-23T23:00:13.722Z] ⚠️ [WARN] Correios também falhou para CEP 88790000: | Erro ao processar resposta da API
[2025-10-23T23:00:13.724Z] ❌ [ERROR] Erro ao buscar CEP: | {"errno":-4077,"code":"ECONNRESET","syscall":"read"}
[2025-10-23T23:22:17.615Z] ℹ️ [INFO] Tabelas verificadas/criadas com sucesso.
[2025-10-23T23:22:17.619Z] ℹ️ [INFO] 🔄 Inicializando sistema de notificações em tempo real...
[2025-10-23T23:22:17.622Z] ℹ️ [INFO] [REALTIME-SERVER] Servidor de notificações inicializado
[2025-10-23T23:22:17.631Z] ℹ️ [INFO] 🚀 Servidor rodando na porta 3000
[2025-10-23T23:22:17.632Z] ℹ️ [INFO] 📱 Acesse a aplicação em http://localhost:3000
[2025-10-23T23:22:17.655Z] ℹ️ [INFO] [RASTREAMENTO] Integração de notificações em tempo real configurada
[2025-10-23T23:22:17.657Z] ℹ️ [INFO] ✅ Sistema de notificações em tempo real inicializado
[2025-10-23T23:22:17.659Z] ℹ️ [INFO] 🔌 WebSocket disponível em ws://localhost:3000
undefined[2025-10-23T23:24:16.852Z] 🔒 [SECURITY] Tentativa de login com dados inválidos | {"action":"login_failed","email":"[REDACTED]","ip":"::1","timestamp":"2025-10-23T23:24:16.852Z"}
undefined[2025-10-23T23:24:37.800Z] 🔒 [SECURITY] Tentativa de login com dados inválidos | {"action":"login_failed","email":"[REDACTED]","ip":"::1","timestamp":"2025-10-23T23:24:37.800Z"}
undefined[2025-10-23T23:24:50.366Z] 🔒 [SECURITY] Tentativa de login com dados inválidos | {"action":"login_failed","email":"[REDACTED]","ip":"::1","timestamp":"2025-10-23T23:24:50.366Z"}
[2025-10-23T23:25:46.161Z] ℹ️ [INFO] Tabelas verificadas/criadas com sucesso.
[2025-10-23T23:25:46.166Z] ℹ️ [INFO] 🔄 Inicializando sistema de notificações em tempo real...
[2025-10-23T23:25:46.168Z] ℹ️ [INFO] [REALTIME-SERVER] Servidor de notificações inicializado
[2025-10-23T23:25:46.195Z] ℹ️ [INFO] [RASTREAMENTO] Integração de notificações em tempo real configurada
[2025-10-23T23:25:46.198Z] ℹ️ [INFO] ✅ Sistema de notificações em tempo real inicializado
[2025-10-23T23:25:46.198Z] ℹ️ [INFO] 🔌 WebSocket disponível em ws://localhost:3000
[2025-10-23T23:27:11.234Z] ℹ️ [INFO] Tabelas verificadas/criadas com sucesso.
[2025-10-23T23:27:11.238Z] ℹ️ [INFO] 🔄 Inicializando sistema de notificações em tempo real...
[2025-10-23T23:27:11.240Z] ℹ️ [INFO] [REALTIME-SERVER] Servidor de notificações inicializado
[2025-10-23T23:27:11.260Z] ℹ️ [INFO] [RASTREAMENTO] Integração de notificações em tempo real configurada
[2025-10-23T23:27:11.260Z] ℹ️ [INFO] ✅ Sistema de notificações em tempo real inicializado
[2025-10-23T23:27:11.261Z] ℹ️ [INFO] 🔌 WebSocket disponível em ws://localhost:3000
undefined[2025-10-23T23:31:50.939Z] 🔒 [SECURITY] Login realizado com sucesso | {"action":"login_success","email":"[REDACTED]","ip":"::1","timestamp":"2025-10-23T23:31:50.939Z"}
undefined[2025-10-23T23:31:52.582Z] 🔒 [SECURITY] Tentativa de login com senha incorreta | {"action":"token_validation","userId":47,"email":"[REDACTED]","ip":"::1","timestamp":"2025-10-23T23:31:52.582Z"}
[2025-10-23T23:31:52.715Z] ❌ [ERROR] Erro ao buscar dados da criança: | {"length":114,"name":"error","severity":"ERRO","code":"42703","position":"667","file":"parse_relation.c","line":"3721","routine":"errorMissingColumn"}
undefined[2025-10-23T23:31:55.792Z] 🔒 [SECURITY] Tentativa de login com senha incorreta | {"action":"token_validation","userId":47,"email":"[REDACTED]","ip":"::1","timestamp":"2025-10-23T23:31:55.792Z"}
undefined[2025-10-23T23:32:23.609Z] 🔒 [SECURITY] Tentativa de login com senha incorreta | {"action":"token_validation","userId":47,"email":"[REDACTED]","ip":"::1","timestamp":"2025-10-23T23:32:23.609Z"}
undefined[2025-10-23T23:32:28.563Z] 🔒 [SECURITY] Tentativa de login com senha incorreta | {"action":"token_validation","userId":47,"email":"[REDACTED]","ip":"::1","timestamp":"2025-10-23T23:32:28.563Z"}
undefined[2025-10-23T23:32:28.635Z] 🔒 [SECURITY] Tentativa de login com senha incorreta | {"action":"token_validation","userId":47,"email":"[REDACTED]","ip":"::1","timestamp":"2025-10-23T23:32:28.635Z"}
undefined[2025-10-23T23:32:34.070Z] 🔒 [SECURITY] Tentativa de login com senha incorreta | {"action":"token_validation","userId":47,"email":"[REDACTED]","ip":"::1","timestamp":"2025-10-23T23:32:34.070Z"}
[2025-10-23T23:32:34.107Z] ❌ [ERROR] Erro ao buscar dados da criança: | {"length":114,"name":"error","severity":"ERRO","code":"42703","position":"667","file":"parse_relation.c","line":"3721","routine":"errorMissingColumn"}
undefined[2025-10-23T23:32:53.787Z] 🔒 [SECURITY] Tentativa de login com senha incorreta | {"action":"token_validation","userId":47,"email":"[REDACTED]","ip":"::1","timestamp":"2025-10-23T23:32:53.787Z"}
undefined[2025-10-23T23:32:53.803Z] 🔒 [SECURITY] Tentativa de login com senha incorreta | {"action":"token_validation","userId":47,"email":"[REDACTED]","ip":"::1","timestamp":"2025-10-23T23:32:53.803Z"}
undefined[2025-10-23T23:33:04.103Z] 🔒 [SECURITY] Tentativa de login com senha incorreta | {"action":"token_validation","userId":47,"email":"[REDACTED]","ip":"::1","timestamp":"2025-10-23T23:33:04.103Z"}
undefined[2025-10-23T23:33:34.105Z] 🔒 [SECURITY] Tentativa de login com senha incorreta | {"action":"token_validation","userId":47,"email":"[REDACTED]","ip":"::1","timestamp":"2025-10-23T23:33:34.105Z"}
undefined[2025-10-23T23:34:04.676Z] 🔒 [SECURITY] Tentativa de login com senha incorreta | {"action":"token_validation","userId":47,"email":"[REDACTED]","ip":"::1","timestamp":"2025-10-23T23:34:04.676Z"}
undefined[2025-10-23T23:34:34.601Z] 🔒 [SECURITY] Tentativa de login com senha incorreta | {"action":"token_validation","userId":47,"email":"[REDACTED]","ip":"::1","timestamp":"2025-10-23T23:34:34.601Z"}
undefined[2025-10-23T23:34:53.496Z] 🔒 [SECURITY] Tentativa de login com senha incorreta | {"action":"token_validation","userId":47,"email":"[REDACTED]","ip":"::1","timestamp":"2025-10-23T23:34:53.496Z"}
undefined[2025-10-23T23:34:53.564Z] 🔒 [SECURITY] Tentativa de login com senha incorreta | {"action":"token_validation","userId":47,"email":"[REDACTED]","ip":"::1","timestamp":"2025-10-23T23:34:53.564Z"}
undefined[2025-10-23T23:35:04.106Z] 🔒 [SECURITY] Tentativa de login com senha incorreta | {"action":"token_validation","userId":47,"email":"[REDACTED]","ip":"::1","timestamp":"2025-10-23T23:35:04.106Z"}
undefined[2025-10-23T23:35:34.662Z] 🔒 [SECURITY] Tentativa de login com senha incorreta | {"action":"token_validation","userId":47,"email":"[REDACTED]","ip":"::1","timestamp":"2025-10-23T23:35:34.662Z"}
undefined[2025-10-23T23:36:04.596Z] 🔒 [SECURITY] Tentativa de login com senha incorreta | {"action":"token_validation","userId":47,"email":"[REDACTED]","ip":"::1","timestamp":"2025-10-23T23:36:04.596Z"}
undefined[2025-10-23T23:36:18.232Z] 🔒 [SECURITY] Tentativa de login com senha incorreta | {"action":"token_validation","userId":47,"email":"[REDACTED]","ip":"::1","timestamp":"2025-10-23T23:36:18.232Z"}
undefined[2025-10-23T23:36:18.253Z] 🔒 [SECURITY] Tentativa de login com senha incorreta | {"action":"token_validation","userId":47,"email":"[REDACTED]","ip":"::1","timestamp":"2025-10-23T23:36:18.253Z"}
undefined[2025-10-23T23:36:34.101Z] 🔒 [SECURITY] Tentativa de login com senha incorreta | {"action":"token_validation","userId":47,"email":"[REDACTED]","ip":"::1","timestamp":"2025-10-23T23:36:34.101Z"}
undefined[2025-10-23T23:37:04.653Z] 🔒 [SECURITY] Tentativa de login com senha incorreta | {"action":"token_validation","userId":47,"email":"[REDACTED]","ip":"::1","timestamp":"2025-10-23T23:37:04.653Z"}
undefined[2025-10-23T23:37:34.606Z] 🔒 [SECURITY] Tentativa de login com senha incorreta | {"action":"token_validation","userId":47,"email":"[REDACTED]","ip":"::1","timestamp":"2025-10-23T23:37:34.606Z"}
undefined[2025-10-23T23:38:14.866Z] 🔒 [SECURITY] Tentativa de login com senha incorreta | {"action":"token_validation","userId":47,"email":"[REDACTED]","ip":"::1","timestamp":"2025-10-23T23:38:14.866Z"}
undefined[2025-10-23T23:39:14.698Z] 🔒 [SECURITY] Tentativa de login com senha incorreta | {"action":"token_validation","userId":47,"email":"[REDACTED]","ip":"::1","timestamp":"2025-10-23T23:39:14.698Z"}
undefined[2025-10-23T23:40:14.678Z] 🔒 [SECURITY] Tentativa de login com senha incorreta | {"action":"token_validation","userId":47,"email":"[REDACTED]","ip":"::1","timestamp":"2025-10-23T23:40:14.677Z"}
undefined[2025-10-23T23:41:14.683Z] 🔒 [SECURITY] Tentativa de login com senha incorreta | {"action":"token_validation","userId":47,"email":"[REDACTED]","ip":"::1","timestamp":"2025-10-23T23:41:14.683Z"}
undefined[2025-10-23T23:42:14.659Z] 🔒 [SECURITY] Tentativa de login com senha incorreta | {"action":"token_validation","userId":47,"email":"[REDACTED]","ip":"::1","timestamp":"2025-10-23T23:42:14.659Z"}
undefined[2025-10-23T23:43:14.681Z] 🔒 [SECURITY] Tentativa de login com senha incorreta | {"action":"token_validation","userId":47,"email":"[REDACTED]","ip":"::1","timestamp":"2025-10-23T23:43:14.681Z"}
undefined[2025-10-23T23:44:14.658Z] 🔒 [SECURITY] Tentativa de login com senha incorreta | {"action":"token_validation","userId":47,"email":"[REDACTED]","ip":"::1","timestamp":"2025-10-23T23:44:14.658Z"}
undefined[2025-10-23T23:45:14.725Z] 🔒 [SECURITY] Tentativa de login com senha incorreta | {"action":"token_validation","userId":47,"email":"[REDACTED]","ip":"::1","timestamp":"2025-10-23T23:45:14.725Z"}
undefined[2025-10-23T23:45:35.357Z] 🔒 [SECURITY] Tentativa de login com senha incorreta | {"action":"token_validation","userId":47,"email":"[REDACTED]","ip":"::1","timestamp":"2025-10-23T23:45:35.357Z"}
undefined[2025-10-23T23:45:35.405Z] 🔒 [SECURITY] Tentativa de login com senha incorreta | {"action":"token_validation","userId":47,"email":"[REDACTED]","ip":"::1","timestamp":"2025-10-23T23:45:35.405Z"}
undefined[2025-10-23T23:45:35.422Z] 🔒 [SECURITY] Tentativa de login com senha incorreta | {"action":"token_validation","userId":47,"email":"[REDACTED]","ip":"::1","timestamp":"2025-10-23T23:45:35.421Z"}
undefined[2025-10-23T23:45:36.590Z] 🔒 [SECURITY] Tentativa de login com senha incorreta | {"action":"token_validation","userId":47,"email":"[REDACTED]","ip":"::1","timestamp":"2025-10-23T23:45:36.590Z"}
[2025-10-23T23:45:36.612Z] ❌ [ERROR] Erro ao buscar dados da criança: | {"length":114,"name":"error","severity":"ERRO","code":"42703","position":"667","file":"parse_relation.c","line":"3721","routine":"errorMissingColumn"}
undefined[2025-10-23T23:46:06.705Z] 🔒 [SECURITY] Tentativa de login com senha incorreta | {"action":"token_validation","userId":47,"email":"[REDACTED]","ip":"::1","timestamp":"2025-10-23T23:46:06.705Z"}
undefined[2025-10-23T23:46:36.609Z] 🔒 [SECURITY] Tentativa de login com senha incorreta | {"action":"token_validation","userId":47,"email":"[REDACTED]","ip":"::1","timestamp":"2025-10-23T23:46:36.609Z"}
undefined[2025-10-23T23:46:43.090Z] 🔒 [SECURITY] Tentativa de login com senha incorreta | {"action":"token_validation","userId":47,"email":"[REDACTED]","ip":"::1","timestamp":"2025-10-23T23:46:43.090Z"}
undefined[2025-10-23T23:47:07.595Z] 🔒 [SECURITY] Tentativa de login com senha incorreta | {"action":"token_validation","userId":47,"email":"[REDACTED]","ip":"::1","timestamp":"2025-10-23T23:47:07.595Z"}
undefined[2025-10-23T23:47:37.595Z] 🔒 [SECURITY] Tentativa de login com senha incorreta | {"action":"token_validation","userId":47,"email":"[REDACTED]","ip":"::1","timestamp":"2025-10-23T23:47:37.595Z"}
undefined[2025-10-23T23:48:07.598Z] 🔒 [SECURITY] Tentativa de login com senha incorreta | {"action":"token_validation","userId":47,"email":"[REDACTED]","ip":"::1","timestamp":"2025-10-23T23:48:07.598Z"}
undefined[2025-10-23T23:48:37.593Z] 🔒 [SECURITY] Tentativa de login com senha incorreta | {"action":"token_validation","userId":47,"email":"[REDACTED]","ip":"::1","timestamp":"2025-10-23T23:48:37.593Z"}
undefined[2025-10-23T23:49:07.609Z] 🔒 [SECURITY] Tentativa de login com senha incorreta | {"action":"token_validation","userId":47,"email":"[REDACTED]","ip":"::1","timestamp":"2025-10-23T23:49:07.609Z"}
undefined[2025-10-23T23:50:08.760Z] 🔒 [SECURITY] Tentativa de login com senha incorreta | {"action":"token_validation","userId":47,"email":"[REDACTED]","ip":"::1","timestamp":"2025-10-23T23:50:08.760Z"}
undefined[2025-10-23T23:51:09.646Z] 🔒 [SECURITY] Tentativa de login com senha incorreta | {"action":"token_validation","userId":47,"email":"[REDACTED]","ip":"::1","timestamp":"2025-10-23T23:51:09.646Z"}
undefined[2025-10-23T23:52:10.678Z] 🔒 [SECURITY] Tentativa de login com senha incorreta | {"action":"token_validation","userId":47,"email":"[REDACTED]","ip":"::1","timestamp":"2025-10-23T23:52:10.678Z"}
undefined[2025-10-23T23:52:22.259Z] 🔒 [SECURITY] Tentativa de login com senha incorreta | {"action":"token_validation","userId":47,"email":"[REDACTED]","ip":"::1","timestamp":"2025-10-23T23:52:22.259Z"}
undefined[2025-10-23T23:52:22.267Z] 🔒 [SECURITY] Tentativa de login com senha incorreta | {"action":"token_validation","userId":47,"email":"[REDACTED]","ip":"::1","timestamp":"2025-10-23T23:52:22.267Z"}
undefined[2025-10-23T23:52:26.725Z] 🔒 [SECURITY] Tentativa de login com senha incorreta | {"action":"token_validation","userId":47,"email":"[REDACTED]","ip":"::1","timestamp":"2025-10-23T23:52:26.725Z"}
undefined[2025-10-23T23:53:02.669Z] 🔒 [SECURITY] Login realizado com sucesso | {"action":"login_success","email":"[REDACTED]","ip":"::1","timestamp":"2025-10-23T23:53:02.669Z"}
undefined[2025-10-23T23:53:04.382Z] 🔒 [SECURITY] Tentativa de login com senha incorreta | {"action":"token_validation","userId":47,"email":"[REDACTED]","ip":"::1","timestamp":"2025-10-23T23:53:04.381Z"}
[2025-10-23T23:53:04.460Z] ❌ [ERROR] Erro ao buscar dados da criança: | {"length":114,"name":"error","severity":"ERRO","code":"42703","position":"667","file":"parse_relation.c","line":"3721","routine":"errorMissingColumn"}
undefined[2025-10-23T23:53:08.498Z] 🔒 [SECURITY] Tentativa de login com senha incorreta | {"action":"token_validation","userId":47,"email":"[REDACTED]","ip":"::1","timestamp":"2025-10-23T23:53:08.498Z"}
undefined[2025-10-23T23:53:34.456Z] 🔒 [SECURITY] Tentativa de login com senha incorreta | {"action":"token_validation","userId":47,"email":"[REDACTED]","ip":"::1","timestamp":"2025-10-23T23:53:34.456Z"}
undefined[2025-10-23T23:53:53.435Z] 🔒 [SECURITY] Tentativa de login com senha incorreta | {"action":"token_validation","userId":47,"email":"[REDACTED]","ip":"::1","timestamp":"2025-10-23T23:53:53.435Z"}
undefined[2025-10-23T23:53:53.624Z] 🔒 [SECURITY] Tentativa de login com senha incorreta | {"action":"token_validation","userId":47,"email":"[REDACTED]","ip":"::1","timestamp":"2025-10-23T23:53:53.624Z"}
undefined[2025-10-23T23:54:04.444Z] 🔒 [SECURITY] Tentativa de login com senha incorreta | {"action":"token_validation","userId":47,"email":"[REDACTED]","ip":"::1","timestamp":"2025-10-23T23:54:04.444Z"}
undefined[2025-10-23T23:54:34.445Z] 🔒 [SECURITY] Tentativa de login com senha incorreta | {"action":"token_validation","userId":47,"email":"[REDACTED]","ip":"::1","timestamp":"2025-10-23T23:54:34.445Z"}
undefined[2025-10-23T23:55:04.449Z] 🔒 [SECURITY] Tentativa de login com senha incorreta | {"action":"token_validation","userId":47,"email":"[REDACTED]","ip":"::1","timestamp":"2025-10-23T23:55:04.449Z"}
undefined[2025-10-24T00:00:29.588Z] 🔒 [SECURITY] Login realizado com sucesso | {"action":"login_success","email":"[REDACTED]","ip":"::1","timestamp":"2025-10-24T00:00:29.588Z"}
undefined[2025-10-24T00:00:31.373Z] 🔒 [SECURITY] Tentativa de login com senha incorreta | {"action":"token_validation","userId":47,"email":"[REDACTED]","ip":"::1","timestamp":"2025-10-24T00:00:31.372Z"}
[2025-10-24T00:00:31.487Z] ❌ [ERROR] Erro ao buscar dados da criança: | {"length":114,"name":"error","severity":"ERRO","code":"42703","position":"667","file":"parse_relation.c","line":"3721","routine":"errorMissingColumn"}
undefined[2025-10-24T00:00:33.356Z] 🔒 [SECURITY] Tentativa de login com senha incorreta | {"action":"token_validation","userId":47,"email":"[REDACTED]","ip":"::1","timestamp":"2025-10-24T00:00:33.356Z"}
undefined[2025-10-24T00:01:01.600Z] 🔒 [SECURITY] Tentativa de login com senha incorreta | {"action":"token_validation","userId":47,"email":"[REDACTED]","ip":"::1","timestamp":"2025-10-24T00:01:01.600Z"}
undefined[2025-10-24T00:01:13.966Z] 🔒 [SECURITY] Tentativa de login com senha incorreta | {"action":"token_validation","userId":47,"email":"[REDACTED]","ip":"::1","timestamp":"2025-10-24T00:01:13.966Z"}
undefined[2025-10-24T00:01:13.993Z] 🔒 [SECURITY] Tentativa de login com senha incorreta | {"action":"token_validation","userId":47,"email":"[REDACTED]","ip":"::1","timestamp":"2025-10-24T00:01:13.993Z"}
undefined[2025-10-24T00:01:31.605Z] 🔒 [SECURITY] Tentativa de login com senha incorreta | {"action":"token_validation","userId":47,"email":"[REDACTED]","ip":"::1","timestamp":"2025-10-24T00:01:31.605Z"}
undefined[2025-10-24T00:02:01.607Z] 🔒 [SECURITY] Tentativa de login com senha incorreta | {"action":"token_validation","userId":47,"email":"[REDACTED]","ip":"::1","timestamp":"2025-10-24T00:02:01.607Z"}
undefined[2025-10-24T00:02:31.594Z] 🔒 [SECURITY] Tentativa de login com senha incorreta | {"action":"token_validation","userId":47,"email":"[REDACTED]","ip":"::1","timestamp":"2025-10-24T00:02:31.594Z"}
undefined[2025-10-24T00:03:01.728Z] 🔒 [SECURITY] Tentativa de login com senha incorreta | {"action":"token_validation","userId":47,"email":"[REDACTED]","ip":"::1","timestamp":"2025-10-24T00:03:01.728Z"}
undefined[2025-10-24T00:03:31.608Z] 🔒 [SECURITY] Tentativa de login com senha incorreta | {"action":"token_validation","userId":47,"email":"[REDACTED]","ip":"::1","timestamp":"2025-10-24T00:03:31.608Z"}
undefined[2025-10-24T00:04:01.600Z] 🔒 [SECURITY] Tentativa de login com senha incorreta | {"action":"token_validation","userId":47,"email":"[REDACTED]","ip":"::1","timestamp":"2025-10-24T00:04:01.600Z"}
undefined[2025-10-24T00:05:02.695Z] 🔒 [SECURITY] Tentativa de login com senha incorreta | {"action":"token_validation","userId":47,"email":"[REDACTED]","ip":"::1","timestamp":"2025-10-24T00:05:02.695Z"}
undefined[2025-10-24T00:06:03.698Z] 🔒 [SECURITY] Tentativa de login com senha incorreta | {"action":"token_validation","userId":47,"email":"[REDACTED]","ip":"::1","timestamp":"2025-10-24T00:06:03.698Z"}
undefined[2025-10-24T00:07:04.703Z] 🔒 [SECURITY] Tentativa de login com senha incorreta | {"action":"token_validation","userId":47,"email":"[REDACTED]","ip":"::1","timestamp":"2025-10-24T00:07:04.703Z"}
undefined[2025-10-24T00:08:05.686Z] 🔒 [SECURITY] Tentativa de login com senha incorreta | {"action":"token_validation","userId":47,"email":"[REDACTED]","ip":"::1","timestamp":"2025-10-24T00:08:05.686Z"}
undefined[2025-10-24T00:09:06.794Z] 🔒 [SECURITY] Tentativa de login com senha incorreta | {"action":"token_validation","userId":47,"email":"[REDACTED]","ip":"::1","timestamp":"2025-10-24T00:09:06.794Z"}
undefined[2025-10-24T00:09:28.237Z] 🔒 [SECURITY] Tentativa de login com senha incorreta | {"action":"token_validation","userId":47,"email":"[REDACTED]","ip":"::1","timestamp":"2025-10-24T00:09:28.237Z"}
undefined[2025-10-24T00:09:28.248Z] 🔒 [SECURITY] Tentativa de login com senha incorreta | {"action":"token_validation","userId":47,"email":"[REDACTED]","ip":"::1","timestamp":"2025-10-24T00:09:28.247Z"}
[2025-10-24T04:36:06.815Z] ℹ️ [INFO] Tabelas verificadas/criadas com sucesso.
[2025-10-24T04:36:06.821Z] ℹ️ [INFO] 🔄 Inicializando sistema de notificações em tempo real...
[2025-10-24T04:36:06.823Z] ℹ️ [INFO] [REALTIME-SERVER] Servidor de notificações inicializado
[2025-10-24T04:36:06.830Z] ℹ️ [INFO] 🚀 Servidor rodando na porta 3000
[2025-10-24T04:36:06.831Z] ℹ️ [INFO] 📱 Acesse a aplicação em http://localhost:3000
[2025-10-24T04:36:06.877Z] ℹ️ [INFO] [RASTREAMENTO] Integração de notificações em tempo real configurada
[2025-10-24T04:36:06.878Z] ℹ️ [INFO] ✅ Sistema de notificações em tempo real inicializado
[2025-10-24T04:36:06.879Z] ℹ️ [INFO] 🔌 WebSocket disponível em ws://localhost:3000
undefined[2025-10-24T04:36:45.106Z] 🔒 [SECURITY] Login realizado com sucesso | {"action":"login_success","email":"[REDACTED]","ip":"::1","timestamp":"2025-10-24T04:36:45.106Z"}
[2025-10-24T05:42:37.094Z] ℹ️ [INFO] Tabelas verificadas/criadas com sucesso.
[2025-10-24T05:42:37.097Z] ℹ️ [INFO] 🔄 Inicializando sistema de notificações em tempo real...
[2025-10-24T05:42:37.098Z] ℹ️ [INFO] [REALTIME-SERVER] Servidor de notificações inicializado
[2025-10-24T05:42:37.114Z] ℹ️ [INFO] [RASTREAMENTO] Integração de notificações em tempo real configurada
[2025-10-24T05:42:37.115Z] ℹ️ [INFO] ✅ Sistema de notificações em tempo real inicializado
[2025-10-24T05:42:37.116Z] ℹ️ [INFO] 🔌 WebSocket disponível em ws://localhost:3000
[2025-10-24T06:00:31.104Z] ℹ️ [INFO] Tabelas verificadas/criadas com sucesso.
[2025-10-24T06:00:31.107Z] ℹ️ [INFO] 🔄 Inicializando sistema de notificações em tempo real...
[2025-10-24T06:00:31.108Z] ℹ️ [INFO] [REALTIME-SERVER] Servidor de notificações inicializado
[2025-10-24T06:00:31.113Z] ℹ️ [INFO] 🚀 Servidor rodando na porta 3000
[2025-10-24T06:00:31.114Z] ℹ️ [INFO] 📱 Acesse a aplicação em http://localhost:3000
[2025-10-24T06:00:31.123Z] ℹ️ [INFO] [RASTREAMENTO] Integração de notificações em tempo real configurada
[2025-10-24T06:00:31.124Z] ℹ️ [INFO] ✅ Sistema de notificações em tempo real inicializado
[2025-10-24T06:00:31.124Z] ℹ️ [INFO] 🔌 WebSocket disponível em ws://localhost:3000
[2025-10-24T06:21:04.402Z] ℹ️ [INFO] 
📡 Recebido sinal SIGINT, iniciando shutdown gracioso...
[2025-10-24T06:21:17.670Z] ℹ️ [INFO] Tabelas verificadas/criadas com sucesso.
[2025-10-24T06:21:17.675Z] ℹ️ [INFO] 🔄 Inicializando sistema de notificações em tempo real...
[2025-10-24T06:21:17.677Z] ℹ️ [INFO] [REALTIME-SERVER] Servidor de notificações inicializado
[2025-10-24T06:21:17.690Z] ℹ️ [INFO] 🚀 Servidor rodando na porta 3000
[2025-10-24T06:21:17.690Z] ℹ️ [INFO] 📱 Acesse a aplicação em http://localhost:3000
[2025-10-24T06:21:17.699Z] ℹ️ [INFO] [RASTREAMENTO] Integração de notificações em tempo real configurada
[2025-10-24T06:21:17.700Z] ℹ️ [INFO] ✅ Sistema de notificações em tempo real inicializado
[2025-10-24T06:21:17.701Z] ℹ️ [INFO] 🔌 WebSocket disponível em ws://localhost:3000
[2025-10-24T06:28:55.526Z] ℹ️ [INFO] 
📡 Recebido sinal SIGINT, iniciando shutdown gracioso...
[2025-10-24T06:29:18.089Z] ℹ️ [INFO] Tabelas verificadas/criadas com sucesso.
[2025-10-24T06:29:18.091Z] ℹ️ [INFO] 🔄 Inicializando sistema de notificações em tempo real...
[2025-10-24T06:29:18.092Z] ℹ️ [INFO] [REALTIME-SERVER] Servidor de notificações inicializado
[2025-10-24T06:29:18.098Z] ℹ️ [INFO] 🚀 Servidor rodando na porta 3000
[2025-10-24T06:29:18.099Z] ℹ️ [INFO] 📱 Acesse a aplicação em http://localhost:3000
[2025-10-24T06:29:18.108Z] ℹ️ [INFO] [RASTREAMENTO] Integração de notificações em tempo real configurada
[2025-10-24T06:29:18.108Z] ℹ️ [INFO] ✅ Sistema de notificações em tempo real inicializado
[2025-10-24T06:29:18.108Z] ℹ️ [INFO] 🔌 WebSocket disponível em ws://localhost:3000
[2025-10-24T06:34:54.870Z] ℹ️ [INFO] 
📡 Recebido sinal SIGINT, iniciando shutdown gracioso...
[2025-10-24T06:35:08.968Z] ℹ️ [INFO] Tabelas verificadas/criadas com sucesso.
[2025-10-24T06:35:08.975Z] ℹ️ [INFO] 🔄 Inicializando sistema de notificações em tempo real...
[2025-10-24T06:35:08.977Z] ℹ️ [INFO] [REALTIME-SERVER] Servidor de notificações inicializado
[2025-10-24T06:35:08.982Z] ℹ️ [INFO] 🚀 Servidor rodando na porta 3000
[2025-10-24T06:35:08.983Z] ℹ️ [INFO] 📱 Acesse a aplicação em http://localhost:3000
[2025-10-24T06:35:08.996Z] ℹ️ [INFO] [RASTREAMENTO] Integração de notificações em tempo real configurada
[2025-10-24T06:35:08.996Z] ℹ️ [INFO] ✅ Sistema de notificações em tempo real inicializado
[2025-10-24T06:35:08.997Z] ℹ️ [INFO] 🔌 WebSocket disponível em ws://localhost:3000
[2025-10-24T17:04:48.735Z] ℹ️ [INFO] Tabelas verificadas/criadas com sucesso.
[2025-10-24T17:04:48.743Z] ℹ️ [INFO] 🔄 Inicializando sistema de notificações em tempo real...
[2025-10-24T17:04:48.746Z] ℹ️ [INFO] [REALTIME-SERVER] Servidor de notificações inicializado
[2025-10-24T17:04:48.756Z] ℹ️ [INFO] 🚀 Servidor rodando na porta 3000
[2025-10-24T17:04:48.756Z] ℹ️ [INFO] 📱 Acesse a aplicação em http://localhost:3000
[2025-10-24T17:04:48.809Z] ℹ️ [INFO] [RASTREAMENTO] Integração de notificações em tempo real configurada
[2025-10-24T17:04:48.809Z] ℹ️ [INFO] ✅ Sistema de notificações em tempo real inicializado
[2025-10-24T17:04:48.810Z] ℹ️ [INFO] 🔌 WebSocket disponível em ws://localhost:3000
[2025-10-24T21:06:48.565Z] ℹ️ [INFO] 
📡 Recebido sinal SIGINT, iniciando shutdown gracioso...
[2025-10-24T21:07:59.600Z] ℹ️ [INFO] Tabelas verificadas/criadas com sucesso.
[2025-10-24T21:07:59.605Z] ℹ️ [INFO] 🔄 Inicializando sistema de notificações em tempo real...
[2025-10-24T21:07:59.610Z] ℹ️ [INFO] [REALTIME-SERVER] Servidor de notificações inicializado
[2025-10-24T21:07:59.622Z] ℹ️ [INFO] 🚀 Servidor rodando na porta 3000
[2025-10-24T21:07:59.623Z] ℹ️ [INFO] 📱 Acesse a aplicação em http://localhost:3000
[2025-10-24T21:07:59.679Z] ℹ️ [INFO] [RASTREAMENTO] Integração de notificações em tempo real configurada
[2025-10-24T21:07:59.679Z] ℹ️ [INFO] ✅ Sistema de notificações em tempo real inicializado
[2025-10-24T21:07:59.680Z] ℹ️ [INFO] 🔌 WebSocket disponível em ws://localhost:3000
[2025-10-24T21:46:02.587Z] ℹ️ [INFO] Tabelas verificadas/criadas com sucesso.
[2025-10-24T21:46:02.590Z] ℹ️ [INFO] 🔄 Inicializando sistema de notificações em tempo real...
[2025-10-24T21:46:02.590Z] ℹ️ [INFO] [REALTIME-SERVER] Servidor de notificações inicializado
[2025-10-24T21:46:02.625Z] ℹ️ [INFO] [RASTREAMENTO] Integração de notificações em tempo real configurada
[2025-10-24T21:46:02.626Z] ℹ️ [INFO] ✅ Sistema de notificações em tempo real inicializado
[2025-10-24T21:46:02.626Z] ℹ️ [INFO] 🔌 WebSocket disponível em ws://localhost:3000
[2025-10-24T21:46:38.102Z] ℹ️ [INFO] Tabelas verificadas/criadas com sucesso.
[2025-10-24T21:46:38.105Z] ℹ️ [INFO] 🔄 Inicializando sistema de notificações em tempo real...
[2025-10-24T21:46:38.108Z] ℹ️ [INFO] [REALTIME-SERVER] Servidor de notificações inicializado
[2025-10-24T21:46:38.112Z] ℹ️ [INFO] 🚀 Servidor rodando na porta 3000
[2025-10-24T21:46:38.113Z] ℹ️ [INFO] 📱 Acesse a aplicação em http://localhost:3000
[2025-10-24T21:46:38.127Z] ℹ️ [INFO] [RASTREAMENTO] Integração de notificações em tempo real configurada
[2025-10-24T21:46:38.127Z] ℹ️ [INFO] ✅ Sistema de notificações em tempo real inicializado
[2025-10-24T21:46:38.128Z] ℹ️ [INFO] 🔌 WebSocket disponível em ws://localhost:3000
[2025-10-25T04:12:35.820Z] ℹ️ [INFO] Tabelas verificadas/criadas com sucesso.
[2025-10-25T04:12:35.850Z] ℹ️ [INFO] 🔄 Inicializando sistema de notificações em tempo real...
[2025-10-25T04:12:35.855Z] ℹ️ [INFO] [REALTIME-SERVER] Servidor de notificações inicializado
[2025-10-25T04:12:35.886Z] ℹ️ [INFO] 🚀 Servidor rodando na porta 3000
[2025-10-25T04:12:35.888Z] ℹ️ [INFO] 📱 Acesse a aplicação em http://localhost:3000
[2025-10-25T04:12:36.029Z] ℹ️ [INFO] [RASTREAMENTO] Integração de notificações em tempo real configurada
[2025-10-25T04:12:36.030Z] ℹ️ [INFO] ✅ Sistema de notificações em tempo real inicializado
[2025-10-25T04:12:36.031Z] ℹ️ [INFO] 🔌 WebSocket disponível em ws://localhost:3000
undefined[2025-10-25T04:17:37.892Z] 🔒 [SECURITY] Login realizado com sucesso | {"action":"login_success","email":"[REDACTED]","ip":"::1","timestamp":"2025-10-25T04:17:37.892Z"}
[2025-10-25T06:14:04.458Z] ℹ️ [INFO] Tabelas verificadas/criadas com sucesso.
[2025-10-25T06:14:04.468Z] ℹ️ [INFO] 🔄 Inicializando sistema de notificações em tempo real...
[2025-10-25T06:14:04.471Z] ℹ️ [INFO] [REALTIME-SERVER] Servidor de notificações inicializado
[2025-10-25T06:14:04.484Z] ℹ️ [INFO] 🚀 Servidor rodando na porta 3000
[2025-10-25T06:14:04.485Z] ℹ️ [INFO] 📱 Acesse a aplicação em http://localhost:3000
[2025-10-25T06:14:04.579Z] ℹ️ [INFO] [RASTREAMENTO] Integração de notificações em tempo real configurada
[2025-10-25T06:14:04.581Z] ℹ️ [INFO] ✅ Sistema de notificações em tempo real inicializado
[2025-10-25T06:14:04.582Z] ℹ️ [INFO] 🔌 WebSocket disponível em ws://localhost:3000
[2025-10-25T08:14:54.090Z] ℹ️ [INFO] 
📡 Recebido sinal SIGINT, iniciando shutdown gracioso...
[2025-10-25T08:15:22.247Z] ℹ️ [INFO] Tabelas verificadas/criadas com sucesso.
[2025-10-25T08:15:22.249Z] ℹ️ [INFO] 🔄 Inicializando sistema de notificações em tempo real...
[2025-10-25T08:15:22.250Z] ℹ️ [INFO] [REALTIME-SERVER] Servidor de notificações inicializado
[2025-10-25T08:15:22.253Z] ℹ️ [INFO] 🚀 Servidor rodando na porta 3000
[2025-10-25T08:15:22.254Z] ℹ️ [INFO] 📱 Acesse a aplicação em http://localhost:3000
[2025-10-25T08:15:22.280Z] ℹ️ [INFO] [RASTREAMENTO] Integração de notificações em tempo real configurada
[2025-10-25T08:15:22.280Z] ℹ️ [INFO] ✅ Sistema de notificações em tempo real inicializado
[2025-10-25T08:15:22.280Z] ℹ️ [INFO] 🔌 WebSocket disponível em ws://localhost:3000
undefined[2025-10-25T08:29:41.760Z] 🔒 [SECURITY] Login realizado com sucesso | {"action":"login_success","email":"[REDACTED]","ip":"::1","timestamp":"2025-10-25T08:29:41.760Z"}
[2025-10-25T08:38:59.933Z] ℹ️ [INFO] 
📡 Recebido sinal SIGINT, iniciando shutdown gracioso...
[2025-10-25T08:39:09.389Z] ℹ️ [INFO] Tabelas verificadas/criadas com sucesso.
[2025-10-25T08:39:09.394Z] ℹ️ [INFO] 🔄 Inicializando sistema de notificações em tempo real...
[2025-10-25T08:39:09.396Z] ℹ️ [INFO] [REALTIME-SERVER] Servidor de notificações inicializado
[2025-10-25T08:39:09.405Z] ℹ️ [INFO] 🚀 Servidor rodando na porta 3000
[2025-10-25T08:39:09.406Z] ℹ️ [INFO] 📱 Acesse a aplicação em http://localhost:3000
[2025-10-25T08:39:09.427Z] ℹ️ [INFO] [RASTREAMENTO] Integração de notificações em tempo real configurada
[2025-10-25T08:39:09.427Z] ℹ️ [INFO] ✅ Sistema de notificações em tempo real inicializado
[2025-10-25T08:39:09.428Z] ℹ️ [INFO] 🔌 WebSocket disponível em ws://localhost:3000
[2025-10-25T08:42:02.954Z] ℹ️ [INFO] Tabelas verificadas/criadas com sucesso.
[2025-10-25T08:42:02.957Z] ℹ️ [INFO] 🔄 Inicializando sistema de notificações em tempo real...
[2025-10-25T08:42:02.959Z] ℹ️ [INFO] [REALTIME-SERVER] Servidor de notificações inicializado
[2025-10-25T08:42:02.978Z] ℹ️ [INFO] [RASTREAMENTO] Integração de notificações em tempo real configurada
[2025-10-25T08:42:02.978Z] ℹ️ [INFO] ✅ Sistema de notificações em tempo real inicializado
[2025-10-25T08:42:02.979Z] ℹ️ [INFO] 🔌 WebSocket disponível em ws://localhost:3000
[2025-10-25T08:42:43.609Z] ℹ️ [INFO] Tabelas verificadas/criadas com sucesso.
[2025-10-25T08:42:43.613Z] ℹ️ [INFO] 🔄 Inicializando sistema de notificações em tempo real...
[2025-10-25T08:42:43.615Z] ℹ️ [INFO] [REALTIME-SERVER] Servidor de notificações inicializado
[2025-10-25T08:42:43.621Z] ℹ️ [INFO] 🚀 Servidor rodando na porta 3000
[2025-10-25T08:42:43.622Z] ℹ️ [INFO] 📱 Acesse a aplicação em http://localhost:3000
[2025-10-25T08:42:43.632Z] ℹ️ [INFO] [RASTREAMENTO] Integração de notificações em tempo real configurada
[2025-10-25T08:42:43.633Z] ℹ️ [INFO] ✅ Sistema de notificações em tempo real inicializado
[2025-10-25T08:42:43.634Z] ℹ️ [INFO] 🔌 WebSocket disponível em ws://localhost:3000
undefined[2025-10-25T08:43:14.363Z] 🔒 [SECURITY] Tentativa de login com senha incorreta | {"action":"token_validation","userId":42,"email":"[REDACTED]","ip":"::1","timestamp":"2025-10-25T08:43:14.363Z"}
[2025-10-25T08:43:14.414Z] ❌ [ERROR] Erro ao buscar dados da criança: | {"length":114,"name":"error","severity":"ERRO","code":"42703","position":"667","file":"parse_relation.c","line":"3721","routine":"errorMissingColumn"}
undefined[2025-10-25T08:43:44.982Z] 🔒 [SECURITY] Tentativa de login com senha incorreta | {"action":"token_validation","userId":42,"email":"[REDACTED]","ip":"::1","timestamp":"2025-10-25T08:43:44.982Z"}
undefined[2025-10-25T08:44:01.751Z] 🔒 [SECURITY] Tentativa de login com senha incorreta | {"action":"token_validation","userId":42,"email":"[REDACTED]","ip":"::1","timestamp":"2025-10-25T08:44:01.751Z"}
undefined[2025-10-25T08:44:01.819Z] 🔒 [SECURITY] Tentativa de login com senha incorreta | {"action":"token_validation","userId":42,"email":"[REDACTED]","ip":"::1","timestamp":"2025-10-25T08:44:01.819Z"}
undefined[2025-10-25T08:44:06.851Z] 🔒 [SECURITY] Tentativa de login com senha incorreta | {"action":"token_validation","userId":42,"email":"[REDACTED]","ip":"::1","timestamp":"2025-10-25T08:44:06.851Z"}
undefined[2025-10-25T08:44:06.856Z] 🔒 [SECURITY] Tentativa de login com senha incorreta | {"action":"token_validation","userId":42,"email":"[REDACTED]","ip":"::1","timestamp":"2025-10-25T08:44:06.856Z"}
undefined[2025-10-25T08:44:06.982Z] 🔒 [SECURITY] Tentativa de login com senha incorreta | {"action":"token_validation","userId":42,"email":"[REDACTED]","ip":"::1","timestamp":"2025-10-25T08:44:06.982Z"}
undefined[2025-10-25T08:44:07.068Z] 🔒 [SECURITY] Tentativa de login com senha incorreta | {"action":"token_validation","userId":42,"email":"[REDACTED]","ip":"::1","timestamp":"2025-10-25T08:44:07.068Z"}
undefined[2025-10-25T08:44:15.492Z] 🔒 [SECURITY] Tentativa de login com senha incorreta | {"action":"token_validation","userId":42,"email":"[REDACTED]","ip":"::1","timestamp":"2025-10-25T08:44:15.492Z"}
undefined[2025-10-25T08:44:15.504Z] 🔒 [SECURITY] Tentativa de login com senha incorreta | {"action":"token_validation","userId":42,"email":"[REDACTED]","ip":"::1","timestamp":"2025-10-25T08:44:15.504Z"}
undefined[2025-10-25T08:44:41.999Z] 🔒 [SECURITY] Login realizado com sucesso | {"action":"login_success","email":"[REDACTED]","ip":"::1","timestamp":"2025-10-25T08:44:41.999Z"}
undefined[2025-10-25T08:44:43.642Z] 🔒 [SECURITY] Tentativa de login com senha incorreta | {"action":"token_validation","userId":42,"email":"[REDACTED]","ip":"::1","timestamp":"2025-10-25T08:44:43.641Z"}
[2025-10-25T08:44:43.710Z] ❌ [ERROR] Erro ao buscar dados da criança: | {"length":114,"name":"error","severity":"ERRO","code":"42703","position":"667","file":"parse_relation.c","line":"3721","routine":"errorMissingColumn"}
undefined[2025-10-25T08:44:46.935Z] 🔒 [SECURITY] Tentativa de login com senha incorreta | {"action":"token_validation","userId":42,"email":"[REDACTED]","ip":"::1","timestamp":"2025-10-25T08:44:46.935Z"}
undefined[2025-10-25T08:44:53.942Z] 🔒 [SECURITY] Tentativa de login com senha incorreta | {"action":"token_validation","userId":42,"email":"[REDACTED]","ip":"::1","timestamp":"2025-10-25T08:44:53.942Z"}
undefined[2025-10-25T08:44:53.982Z] 🔒 [SECURITY] Tentativa de login com senha incorreta | {"action":"token_validation","userId":42,"email":"[REDACTED]","ip":"::1","timestamp":"2025-10-25T08:44:53.982Z"}
undefined[2025-10-25T08:44:56.020Z] 🔒 [SECURITY] Tentativa de login com senha incorreta | {"action":"token_validation","userId":42,"email":"[REDACTED]","ip":"::1","timestamp":"2025-10-25T08:44:56.020Z"}
[2025-10-25T08:44:56.092Z] ❌ [ERROR] Erro ao buscar dados da criança: | {"length":114,"name":"error","severity":"ERRO","code":"42703","position":"667","file":"parse_relation.c","line":"3721","routine":"errorMissingColumn"}
undefined[2025-10-25T08:45:21.701Z] 🔒 [SECURITY] Tentativa de login com senha incorreta | {"action":"token_validation","userId":42,"email":"[REDACTED]","ip":"::1","timestamp":"2025-10-25T08:45:21.701Z"}
undefined[2025-10-25T08:45:21.705Z] 🔒 [SECURITY] Tentativa de login com senha incorreta | {"action":"token_validation","userId":42,"email":"[REDACTED]","ip":"::1","timestamp":"2025-10-25T08:45:21.705Z"}
undefined[2025-10-25T08:45:26.083Z] 🔒 [SECURITY] Tentativa de login com senha incorreta | {"action":"token_validation","userId":42,"email":"[REDACTED]","ip":"::1","timestamp":"2025-10-25T08:45:26.083Z"}
undefined[2025-10-25T08:45:56.995Z] 🔒 [SECURITY] Tentativa de login com senha incorreta | {"action":"token_validation","userId":42,"email":"[REDACTED]","ip":"::1","timestamp":"2025-10-25T08:45:56.995Z"}
undefined[2025-10-25T08:46:26.920Z] 🔒 [SECURITY] Tentativa de login com senha incorreta | {"action":"token_validation","userId":42,"email":"[REDACTED]","ip":"::1","timestamp":"2025-10-25T08:46:26.920Z"}
undefined[2025-10-25T08:46:56.920Z] 🔒 [SECURITY] Tentativa de login com senha incorreta | {"action":"token_validation","userId":42,"email":"[REDACTED]","ip":"::1","timestamp":"2025-10-25T08:46:56.920Z"}
undefined[2025-10-25T08:47:27.136Z] 🔒 [SECURITY] Tentativa de login com senha incorreta | {"action":"token_validation","userId":42,"email":"[REDACTED]","ip":"::1","timestamp":"2025-10-25T08:47:27.136Z"}
undefined[2025-10-25T08:47:56.953Z] 🔒 [SECURITY] Tentativa de login com senha incorreta | {"action":"token_validation","userId":42,"email":"[REDACTED]","ip":"::1","timestamp":"2025-10-25T08:47:56.953Z"}
[2025-10-25T08:48:28.569Z] ℹ️ [INFO] Tabelas verificadas/criadas com sucesso.
[2025-10-25T08:48:28.575Z] ℹ️ [INFO] 🔄 Inicializando sistema de notificações em tempo real...
[2025-10-25T08:48:28.577Z] ℹ️ [INFO] [REALTIME-SERVER] Servidor de notificações inicializado
[2025-10-25T08:48:28.591Z] ℹ️ [INFO] 🚀 Servidor rodando na porta 3000
[2025-10-25T08:48:28.591Z] ℹ️ [INFO] 📱 Acesse a aplicação em http://localhost:3000
[2025-10-25T08:48:28.611Z] ℹ️ [INFO] [RASTREAMENTO] Integração de notificações em tempo real configurada
[2025-10-25T08:48:28.614Z] ℹ️ [INFO] ✅ Sistema de notificações em tempo real inicializado
[2025-10-25T08:48:28.616Z] ℹ️ [INFO] 🔌 WebSocket disponível em ws://localhost:3000
[2025-10-25T08:53:01.699Z] ℹ️ [INFO] Tabelas verificadas/criadas com sucesso.
[2025-10-25T08:53:01.706Z] ℹ️ [INFO] 🔄 Inicializando sistema de notificações em tempo real...
[2025-10-25T08:53:01.709Z] ℹ️ [INFO] [REALTIME-SERVER] Servidor de notificações inicializado
[2025-10-25T08:53:01.728Z] ℹ️ [INFO] 🚀 Servidor rodando na porta 3000
[2025-10-25T08:53:01.729Z] ℹ️ [INFO] 📱 Acesse a aplicação em http://localhost:3000
[2025-10-25T08:53:01.750Z] ℹ️ [INFO] [RASTREAMENTO] Integração de notificações em tempo real configurada
[2025-10-25T08:53:01.752Z] ℹ️ [INFO] ✅ Sistema de notificações em tempo real inicializado
[2025-10-25T08:53:01.753Z] ℹ️ [INFO] 🔌 WebSocket disponível em ws://localhost:3000
[2025-10-25T08:53:03.303Z] ℹ️ [INFO] 🔍 [VALIDATE-TOKEN] Requisição recebida
[2025-10-25T08:53:03.306Z] ℹ️ [INFO] 🔍 [VALIDATE-TOKEN] Authorization header: presente
[2025-10-25T08:53:03.307Z] ℹ️ [INFO] 🔍 [VALIDATE-TOKEN] Token extraído: dev_token_responsave...
[2025-10-25T08:53:03.308Z] ℹ️ [INFO] ✅ [VALIDATE-TOKEN] Token de desenvolvimento válido
[2025-10-25T08:53:07.808Z] ℹ️ [INFO] 🔍 [VALIDATE-TOKEN] Requisição recebida
[2025-10-25T08:53:07.809Z] ℹ️ [INFO] 🔍 [VALIDATE-TOKEN] Authorization header: presente
[2025-10-25T08:53:07.811Z] ℹ️ [INFO] 🔍 [VALIDATE-TOKEN] Token extraído: dev_token_responsave...
[2025-10-25T08:53:07.812Z] ℹ️ [INFO] ✅ [VALIDATE-TOKEN] Token de desenvolvimento válido
[2025-10-25T08:53:37.905Z] ℹ️ [INFO] 🔍 [VALIDATE-TOKEN] Requisição recebida
[2025-10-25T08:53:37.907Z] ℹ️ [INFO] 🔍 [VALIDATE-TOKEN] Authorization header: presente
[2025-10-25T08:53:37.909Z] ℹ️ [INFO] 🔍 [VALIDATE-TOKEN] Token extraído: dev_token_responsave...
[2025-10-25T08:53:37.911Z] ℹ️ [INFO] ✅ [VALIDATE-TOKEN] Token de desenvolvimento válido
[2025-10-25T08:54:07.899Z] ℹ️ [INFO] 🔍 [VALIDATE-TOKEN] Requisição recebida
[2025-10-25T08:54:07.901Z] ℹ️ [INFO] 🔍 [VALIDATE-TOKEN] Authorization header: presente
[2025-10-25T08:54:07.902Z] ℹ️ [INFO] 🔍 [VALIDATE-TOKEN] Token extraído: dev_token_responsave...
[2025-10-25T08:54:07.903Z] ℹ️ [INFO] ✅ [VALIDATE-TOKEN] Token de desenvolvimento válido
[2025-10-25T08:54:13.582Z] ℹ️ [INFO] 🔍 [VALIDATE-TOKEN] Requisição recebida
[2025-10-25T08:54:13.584Z] ℹ️ [INFO] 🔍 [VALIDATE-TOKEN] Authorization header: presente
[2025-10-25T08:54:13.585Z] ℹ️ [INFO] 🔍 [VALIDATE-TOKEN] Token extraído: dev_token_responsave...
[2025-10-25T08:54:13.587Z] ℹ️ [INFO] ✅ [VALIDATE-TOKEN] Token de desenvolvimento válido
[2025-10-25T08:54:43.630Z] ℹ️ [INFO] 🔍 [VALIDATE-TOKEN] Requisição recebida
[2025-10-25T08:54:43.632Z] ℹ️ [INFO] 🔍 [VALIDATE-TOKEN] Authorization header: presente
[2025-10-25T08:54:43.634Z] ℹ️ [INFO] 🔍 [VALIDATE-TOKEN] Token extraído: dev_token_responsave...
[2025-10-25T08:54:43.636Z] ℹ️ [INFO] ✅ [VALIDATE-TOKEN] Token de desenvolvimento válido
[2025-10-25T08:54:48.425Z] ℹ️ [INFO] 🔍 [VALIDATE-TOKEN] Requisição recebida
[2025-10-25T08:54:48.433Z] ℹ️ [INFO] 🔍 [VALIDATE-TOKEN] Authorization header: presente
[2025-10-25T08:54:48.438Z] ℹ️ [INFO] 🔍 [VALIDATE-TOKEN] Token extraído: dev_token_responsave...
[2025-10-25T08:54:48.442Z] ℹ️ [INFO] ✅ [VALIDATE-TOKEN] Token de desenvolvimento válido
[2025-10-25T08:55:18.479Z] ℹ️ [INFO] 🔍 [VALIDATE-TOKEN] Requisição recebida
[2025-10-25T08:55:18.481Z] ℹ️ [INFO] 🔍 [VALIDATE-TOKEN] Authorization header: presente
[2025-10-25T08:55:18.483Z] ℹ️ [INFO] 🔍 [VALIDATE-TOKEN] Token extraído: dev_token_responsave...
[2025-10-25T08:55:18.484Z] ℹ️ [INFO] ✅ [VALIDATE-TOKEN] Token de desenvolvimento válido
[2025-10-25T08:55:33.232Z] ℹ️ [INFO] 🔍 [VALIDATE-TOKEN] Requisição recebida
[2025-10-25T08:55:33.236Z] ℹ️ [INFO] 🔍 [VALIDATE-TOKEN] Authorization header: presente
[2025-10-25T08:55:33.238Z] ℹ️ [INFO] 🔍 [VALIDATE-TOKEN] Token extraído: dev_token_responsave...
[2025-10-25T08:55:33.243Z] ℹ️ [INFO] ✅ [VALIDATE-TOKEN] Token de desenvolvimento válido
[2025-10-25T08:56:03.300Z] ℹ️ [INFO] 🔍 [VALIDATE-TOKEN] Requisição recebida
[2025-10-25T08:56:03.301Z] ℹ️ [INFO] 🔍 [VALIDATE-TOKEN] Authorization header: presente
[2025-10-25T08:56:03.302Z] ℹ️ [INFO] 🔍 [VALIDATE-TOKEN] Token extraído: dev_token_responsave...
[2025-10-25T08:56:03.303Z] ℹ️ [INFO] ✅ [VALIDATE-TOKEN] Token de desenvolvimento válido
[2025-10-25T08:56:09.189Z] ℹ️ [INFO] 🔍 [VALIDATE-TOKEN] Requisição recebida
[2025-10-25T08:56:09.192Z] ℹ️ [INFO] 🔍 [VALIDATE-TOKEN] Authorization header: presente
[2025-10-25T08:56:09.200Z] ℹ️ [INFO] 🔍 [VALIDATE-TOKEN] Token extraído: dev_token_responsave...
[2025-10-25T08:56:09.205Z] ℹ️ [INFO] ✅ [VALIDATE-TOKEN] Token de desenvolvimento válido
[2025-10-25T08:56:39.268Z] ℹ️ [INFO] 🔍 [VALIDATE-TOKEN] Requisição recebida
[2025-10-25T08:56:39.269Z] ℹ️ [INFO] 🔍 [VALIDATE-TOKEN] Authorization header: presente
[2025-10-25T08:56:39.270Z] ℹ️ [INFO] 🔍 [VALIDATE-TOKEN] Token extraído: dev_token_responsave...
[2025-10-25T08:56:39.271Z] ℹ️ [INFO] ✅ [VALIDATE-TOKEN] Token de desenvolvimento válido
[2025-10-25T08:57:09.270Z] ℹ️ [INFO] 🔍 [VALIDATE-TOKEN] Requisição recebida
[2025-10-25T08:57:09.276Z] ℹ️ [INFO] 🔍 [VALIDATE-TOKEN] Authorization header: presente
[2025-10-25T08:57:09.277Z] ℹ️ [INFO] 🔍 [VALIDATE-TOKEN] Token extraído: dev_token_responsave...
[2025-10-25T08:57:09.283Z] ℹ️ [INFO] ✅ [VALIDATE-TOKEN] Token de desenvolvimento válido
[2025-10-25T08:57:18.359Z] ℹ️ [INFO] 🔍 [VALIDATE-TOKEN] Requisição recebida
[2025-10-25T08:57:18.360Z] ℹ️ [INFO] 🔍 [VALIDATE-TOKEN] Authorization header: presente
[2025-10-25T08:57:18.362Z] ℹ️ [INFO] 🔍 [VALIDATE-TOKEN] Token extraído: dev_token_responsave...
[2025-10-25T08:57:18.362Z] ℹ️ [INFO] ✅ [VALIDATE-TOKEN] Token de desenvolvimento válido
[2025-10-25T08:57:53.060Z] ℹ️ [INFO] 🔍 [VALIDATE-TOKEN] Requisição recebida
[2025-10-25T08:57:53.061Z] ℹ️ [INFO] 🔍 [VALIDATE-TOKEN] Authorization header: presente
[2025-10-25T08:57:53.062Z] ℹ️ [INFO] 🔍 [VALIDATE-TOKEN] Token extraído: dev_token_responsave...
[2025-10-25T08:57:53.063Z] ℹ️ [INFO] ✅ [VALIDATE-TOKEN] Token de desenvolvimento válido
undefined[2025-10-25T08:58:38.895Z] 🔒 [SECURITY] Login realizado com sucesso | {"action":"login_success","email":"[REDACTED]","ip":"::1","timestamp":"2025-10-25T08:58:38.894Z"}
[2025-10-25T08:58:41.127Z] ℹ️ [INFO] 🔍 [VALIDATE-TOKEN] Requisição recebida
[2025-10-25T08:58:41.131Z] ℹ️ [INFO] 🔍 [VALIDATE-TOKEN] Authorization header: presente
[2025-10-25T08:58:41.134Z] ℹ️ [INFO] 🔍 [VALIDATE-TOKEN] Token extraído: eyJhbGciOiJIUzI1NiIs...
undefined[2025-10-25T08:58:41.168Z] 🔒 [SECURITY] Tentativa de login com senha incorreta | {"action":"token_validation","userId":42,"email":"[REDACTED]","ip":"::1","timestamp":"2025-10-25T08:58:41.167Z"}
[2025-10-25T08:58:41.201Z] ❌ [ERROR] Erro ao buscar dados da criança: | {"length":114,"name":"error","severity":"ERRO","code":"42703","position":"667","file":"parse_relation.c","line":"3721","routine":"errorMissingColumn"}
[2025-10-25T08:58:54.192Z] ℹ️ [INFO] 🔍 [VALIDATE-TOKEN] Requisição recebida
[2025-10-25T08:58:54.194Z] ℹ️ [INFO] 🔍 [VALIDATE-TOKEN] Authorization header: presente
[2025-10-25T08:58:54.197Z] ℹ️ [INFO] 🔍 [VALIDATE-TOKEN] Token extraído: eyJhbGciOiJIUzI1NiIs...
undefined[2025-10-25T08:58:54.309Z] 🔒 [SECURITY] Tentativa de login com senha incorreta | {"action":"token_validation","userId":42,"email":"[REDACTED]","ip":"::1","timestamp":"2025-10-25T08:58:54.309Z"}
[2025-10-25T08:58:54.331Z] ❌ [ERROR] Erro ao buscar dados da criança: | {"length":114,"name":"error","severity":"ERRO","code":"42703","position":"667","file":"parse_relation.c","line":"3721","routine":"errorMissingColumn"}
[2025-10-25T08:58:55.080Z] ℹ️ [INFO] 🔍 [VALIDATE-TOKEN] Requisição recebida
[2025-10-25T08:58:55.081Z] ℹ️ [INFO] 🔍 [VALIDATE-TOKEN] Authorization header: presente
[2025-10-25T08:58:55.083Z] ℹ️ [INFO] 🔍 [VALIDATE-TOKEN] Token extraído: dev_token_responsave...
[2025-10-25T08:58:55.085Z] ℹ️ [INFO] ✅ [VALIDATE-TOKEN] Token de desenvolvimento válido
[2025-10-25T08:59:17.634Z] ℹ️ [INFO] 🔍 [VALIDATE-TOKEN] Requisição recebida
[2025-10-25T08:59:17.637Z] ℹ️ [INFO] 🔍 [VALIDATE-TOKEN] Authorization header: presente
[2025-10-25T08:59:17.639Z] ℹ️ [INFO] 🔍 [VALIDATE-TOKEN] Token extraído: eyJhbGciOiJIUzI1NiIs...
undefined[2025-10-25T08:59:17.758Z] 🔒 [SECURITY] Tentativa de login com senha incorreta | {"action":"token_validation","userId":42,"email":"[REDACTED]","ip":"::1","timestamp":"2025-10-25T08:59:17.758Z"}
[2025-10-25T08:59:34.812Z] ℹ️ [INFO] 🔍 [VALIDATE-TOKEN] Requisição recebida
[2025-10-25T08:59:34.815Z] ℹ️ [INFO] 🔍 [VALIDATE-TOKEN] Authorization header: presente
[2025-10-25T08:59:34.817Z] ℹ️ [INFO] 🔍 [VALIDATE-TOKEN] Token extraído: eyJhbGciOiJIUzI1NiIs...
undefined[2025-10-25T08:59:34.825Z] 🔒 [SECURITY] Tentativa de login com senha incorreta | {"action":"token_validation","userId":42,"email":"[REDACTED]","ip":"::1","timestamp":"2025-10-25T08:59:34.825Z"}
[2025-10-25T08:59:55.080Z] ℹ️ [INFO] 🔍 [VALIDATE-TOKEN] Requisição recebida
[2025-10-25T08:59:55.081Z] ℹ️ [INFO] 🔍 [VALIDATE-TOKEN] Authorization header: presente
[2025-10-25T08:59:55.082Z] ℹ️ [INFO] 🔍 [VALIDATE-TOKEN] Token extraído: dev_token_responsave...
[2025-10-25T08:59:55.083Z] ℹ️ [INFO] ✅ [VALIDATE-TOKEN] Token de desenvolvimento válido
[2025-10-25T08:59:57.928Z] ℹ️ [INFO] 🔍 [VALIDATE-TOKEN] Requisição recebida
[2025-10-25T08:59:57.929Z] ℹ️ [INFO] 🔍 [VALIDATE-TOKEN] Authorization header: presente
[2025-10-25T08:59:57.930Z] ℹ️ [INFO] 🔍 [VALIDATE-TOKEN] Token extraído: eyJhbGciOiJIUzI1NiIs...
undefined[2025-10-25T08:59:57.934Z] 🔒 [SECURITY] Tentativa de login com senha incorreta | {"action":"token_validation","userId":42,"email":"[REDACTED]","ip":"::1","timestamp":"2025-10-25T08:59:57.934Z"}
[2025-10-25T09:00:55.082Z] ℹ️ [INFO] 🔍 [VALIDATE-TOKEN] Requisição recebida
[2025-10-25T09:00:55.083Z] ℹ️ [INFO] 🔍 [VALIDATE-TOKEN] Authorization header: presente
[2025-10-25T09:00:55.084Z] ℹ️ [INFO] 🔍 [VALIDATE-TOKEN] Token extraído: dev_token_responsave...
[2025-10-25T09:00:55.085Z] ℹ️ [INFO] ✅ [VALIDATE-TOKEN] Token de desenvolvimento válido
[2025-10-25T09:00:57.942Z] ℹ️ [INFO] 🔍 [VALIDATE-TOKEN] Requisição recebida
[2025-10-25T09:00:57.943Z] ℹ️ [INFO] 🔍 [VALIDATE-TOKEN] Authorization header: presente
[2025-10-25T09:00:57.944Z] ℹ️ [INFO] 🔍 [VALIDATE-TOKEN] Token extraído: eyJhbGciOiJIUzI1NiIs...
undefined[2025-10-25T09:00:58.032Z] 🔒 [SECURITY] Tentativa de login com senha incorreta | {"action":"token_validation","userId":42,"email":"[REDACTED]","ip":"::1","timestamp":"2025-10-25T09:00:58.032Z"}
[2025-10-25T09:01:55.082Z] ℹ️ [INFO] 🔍 [VALIDATE-TOKEN] Requisição recebida
[2025-10-25T09:01:55.083Z] ℹ️ [INFO] 🔍 [VALIDATE-TOKEN] Authorization header: presente
[2025-10-25T09:01:55.083Z] ℹ️ [INFO] 🔍 [VALIDATE-TOKEN] Token extraído: dev_token_responsave...
[2025-10-25T09:01:55.084Z] ℹ️ [INFO] ✅ [VALIDATE-TOKEN] Token de desenvolvimento válido
[2025-10-25T09:01:57.963Z] ℹ️ [INFO] 🔍 [VALIDATE-TOKEN] Requisição recebida
[2025-10-25T09:01:57.965Z] ℹ️ [INFO] 🔍 [VALIDATE-TOKEN] Authorization header: presente
[2025-10-25T09:01:57.966Z] ℹ️ [INFO] 🔍 [VALIDATE-TOKEN] Token extraído: eyJhbGciOiJIUzI1NiIs...
undefined[2025-10-25T09:01:58.112Z] 🔒 [SECURITY] Tentativa de login com senha incorreta | {"action":"token_validation","userId":42,"email":"[REDACTED]","ip":"::1","timestamp":"2025-10-25T09:01:58.112Z"}
[2025-10-25T09:02:08.092Z] ℹ️ [INFO] 🔍 [VALIDATE-TOKEN] Requisição recebida
[2025-10-25T09:02:08.093Z] ℹ️ [INFO] 🔍 [VALIDATE-TOKEN] Authorization header: presente
[2025-10-25T09:02:08.094Z] ℹ️ [INFO] 🔍 [VALIDATE-TOKEN] Token extraído: dev_token_responsave...
[2025-10-25T09:02:08.095Z] ℹ️ [INFO] ✅ [VALIDATE-TOKEN] Token de desenvolvimento válido
[2025-10-25T09:02:30.893Z] ℹ️ [INFO] 🔍 [VALIDATE-TOKEN] Requisição recebida
[2025-10-25T09:02:30.894Z] ℹ️ [INFO] 🔍 [VALIDATE-TOKEN] Authorization header: presente
[2025-10-25T09:02:30.896Z] ℹ️ [INFO] 🔍 [VALIDATE-TOKEN] Token extraído: dev_token_responsave...
[2025-10-25T09:02:30.897Z] ℹ️ [INFO] ✅ [VALIDATE-TOKEN] Token de desenvolvimento válido
[2025-10-25T09:02:57.838Z] ℹ️ [INFO] 🔍 [VALIDATE-TOKEN] Requisição recebida
[2025-10-25T09:02:57.839Z] ℹ️ [INFO] 🔍 [VALIDATE-TOKEN] Authorization header: presente
[2025-10-25T09:02:57.842Z] ℹ️ [INFO] 🔍 [VALIDATE-TOKEN] Token extraído: dev_token_responsave...
[2025-10-25T09:02:57.844Z] ℹ️ [INFO] ✅ [VALIDATE-TOKEN] Token de desenvolvimento válido
[2025-10-25T09:02:57.981Z] ℹ️ [INFO] 🔍 [VALIDATE-TOKEN] Requisição recebida
[2025-10-25T09:02:57.982Z] ℹ️ [INFO] 🔍 [VALIDATE-TOKEN] Authorization header: presente
[2025-10-25T09:02:57.985Z] ℹ️ [INFO] 🔍 [VALIDATE-TOKEN] Token extraído: eyJhbGciOiJIUzI1NiIs...
undefined[2025-10-25T09:02:58.316Z] 🔒 [SECURITY] Tentativa de login com senha incorreta | {"action":"token_validation","userId":42,"email":"[REDACTED]","ip":"::1","timestamp":"2025-10-25T09:02:58.316Z"}
[2025-10-25T09:03:21.421Z] ℹ️ [INFO] 🔍 [VALIDATE-TOKEN] Requisição recebida
[2025-10-25T09:03:21.429Z] ℹ️ [INFO] 🔍 [VALIDATE-TOKEN] Authorization header: presente
[2025-10-25T09:03:21.431Z] ℹ️ [INFO] 🔍 [VALIDATE-TOKEN] Token extraído: dev_token_responsave...
[2025-10-25T09:03:21.432Z] ℹ️ [INFO] ✅ [VALIDATE-TOKEN] Token de desenvolvimento válido
[2025-10-25T09:03:44.502Z] ℹ️ [INFO] 🔍 [VALIDATE-TOKEN] Requisição recebida
[2025-10-25T09:03:44.504Z] ℹ️ [INFO] 🔍 [VALIDATE-TOKEN] Authorization header: presente
[2025-10-25T09:03:44.505Z] ℹ️ [INFO] 🔍 [VALIDATE-TOKEN] Token extraído: dev_token_responsave...
[2025-10-25T09:03:44.506Z] ℹ️ [INFO] ✅ [VALIDATE-TOKEN] Token de desenvolvimento válido
[2025-10-25T09:03:57.933Z] ℹ️ [INFO] 🔍 [VALIDATE-TOKEN] Requisição recebida
[2025-10-25T09:03:57.934Z] ℹ️ [INFO] 🔍 [VALIDATE-TOKEN] Authorization header: presente
[2025-10-25T09:03:57.935Z] ℹ️ [INFO] 🔍 [VALIDATE-TOKEN] Token extraído: eyJhbGciOiJIUzI1NiIs...
undefined[2025-10-25T09:03:57.988Z] 🔒 [SECURITY] Tentativa de login com senha incorreta | {"action":"token_validation","userId":42,"email":"[REDACTED]","ip":"::1","timestamp":"2025-10-25T09:03:57.988Z"}
[2025-10-25T09:04:34.187Z] ℹ️ [INFO] 🔍 [VALIDATE-TOKEN] Requisição recebida
[2025-10-25T09:04:34.189Z] ℹ️ [INFO] 🔍 [VALIDATE-TOKEN] Authorization header: presente
[2025-10-25T09:04:34.190Z] ℹ️ [INFO] 🔍 [VALIDATE-TOKEN] Token extraído: dev_token_responsave...
[2025-10-25T09:04:34.191Z] ℹ️ [INFO] ✅ [VALIDATE-TOKEN] Token de desenvolvimento válido
[2025-10-25T09:04:57.931Z] ℹ️ [INFO] 🔍 [VALIDATE-TOKEN] Requisição recebida
[2025-10-25T09:04:57.932Z] ℹ️ [INFO] 🔍 [VALIDATE-TOKEN] Authorization header: presente
[2025-10-25T09:04:57.933Z] ℹ️ [INFO] 🔍 [VALIDATE-TOKEN] Token extraído: eyJhbGciOiJIUzI1NiIs...
undefined[2025-10-25T09:04:58.013Z] 🔒 [SECURITY] Tentativa de login com senha incorreta | {"action":"token_validation","userId":42,"email":"[REDACTED]","ip":"::1","timestamp":"2025-10-25T09:04:58.013Z"}
[2025-10-25T09:05:09.500Z] ℹ️ [INFO] 🔍 [VALIDATE-TOKEN] Requisição recebida
[2025-10-25T09:05:09.501Z] ℹ️ [INFO] 🔍 [VALIDATE-TOKEN] Authorization header: presente
[2025-10-25T09:05:09.503Z] ℹ️ [INFO] 🔍 [VALIDATE-TOKEN] Token extraído: dev_token_responsave...
[2025-10-25T09:05:09.504Z] ℹ️ [INFO] ✅ [VALIDATE-TOKEN] Token de desenvolvimento válido
[2025-10-25T09:05:58.939Z] ℹ️ [INFO] 🔍 [VALIDATE-TOKEN] Requisição recebida
[2025-10-25T09:05:58.940Z] ℹ️ [INFO] 🔍 [VALIDATE-TOKEN] Authorization header: presente
[2025-10-25T09:05:58.941Z] ℹ️ [INFO] 🔍 [VALIDATE-TOKEN] Token extraído: eyJhbGciOiJIUzI1NiIs...
undefined[2025-10-25T09:05:59.192Z] 🔒 [SECURITY] Tentativa de login com senha incorreta | {"action":"token_validation","userId":42,"email":"[REDACTED]","ip":"::1","timestamp":"2025-10-25T09:05:59.192Z"}
[2025-10-25T09:06:11.534Z] ℹ️ [INFO] 🔍 [VALIDATE-TOKEN] Requisição recebida
[2025-10-25T09:06:11.535Z] ℹ️ [INFO] 🔍 [VALIDATE-TOKEN] Authorization header: presente
[2025-10-25T09:06:11.536Z] ℹ️ [INFO] 🔍 [VALIDATE-TOKEN] Token extraído: dev_token_responsave...
[2025-10-25T09:06:11.536Z] ℹ️ [INFO] ✅ [VALIDATE-TOKEN] Token de desenvolvimento válido
[2025-10-25T09:06:59.939Z] ℹ️ [INFO] 🔍 [VALIDATE-TOKEN] Requisição recebida
[2025-10-25T09:06:59.941Z] ℹ️ [INFO] 🔍 [VALIDATE-TOKEN] Authorization header: presente
[2025-10-25T09:06:59.941Z] ℹ️ [INFO] 🔍 [VALIDATE-TOKEN] Token extraído: eyJhbGciOiJIUzI1NiIs...
undefined[2025-10-25T09:07:00.168Z] 🔒 [SECURITY] Tentativa de login com senha incorreta | {"action":"token_validation","userId":42,"email":"[REDACTED]","ip":"::1","timestamp":"2025-10-25T09:07:00.168Z"}
[2025-10-25T09:07:11.530Z] ℹ️ [INFO] 🔍 [VALIDATE-TOKEN] Requisição recebida
[2025-10-25T09:07:11.531Z] ℹ️ [INFO] 🔍 [VALIDATE-TOKEN] Authorization header: presente
[2025-10-25T09:07:11.532Z] ℹ️ [INFO] 🔍 [VALIDATE-TOKEN] Token extraído: dev_token_responsave...
[2025-10-25T09:07:11.532Z] ℹ️ [INFO] ✅ [VALIDATE-TOKEN] Token de desenvolvimento válido
[2025-10-25T09:07:46.181Z] ℹ️ [INFO] 🔍 [VALIDATE-TOKEN] Requisição recebida
[2025-10-25T09:07:46.183Z] ℹ️ [INFO] 🔍 [VALIDATE-TOKEN] Authorization header: presente
[2025-10-25T09:07:46.186Z] ℹ️ [INFO] 🔍 [VALIDATE-TOKEN] Token extraído: dev_token_responsave...
[2025-10-25T09:07:46.194Z] ℹ️ [INFO] ✅ [VALIDATE-TOKEN] Token de desenvolvimento válido
[2025-10-25T09:08:00.937Z] ℹ️ [INFO] 🔍 [VALIDATE-TOKEN] Requisição recebida
[2025-10-25T09:08:00.941Z] ℹ️ [INFO] 🔍 [VALIDATE-TOKEN] Authorization header: presente
[2025-10-25T09:08:00.945Z] ℹ️ [INFO] 🔍 [VALIDATE-TOKEN] Token extraído: dev_token_responsave...
[2025-10-25T09:08:00.947Z] ℹ️ [INFO] ✅ [VALIDATE-TOKEN] Token de desenvolvimento válido
[2025-10-25T09:08:01.456Z] ℹ️ [INFO] 🔍 [VALIDATE-TOKEN] Requisição recebida
[2025-10-25T09:08:01.461Z] ℹ️ [INFO] 🔍 [VALIDATE-TOKEN] Authorization header: presente
[2025-10-25T09:08:01.464Z] ℹ️ [INFO] 🔍 [VALIDATE-TOKEN] Token extraído: dev_token_responsave...
[2025-10-25T09:08:01.470Z] ℹ️ [INFO] ✅ [VALIDATE-TOKEN] Token de desenvolvimento válido
[2025-10-25T09:08:21.164Z] ℹ️ [INFO] 🔍 [VALIDATE-TOKEN] Requisição recebida
[2025-10-25T09:08:21.166Z] ℹ️ [INFO] 🔍 [VALIDATE-TOKEN] Authorization header: presente
[2025-10-25T09:08:21.168Z] ℹ️ [INFO] 🔍 [VALIDATE-TOKEN] Token extraído: dev_token_responsave...
[2025-10-25T09:08:21.169Z] ℹ️ [INFO] ✅ [VALIDATE-TOKEN] Token de desenvolvimento válido
[2025-10-25T09:08:24.936Z] ℹ️ [INFO] 🔍 [VALIDATE-TOKEN] Requisição recebida
[2025-10-25T09:08:24.940Z] ℹ️ [INFO] 🔍 [VALIDATE-TOKEN] Authorization header: presente
[2025-10-25T09:08:24.943Z] ℹ️ [INFO] 🔍 [VALIDATE-TOKEN] Token extraído: dev_token_responsave...
[2025-10-25T09:08:24.946Z] ℹ️ [INFO] ✅ [VALIDATE-TOKEN] Token de desenvolvimento válido
[2025-10-25T09:08:27.498Z] ℹ️ [INFO] 🔍 [VALIDATE-TOKEN] Requisição recebida
[2025-10-25T09:08:27.501Z] ℹ️ [INFO] 🔍 [VALIDATE-TOKEN] Authorization header: presente
[2025-10-25T09:08:27.502Z] ℹ️ [INFO] 🔍 [VALIDATE-TOKEN] Token extraído: dev_token_responsave...
[2025-10-25T09:08:27.504Z] ℹ️ [INFO] ✅ [VALIDATE-TOKEN] Token de desenvolvimento válido
[2025-10-25T09:08:32.030Z] ℹ️ [INFO] 🔍 [VALIDATE-TOKEN] Requisição recebida
[2025-10-25T09:08:32.035Z] ℹ️ [INFO] 🔍 [VALIDATE-TOKEN] Authorization header: presente
[2025-10-25T09:08:32.040Z] ℹ️ [INFO] 🔍 [VALIDATE-TOKEN] Token extraído: dev_token_responsave...
[2025-10-25T09:08:32.045Z] ℹ️ [INFO] ✅ [VALIDATE-TOKEN] Token de desenvolvimento válido
[2025-10-25T09:09:34.123Z] ℹ️ [INFO] 🔍 [VALIDATE-TOKEN] Requisição recebida
[2025-10-25T09:09:34.124Z] ℹ️ [INFO] 🔍 [VALIDATE-TOKEN] Authorization header: presente
[2025-10-25T09:09:34.125Z] ℹ️ [INFO] 🔍 [VALIDATE-TOKEN] Token extraído: dev_token_responsave...
[2025-10-25T09:09:34.125Z] ℹ️ [INFO] ✅ [VALIDATE-TOKEN] Token de desenvolvimento válido
[2025-10-25T09:10:12.307Z] ℹ️ [INFO] 🔍 [VALIDATE-TOKEN] Requisição recebida
[2025-10-25T09:10:12.309Z] ℹ️ [INFO] 🔍 [VALIDATE-TOKEN] Authorization header: presente
[2025-10-25T09:10:12.311Z] ℹ️ [INFO] 🔍 [VALIDATE-TOKEN] Token extraído: dev_token_responsave...
[2025-10-25T09:10:12.313Z] ℹ️ [INFO] ✅ [VALIDATE-TOKEN] Token de desenvolvimento válido
[2025-10-25T09:11:14.345Z] ℹ️ [INFO] 🔍 [VALIDATE-TOKEN] Requisição recebida
[2025-10-25T09:11:14.346Z] ℹ️ [INFO] 🔍 [VALIDATE-TOKEN] Authorization header: presente
[2025-10-25T09:11:14.346Z] ℹ️ [INFO] 🔍 [VALIDATE-TOKEN] Token extraído: dev_token_responsave...
[2025-10-25T09:11:14.347Z] ℹ️ [INFO] ✅ [VALIDATE-TOKEN] Token de desenvolvimento válido
[2025-10-25T21:33:01.426Z] ℹ️ [INFO] Tabelas verificadas/criadas com sucesso.
[2025-10-25T21:33:01.442Z] ℹ️ [INFO] 🔄 Inicializando sistema de notificações em tempo real...
[2025-10-25T21:33:01.444Z] ℹ️ [INFO] [REALTIME-SERVER] Servidor de notificações inicializado
[2025-10-25T21:33:01.457Z] ℹ️ [INFO] 🚀 Servidor rodando na porta 3000
[2025-10-25T21:33:01.458Z] ℹ️ [INFO] 📱 Acesse a aplicação em http://localhost:3000
[2025-10-25T21:33:01.550Z] ℹ️ [INFO] [RASTREAMENTO] Integração de notificações em tempo real configurada
[2025-10-25T21:33:01.551Z] ℹ️ [INFO] ✅ Sistema de notificações em tempo real inicializado
[2025-10-25T21:33:01.552Z] ℹ️ [INFO] 🔌 WebSocket disponível em ws://localhost:3000
undefined[2025-10-25T21:36:23.210Z] 🔒 [SECURITY] Login realizado com sucesso | {"action":"login_success","email":"[REDACTED]","ip":"::1","timestamp":"2025-10-25T21:36:23.209Z"}
[2025-10-25T21:36:25.130Z] ℹ️ [INFO] 🔍 [VALIDATE-TOKEN] Requisição recebida
[2025-10-25T21:36:25.133Z] ℹ️ [INFO] 🔍 [VALIDATE-TOKEN] Authorization header: presente
[2025-10-25T21:36:25.137Z] ℹ️ [INFO] 🔍 [VALIDATE-TOKEN] Token extraído: dev_token_responsave...
[2025-10-25T21:36:25.139Z] ℹ️ [INFO] ✅ [VALIDATE-TOKEN] Token de desenvolvimento válido
[2025-10-25T21:37:27.203Z] ℹ️ [INFO] 🔍 [VALIDATE-TOKEN] Requisição recebida
[2025-10-25T21:37:27.205Z] ℹ️ [INFO] 🔍 [VALIDATE-TOKEN] Authorization header: presente
[2025-10-25T21:37:27.209Z] ℹ️ [INFO] 🔍 [VALIDATE-TOKEN] Token extraído: dev_token_responsave...
[2025-10-25T21:37:27.212Z] ℹ️ [INFO] ✅ [VALIDATE-TOKEN] Token de desenvolvimento válido
[2025-10-25T22:20:19.876Z] ℹ️ [INFO] Tabelas verificadas/criadas com sucesso.
[2025-10-25T22:20:19.882Z] ℹ️ [INFO] 🔄 Inicializando sistema de notificações em tempo real...
[2025-10-25T22:20:19.885Z] ℹ️ [INFO] [REALTIME-SERVER] Servidor de notificações inicializado
[2025-10-25T22:20:19.898Z] ℹ️ [INFO] 🚀 Servidor rodando na porta 3000
[2025-10-25T22:20:19.900Z] ℹ️ [INFO] 📱 Acesse a aplicação em http://localhost:3000
[2025-10-25T22:20:19.969Z] ℹ️ [INFO] [RASTREAMENTO] Integração de notificações em tempo real configurada
[2025-10-25T22:20:19.970Z] ℹ️ [INFO] ✅ Sistema de notificações em tempo real inicializado
[2025-10-25T22:20:19.971Z] ℹ️ [INFO] 🔌 WebSocket disponível em ws://localhost:3000
[2025-10-26T00:01:09.974Z] ℹ️ [INFO] 🔍 [VALIDATE-TOKEN] Requisição recebida
[2025-10-26T00:01:09.982Z] ℹ️ [INFO] 🔍 [VALIDATE-TOKEN] Authorization header: presente
[2025-10-26T00:01:09.985Z] ℹ️ [INFO] 🔍 [VALIDATE-TOKEN] Token extraído: dev_token_responsave...
[2025-10-26T00:01:09.987Z] ℹ️ [INFO] ✅ [VALIDATE-TOKEN] Token de desenvolvimento válido
[2025-10-26T00:04:30.000Z] ℹ️ [INFO] Tabelas verificadas/criadas com sucesso.
[2025-10-26T00:04:30.005Z] ℹ️ [INFO] 🔄 Inicializando sistema de notificações em tempo real...
[2025-10-26T00:04:30.010Z] ℹ️ [INFO] [REALTIME-SERVER] Servidor de notificações inicializado
[2025-10-26T00:04:30.094Z] ℹ️ [INFO] [RASTREAMENTO] Integração de notificações em tempo real configurada
[2025-10-26T00:04:30.095Z] ℹ️ [INFO] ✅ Sistema de notificações em tempo real inicializado
[2025-10-26T00:04:30.096Z] ℹ️ [INFO] 🔌 WebSocket disponível em ws://localhost:3000
[2025-10-26T00:05:09.502Z] ℹ️ [INFO] Tabelas verificadas/criadas com sucesso.
[2025-10-26T00:05:09.508Z] ℹ️ [INFO] 🔄 Inicializando sistema de notificações em tempo real...
[2025-10-26T00:05:09.511Z] ℹ️ [INFO] [REALTIME-SERVER] Servidor de notificações inicializado
[2025-10-26T00:05:09.547Z] ℹ️ [INFO] 🚀 Servidor rodando na porta 3001
[2025-10-26T00:05:09.548Z] ℹ️ [INFO] 📱 Acesse a aplicação em http://localhost:3001
[2025-10-26T00:05:09.567Z] ℹ️ [INFO] [RASTREAMENTO] Integração de notificações em tempo real configurada
[2025-10-26T00:05:09.569Z] ℹ️ [INFO] ✅ Sistema de notificações em tempo real inicializado
[2025-10-26T00:05:09.571Z] ℹ️ [INFO] 🔌 WebSocket disponível em ws://localhost:3001
[2025-10-26T00:09:01.765Z] ❌ [ERROR] 🔐 Erro na autenticação: | {"tipo":"JsonWebTokenError","mensagem":"jwt malformed","rota":"/api/rastreamento/viagem-ativa","metodo":"GET","ip":"::1"}
[2025-10-26T00:44:49.364Z] ℹ️ [INFO] Tabelas verificadas/criadas com sucesso.
[2025-10-26T00:44:49.369Z] ℹ️ [INFO] 🔄 Inicializando sistema de notificações em tempo real...
[2025-10-26T00:44:49.370Z] ℹ️ [INFO] [REALTIME-SERVER] Servidor de notificações inicializado
[2025-10-26T00:44:49.375Z] ℹ️ [INFO] 🚀 Servidor rodando na porta 3001
[2025-10-26T00:44:49.376Z] ℹ️ [INFO] 📱 Acesse a aplicação em http://localhost:3001
[2025-10-26T00:44:49.410Z] ℹ️ [INFO] [RASTREAMENTO] Integração de notificações em tempo real configurada
[2025-10-26T00:44:49.411Z] ℹ️ [INFO] ✅ Sistema de notificações em tempo real inicializado
[2025-10-26T00:44:49.411Z] ℹ️ [INFO] 🔌 WebSocket disponível em ws://localhost:3001
[2025-10-26T00:57:19.101Z] ❌ [ERROR] 🔐 Erro na autenticação: | {"tipo":"JsonWebTokenError","mensagem":"jwt malformed","rota":"/api/rastreamento/viagem-ativa","metodo":"GET","ip":"::1"}
[2025-10-26T01:03:22.067Z] ℹ️ [INFO] Tabelas verificadas/criadas com sucesso.
[2025-10-26T01:03:22.071Z] ℹ️ [INFO] 🔄 Inicializando sistema de notificações em tempo real...
[2025-10-26T01:03:22.072Z] ℹ️ [INFO] [REALTIME-SERVER] Servidor de notificações inicializado
[2025-10-26T01:03:22.078Z] ℹ️ [INFO] 🚀 Servidor rodando na porta 3001
[2025-10-26T01:03:22.079Z] ℹ️ [INFO] 📱 Acesse a aplicação em http://localhost:3001
[2025-10-26T01:03:22.091Z] ℹ️ [INFO] [RASTREAMENTO] Integração de notificações em tempo real configurada
[2025-10-26T01:03:22.092Z] ℹ️ [INFO] [CONFERENCIA] Integração de notificações em tempo real configurada
[2025-10-26T01:03:22.092Z] ℹ️ [INFO] ✅ Sistema de notificações em tempo real inicializado
[2025-10-26T01:03:22.092Z] ℹ️ [INFO] 🔌 WebSocket disponível em ws://localhost:3001
undefined[2025-10-26T01:05:52.092Z] 🔒 [SECURITY] Login realizado com sucesso | {"action":"login_success","email":"[REDACTED]","ip":"::1","timestamp":"2025-10-26T01:05:52.092Z"}
undefined[2025-10-26T01:05:52.369Z] 🔒 [SECURITY] Login realizado com sucesso | {"action":"login_success","email":"[REDACTED]","ip":"::1","timestamp":"2025-10-26T01:05:52.369Z"}
[2025-10-26T01:05:52.438Z] ❌ [ERROR] Erro na verificação de motorista escolar: | {}
[2025-10-26T01:05:52.444Z] ❌ [ERROR] 🔐 Erro na autenticação: | {"tipo":"TypeError","mensagem":"Cannot read properties of undefined (reading 'error')","rota":"/api/conferencia/embarque","metodo":"POST","ip":"::1"}
[2025-10-26T01:05:52.457Z] ❌ [ERROR] Erro na verificação de motorista escolar: | {}
[2025-10-26T01:05:52.459Z] ❌ [ERROR] 🔐 Erro na autenticação: | {"tipo":"TypeError","mensagem":"Cannot read properties of undefined (reading 'error')","rota":"/api/conferencia/desembarque","metodo":"POST","ip":"::1"}
[2025-10-26T01:16:45.917Z] ℹ️ [INFO] Tabelas verificadas/criadas com sucesso.
[2025-10-26T01:16:45.923Z] ℹ️ [INFO] 🔄 Inicializando sistema de notificações em tempo real...
[2025-10-26T01:16:45.927Z] ℹ️ [INFO] [REALTIME-SERVER] Servidor de notificações inicializado
[2025-10-26T01:16:45.941Z] ℹ️ [INFO] 🚀 Servidor rodando na porta 3001
[2025-10-26T01:16:45.942Z] ℹ️ [INFO] 📱 Acesse a aplicação em http://localhost:3001
[2025-10-26T01:16:45.982Z] ℹ️ [INFO] [RASTREAMENTO] Integração de notificações em tempo real configurada
[2025-10-26T01:16:45.983Z] ℹ️ [INFO] [CONFERENCIA] Integração de notificações em tempo real configurada
[2025-10-26T01:16:45.984Z] ℹ️ [INFO] ✅ Sistema de notificações em tempo real inicializado
[2025-10-26T01:16:45.985Z] ℹ️ [INFO] 🔌 WebSocket disponível em ws://localhost:3001
[2025-10-26T01:18:56.851Z] ℹ️ [INFO] Tabelas verificadas/criadas com sucesso.
[2025-10-26T01:18:56.861Z] ℹ️ [INFO] 🔄 Inicializando sistema de notificações em tempo real...
[2025-10-26T01:18:56.867Z] ℹ️ [INFO] [REALTIME-SERVER] Servidor de notificações inicializado
[2025-10-26T01:18:56.891Z] ℹ️ [INFO] 🚀 Servidor rodando na porta 3001
[2025-10-26T01:18:56.895Z] ℹ️ [INFO] 📱 Acesse a aplicação em http://localhost:3001
[2025-10-26T01:18:56.928Z] ℹ️ [INFO] [RASTREAMENTO] Integração de notificações em tempo real configurada
[2025-10-26T01:18:56.931Z] ℹ️ [INFO] [CONFERENCIA] Integração de notificações em tempo real configurada
[2025-10-26T01:18:56.933Z] ℹ️ [INFO] ✅ Sistema de notificações em tempo real inicializado
[2025-10-26T01:18:56.936Z] ℹ️ [INFO] 🔌 WebSocket disponível em ws://localhost:3001
[2025-10-26T01:19:13.817Z] ℹ️ [INFO] 
📡 Recebido sinal SIGINT, iniciando shutdown gracioso...
[2025-10-26T01:19:57.382Z] ℹ️ [INFO] Tabelas verificadas/criadas com sucesso.
[2025-10-26T01:19:57.390Z] ℹ️ [INFO] 🔄 Inicializando sistema de notificações em tempo real...
[2025-10-26T01:19:57.395Z] ℹ️ [INFO] [REALTIME-SERVER] Servidor de notificações inicializado
[2025-10-26T01:19:57.426Z] ℹ️ [INFO] 🚀 Servidor rodando na porta 3001
[2025-10-26T01:19:57.427Z] ℹ️ [INFO] 📱 Acesse a aplicação em http://localhost:3001
[2025-10-26T01:19:57.446Z] ℹ️ [INFO] [RASTREAMENTO] Integração de notificações em tempo real configurada
[2025-10-26T01:19:57.448Z] ℹ️ [INFO] [CONFERENCIA] Integração de notificações em tempo real configurada
[2025-10-26T01:19:57.450Z] ℹ️ [INFO] ✅ Sistema de notificações em tempo real inicializado
[2025-10-26T01:19:57.451Z] ℹ️ [INFO] 🔌 WebSocket disponível em ws://localhost:3001
[2025-10-26T01:20:55.708Z] ℹ️ [INFO] Tabelas verificadas/criadas com sucesso.
[2025-10-26T01:20:55.717Z] ℹ️ [INFO] 🔄 Inicializando sistema de notificações em tempo real...
[2025-10-26T01:20:55.727Z] ℹ️ [INFO] [REALTIME-SERVER] Servidor de notificações inicializado
[2025-10-26T01:20:55.766Z] ℹ️ [INFO] 🚀 Servidor rodando na porta 3001
[2025-10-26T01:20:55.770Z] ℹ️ [INFO] 📱 Acesse a aplicação em http://localhost:3001
[2025-10-26T01:20:55.793Z] ℹ️ [INFO] [RASTREAMENTO] Integração de notificações em tempo real configurada
[2025-10-26T01:20:55.795Z] ℹ️ [INFO] [CONFERENCIA] Integração de notificações em tempo real configurada
[2025-10-26T01:20:55.796Z] ℹ️ [INFO] ✅ Sistema de notificações em tempo real inicializado
[2025-10-26T01:20:55.800Z] ℹ️ [INFO] 🔌 WebSocket disponível em ws://localhost:3001
[2025-10-26T01:27:09.385Z] ℹ️ [INFO] Tabelas verificadas/criadas com sucesso.
[2025-10-26T01:27:09.393Z] ℹ️ [INFO] 🔄 Inicializando sistema de notificações em tempo real...
[2025-10-26T01:27:09.397Z] ℹ️ [INFO] [REALTIME-SERVER] Servidor de notificações inicializado
[2025-10-26T01:27:09.416Z] ℹ️ [INFO] 🚀 Servidor rodando na porta 3001
[2025-10-26T01:27:09.418Z] ℹ️ [INFO] 📱 Acesse a aplicação em http://localhost:3001
[2025-10-26T01:27:09.447Z] ℹ️ [INFO] [RASTREAMENTO] Integração de notificações em tempo real configurada
[2025-10-26T01:27:09.449Z] ℹ️ [INFO] [CONFERENCIA] Integração de notificações em tempo real configurada
[2025-10-26T01:27:09.449Z] ℹ️ [INFO] ✅ Sistema de notificações em tempo real inicializado
[2025-10-26T01:27:09.450Z] ℹ️ [INFO] 🔌 WebSocket disponível em ws://localhost:3001
[2025-10-26T01:31:08.282Z] ℹ️ [INFO] Tabelas verificadas/criadas com sucesso.
[2025-10-26T01:31:08.292Z] ℹ️ [INFO] 🔄 Inicializando sistema de notificações em tempo real...
[2025-10-26T01:31:08.297Z] ℹ️ [INFO] [REALTIME-SERVER] Servidor de notificações inicializado
[2025-10-26T01:31:08.318Z] ℹ️ [INFO] 🚀 Servidor rodando na porta 3001
[2025-10-26T01:31:08.322Z] ℹ️ [INFO] 📱 Acesse a aplicação em http://localhost:3001
[2025-10-26T01:31:08.361Z] ℹ️ [INFO] [RASTREAMENTO] Integração de notificações em tempo real configurada
[2025-10-26T01:31:08.365Z] ℹ️ [INFO] [CONFERENCIA] Integração de notificações em tempo real configurada
[2025-10-26T01:31:08.372Z] ℹ️ [INFO] ✅ Sistema de notificações em tempo real inicializado
[2025-10-26T01:31:08.378Z] ℹ️ [INFO] 🔌 WebSocket disponível em ws://localhost:3001
[2025-10-26T01:32:16.844Z] ℹ️ [INFO] Tabelas verificadas/criadas com sucesso.
[2025-10-26T01:32:16.851Z] ℹ️ [INFO] 🔄 Inicializando sistema de notificações em tempo real...
[2025-10-26T01:32:16.856Z] ℹ️ [INFO] [REALTIME-SERVER] Servidor de notificações inicializado
[2025-10-26T01:32:16.893Z] ℹ️ [INFO] 🚀 Servidor rodando na porta 3001
[2025-10-26T01:32:16.895Z] ℹ️ [INFO] 📱 Acesse a aplicação em http://localhost:3001
[2025-10-26T01:32:16.919Z] ℹ️ [INFO] [RASTREAMENTO] Integração de notificações em tempo real configurada
[2025-10-26T01:32:16.922Z] ℹ️ [INFO] [CONFERENCIA] Integração de notificações em tempo real configurada
[2025-10-26T01:32:16.923Z] ℹ️ [INFO] ✅ Sistema de notificações em tempo real inicializado
[2025-10-26T01:32:16.924Z] ℹ️ [INFO] 🔌 WebSocket disponível em ws://localhost:3001
[2025-10-26T01:36:28.170Z] ℹ️ [INFO] Tabelas verificadas/criadas com sucesso.
[2025-10-26T01:36:28.175Z] ℹ️ [INFO] 🔄 Inicializando sistema de notificações em tempo real...
[2025-10-26T01:36:28.176Z] ℹ️ [INFO] [REALTIME-SERVER] Servidor de notificações inicializado
[2025-10-26T01:36:28.186Z] ℹ️ [INFO] 🚀 Servidor rodando na porta 3001
[2025-10-26T01:36:28.187Z] ℹ️ [INFO] 📱 Acesse a aplicação em http://localhost:3001
[2025-10-26T01:36:28.199Z] ℹ️ [INFO] [RASTREAMENTO] Integração de notificações em tempo real configurada
[2025-10-26T01:36:28.200Z] ℹ️ [INFO] [CONFERENCIA] Integração de notificações em tempo real configurada
[2025-10-26T01:36:28.201Z] ℹ️ [INFO] ✅ Sistema de notificações em tempo real inicializado
[2025-10-26T01:36:28.202Z] ℹ️ [INFO] 🔌 WebSocket disponível em ws://localhost:3001
[2025-10-26T01:37:56.380Z] ℹ️ [INFO] Tabelas verificadas/criadas com sucesso.
[2025-10-26T01:37:56.385Z] ℹ️ [INFO] 🔄 Inicializando sistema de notificações em tempo real...
[2025-10-26T01:37:56.389Z] ℹ️ [INFO] [REALTIME-SERVER] Servidor de notificações inicializado
[2025-10-26T01:37:56.403Z] ℹ️ [INFO] 🚀 Servidor rodando na porta 3001
[2025-10-26T01:37:56.405Z] ℹ️ [INFO] 📱 Acesse a aplicação em http://localhost:3001
[2025-10-26T01:37:56.416Z] ℹ️ [INFO] [RASTREAMENTO] Integração de notificações em tempo real configurada
[2025-10-26T01:37:56.417Z] ℹ️ [INFO] [CONFERENCIA] Integração de notificações em tempo real configurada
[2025-10-26T01:37:56.419Z] ℹ️ [INFO] ✅ Sistema de notificações em tempo real inicializado
[2025-10-26T01:37:56.420Z] ℹ️ [INFO] 🔌 WebSocket disponível em ws://localhost:3001
[2025-10-26T01:39:05.697Z] ℹ️ [INFO] Tabelas verificadas/criadas com sucesso.
[2025-10-26T01:39:05.701Z] ℹ️ [INFO] 🔄 Inicializando sistema de notificações em tempo real...
[2025-10-26T01:39:05.703Z] ℹ️ [INFO] [REALTIME-SERVER] Servidor de notificações inicializado
[2025-10-26T01:39:05.708Z] ℹ️ [INFO] 🚀 Servidor rodando na porta 3001
[2025-10-26T01:39:05.709Z] ℹ️ [INFO] 📱 Acesse a aplicação em http://localhost:3001
[2025-10-26T01:39:05.721Z] ℹ️ [INFO] [RASTREAMENTO] Integração de notificações em tempo real configurada
[2025-10-26T01:39:05.723Z] ℹ️ [INFO] [CONFERENCIA] Integração de notificações em tempo real configurada
[2025-10-26T01:39:05.725Z] ℹ️ [INFO] ✅ Sistema de notificações em tempo real inicializado
[2025-10-26T01:39:05.728Z] ℹ️ [INFO] 🔌 WebSocket disponível em ws://localhost:3001
[2025-10-26T01:40:05.483Z] ℹ️ [INFO] Tabelas verificadas/criadas com sucesso.
[2025-10-26T01:40:05.487Z] ℹ️ [INFO] 🔄 Inicializando sistema de notificações em tempo real...
[2025-10-26T01:40:05.489Z] ℹ️ [INFO] [REALTIME-SERVER] Servidor de notificações inicializado
[2025-10-26T01:40:05.504Z] ℹ️ [INFO] 🚀 Servidor rodando na porta 3001
[2025-10-26T01:40:05.505Z] ℹ️ [INFO] 📱 Acesse a aplicação em http://localhost:3001
[2025-10-26T01:40:05.524Z] ℹ️ [INFO] [RASTREAMENTO] Integração de notificações em tempo real configurada
[2025-10-26T01:40:05.524Z] ℹ️ [INFO] [CONFERENCIA] Integração de notificações em tempo real configurada
[2025-10-26T01:40:05.526Z] ℹ️ [INFO] ✅ Sistema de notificações em tempo real inicializado
[2025-10-26T01:40:05.527Z] ℹ️ [INFO] 🔌 WebSocket disponível em ws://localhost:3001
[2025-10-26T01:40:56.694Z] ℹ️ [INFO] Tabelas verificadas/criadas com sucesso.
[2025-10-26T01:40:56.697Z] ℹ️ [INFO] 🔄 Inicializando sistema de notificações em tempo real...
[2025-10-26T01:40:56.698Z] ℹ️ [INFO] [REALTIME-SERVER] Servidor de notificações inicializado
[2025-10-26T01:40:56.702Z] ℹ️ [INFO] 🚀 Servidor rodando na porta 3001
[2025-10-26T01:40:56.702Z] ℹ️ [INFO] 📱 Acesse a aplicação em http://localhost:3001
[2025-10-26T01:40:56.712Z] ℹ️ [INFO] [RASTREAMENTO] Integração de notificações em tempo real configurada
[2025-10-26T01:40:56.713Z] ℹ️ [INFO] [CONFERENCIA] Integração de notificações em tempo real configurada
[2025-10-26T01:40:56.713Z] ℹ️ [INFO] ✅ Sistema de notificações em tempo real inicializado
[2025-10-26T01:40:56.713Z] ℹ️ [INFO] 🔌 WebSocket disponível em ws://localhost:3001
[2025-10-26T01:53:51.529Z] ℹ️ [INFO] Tabelas verificadas/criadas com sucesso.
[2025-10-26T01:53:51.537Z] ℹ️ [INFO] 🔄 Inicializando sistema de notificações em tempo real...
[2025-10-26T01:53:51.538Z] ℹ️ [INFO] [REALTIME-SERVER] Servidor de notificações inicializado
[2025-10-26T01:53:51.546Z] ℹ️ [INFO] 🚀 Servidor rodando na porta 3001
[2025-10-26T01:53:51.547Z] ℹ️ [INFO] 📱 Acesse a aplicação em http://localhost:3001
[2025-10-26T01:53:51.565Z] ℹ️ [INFO] [RASTREAMENTO] Integração de notificações em tempo real configurada
[2025-10-26T01:53:51.566Z] ℹ️ [INFO] [CONFERENCIA] Integração de notificações em tempo real configurada
[2025-10-26T01:53:51.567Z] ℹ️ [INFO] ✅ Sistema de notificações em tempo real inicializado
[2025-10-26T01:53:51.568Z] ℹ️ [INFO] 🔌 WebSocket disponível em ws://localhost:3001
[2025-10-26T02:00:43.627Z] ℹ️ [INFO] 
📡 Recebido sinal SIGINT, iniciando shutdown gracioso...
[2025-10-26T02:02:11.137Z] ℹ️ [INFO] Tabelas verificadas/criadas com sucesso.
[2025-10-26T02:02:11.143Z] ℹ️ [INFO] 🔄 Inicializando sistema de notificações em tempo real...
[2025-10-26T02:02:11.146Z] ℹ️ [INFO] [REALTIME-SERVER] Servidor de notificações inicializado
[2025-10-26T02:02:11.165Z] ℹ️ [INFO] 🚀 Servidor rodando na porta 3001
[2025-10-26T02:02:11.166Z] ℹ️ [INFO] 📱 Acesse a aplicação em http://localhost:3001
[2025-10-26T02:02:11.186Z] ℹ️ [INFO] [RASTREAMENTO] Integração de notificações em tempo real configurada
[2025-10-26T02:02:11.187Z] ℹ️ [INFO] [CONFERENCIA] Integração de notificações em tempo real configurada
[2025-10-26T02:02:11.188Z] ℹ️ [INFO] ✅ Sistema de notificações em tempo real inicializado
[2025-10-26T02:02:11.189Z] ℹ️ [INFO] 🔌 WebSocket disponível em ws://localhost:3001
[2025-10-26T02:41:31.122Z] ℹ️ [INFO] Tabelas verificadas/criadas com sucesso.
[2025-10-26T02:41:31.125Z] ℹ️ [INFO] 🔄 Inicializando sistema de notificações em tempo real...
[2025-10-26T02:41:31.126Z] ℹ️ [INFO] [REALTIME-SERVER] Servidor de notificações inicializado
[2025-10-26T02:41:31.130Z] ℹ️ [INFO] 🚀 Servidor rodando na porta 3001
[2025-10-26T02:41:31.131Z] ℹ️ [INFO] 📱 Acesse a aplicação em http://localhost:3001
[2025-10-26T02:41:31.139Z] ℹ️ [INFO] [RASTREAMENTO] Integração de notificações em tempo real configurada
[2025-10-26T02:41:31.140Z] ℹ️ [INFO] [CONFERENCIA] Integração de notificações em tempo real configurada
[2025-10-26T02:41:31.140Z] ℹ️ [INFO] ✅ Sistema de notificações em tempo real inicializado
[2025-10-26T02:41:31.140Z] ℹ️ [INFO] 🔌 WebSocket disponível em ws://localhost:3001
[2025-10-26T03:00:02.408Z] 🔍 [DEBUG] Iniciando cadastro via API...
[2025-10-26T03:00:02.409Z] 🔍 [DEBUG] Dados recebidos: | {"email":"[REDACTED]"}
[2025-10-26T03:00:02.411Z] 🔍 [DEBUG] Validação falhou: | ["Nome completo é obrigatório"]
undefined[2025-10-26T03:00:02.674Z] 🔒 [SECURITY] Tentativa de login com dados inválidos | {"action":"login_failed","email":"[REDACTED]","ip":"::1","timestamp":"2025-10-26T03:00:02.673Z"}
[2025-10-26T03:00:38.244Z] 🔍 [DEBUG] Iniciando cadastro via API...
[2025-10-26T03:00:38.247Z] 🔍 [DEBUG] Dados recebidos: | {"email":"[REDACTED]"}
[2025-10-26T03:00:38.249Z] 🔍 [DEBUG] Validação falhou: | ["Nome completo é obrigatório"]
undefined[2025-10-26T03:00:38.528Z] 🔒 [SECURITY] Tentativa de login com dados inválidos | {"action":"login_failed","email":"[REDACTED]","ip":"::1","timestamp":"2025-10-26T03:00:38.528Z"}
[2025-10-26T03:01:54.458Z] 🔍 [DEBUG] Iniciando cadastro via API...
[2025-10-26T03:01:54.459Z] 🔍 [DEBUG] Dados recebidos: | {"tipoCadastro":"motorista_escolar","nomeCompleto":"João Silva","email":"[REDACTED]"}
[2025-10-26T03:01:54.460Z] 🔍 [DEBUG] Validação passou
[2025-10-26T03:01:54.460Z] 🔍 [DEBUG] Iniciando transação...
[2025-10-26T03:01:54.715Z] 🔍 [DEBUG] Verificando email duplicado...
[2025-10-26T03:01:54.721Z] 🔍 [DEBUG] Gerando hash da senha...
[2025-10-26T03:01:55.179Z] 🔍 [DEBUG] Inserindo usuário...
[2025-10-26T03:01:55.185Z] 🔍 [DEBUG] Usuário inserido com ID: | 50
[2025-10-26T03:01:55.186Z] 🔍 [DEBUG] Fazendo COMMIT...
[2025-10-26T03:01:55.188Z] 🔍 [DEBUG] COMMIT realizado com sucesso | {"command":"COMMIT","rowCount":null,"oid":null,"rows":[],"fields":[],"_types":{"_types":{"arrayParser":{},"builtins":{"BOOL":16,"BYTEA":17,"CHAR":18,"INT8":20,"INT2":21,"INT4":23,"REGPROC":24,"TEXT":25,"OID":26,"TID":27,"XID":28,"CID":29,"JSON":114,"XML":142,"PG_NODE_TREE":194,"SMGR":210,"PATH":602,"POLYGON":604,"CIDR":650,"FLOAT4":700,"FLOAT8":701,"ABSTIME":702,"RELTIME":703,"TINTERVAL":704,"CIRCLE":718,"MACADDR8":774,"MONEY":790,"MACADDR":829,"INET":869,"ACLITEM":1033,"BPCHAR":1042,"VARCHAR":1043,"DATE":1082,"TIME":1083,"TIMESTAMP":1114,"TIMESTAMPTZ":1184,"INTERVAL":1186,"TIMETZ":1266,"BIT":1560,"VARBIT":1562,"NUMERIC":1700,"REFCURSOR":1790,"REGPROCEDURE":2202,"REGOPER":2203,"REGOPERATOR":2204,"REGCLASS":2205,"REGTYPE":2206,"UUID":2950,"TXID_SNAPSHOT":2970,"PG_LSN":3220,"PG_NDISTINCT":3361,"PG_DEPENDENCIES":3402,"TSVECTOR":3614,"TSQUERY":3615,"GTSVECTOR":3642,"REGCONFIG":3734,"REGDICTIONARY":3769,"JSONB":3802,"REGNAMESPACE":4089,"REGROLE":4096}},"text":{},"binary":{}},"RowCtor":null,"rowAsArray":false,"_prebuiltEmptyResultObject":null}
[2025-10-26T03:01:55.190Z] 🔍 [DEBUG] Verificando se usuário foi salvo...
[2025-10-26T03:01:55.192Z] 🔍 [DEBUG] Usuário encontrado após commit: | SIM
[2025-10-26T03:01:55.193Z] 🔍 [DEBUG] Dados do usuário: | {"id":50,"nome":"João Silva","email":"[REDACTED]"}
[2025-10-26T03:01:55.194Z] ℹ️ [INFO] [SECURITY] {"action":"user_registration","email":"joa***","tipo":"motorista_escolar","ip":"::1","timestamp":"2025-10-26T03:01:55.194Z"}
undefined[2025-10-26T03:01:55.643Z] 🔒 [SECURITY] Login realizado com sucesso | {"action":"login_success","email":"[REDACTED]","ip":"::1","timestamp":"2025-10-26T03:01:55.643Z"}
[2025-10-26T03:01:55.669Z] ℹ️ [INFO] 🔍 [VALIDATE-TOKEN] Requisição recebida
[2025-10-26T03:01:55.670Z] ℹ️ [INFO] 🔍 [VALIDATE-TOKEN] Authorization header: presente
[2025-10-26T03:01:55.672Z] ℹ️ [INFO] 🔍 [VALIDATE-TOKEN] Token extraído: eyJhbGciOiJIUzI1NiIs...
undefined[2025-10-26T03:01:55.677Z] 🔒 [SECURITY] Tentativa de login com senha incorreta | {"action":"token_validation","userId":50,"email":"[REDACTED]","ip":"::1","timestamp":"2025-10-26T03:01:55.677Z"}
[2025-10-26T03:01:55.704Z] ❌ [ERROR] Erro na verificação de motorista escolar: | {}
[2025-10-26T03:01:55.705Z] ❌ [ERROR] 🔐 Erro na autenticação: | {"tipo":"TypeError","mensagem":"Cannot read properties of undefined (reading 'error')","rota":"/api/rotas-escolares","metodo":"POST","ip":"::1"}
[2025-10-26T03:01:55.711Z] ❌ [ERROR] Erro na verificação de motorista escolar: | {}
[2025-10-26T03:01:55.718Z] ❌ [ERROR] 🔐 Erro na autenticação: | {"tipo":"TypeError","mensagem":"Cannot read properties of undefined (reading 'error')","rota":"/api/rotas-escolares","metodo":"GET","ip":"::1"}
[2025-10-26T03:02:34.039Z] 🔍 [DEBUG] Iniciando cadastro via API...
[2025-10-26T03:02:34.041Z] 🔍 [DEBUG] Dados recebidos: | {"tipoCadastro":"motorista_escolar","nomeCompleto":"João Silva","email":"[REDACTED]"}
[2025-10-26T03:02:34.042Z] 🔍 [DEBUG] Validação passou
[2025-10-26T03:02:34.043Z] 🔍 [DEBUG] Iniciando transação...
[2025-10-26T03:02:34.250Z] 🔍 [DEBUG] Verificando email duplicado...
[2025-10-26T03:02:34.255Z] 🔍 [DEBUG] Email já existe, fazendo rollback
undefined[2025-10-26T03:02:34.716Z] 🔒 [SECURITY] Login realizado com sucesso | {"action":"login_success","email":"[REDACTED]","ip":"::1","timestamp":"2025-10-26T03:02:34.716Z"}
[2025-10-26T03:02:34.747Z] ℹ️ [INFO] 🔍 [VALIDATE-TOKEN] Requisição recebida
[2025-10-26T03:02:34.749Z] ℹ️ [INFO] 🔍 [VALIDATE-TOKEN] Authorization header: presente
[2025-10-26T03:02:34.750Z] ℹ️ [INFO] 🔍 [VALIDATE-TOKEN] Token extraído: eyJhbGciOiJIUzI1NiIs...
undefined[2025-10-26T03:02:34.755Z] 🔒 [SECURITY] Tentativa de login com senha incorreta | {"action":"token_validation","userId":50,"email":"[REDACTED]","ip":"::1","timestamp":"2025-10-26T03:02:34.754Z"}
[2025-10-26T03:02:34.786Z] ❌ [ERROR] Erro na verificação de motorista escolar: | {}
[2025-10-26T03:02:34.790Z] ❌ [ERROR] 🔐 Erro na autenticação: | {"tipo":"TypeError","mensagem":"Cannot read properties of undefined (reading 'error')","rota":"/api/rotas-escolares","metodo":"POST","ip":"::1"}
[2025-10-26T03:02:34.805Z] ❌ [ERROR] Erro na verificação de motorista escolar: | {}
[2025-10-26T03:02:34.813Z] ❌ [ERROR] 🔐 Erro na autenticação: | {"tipo":"TypeError","mensagem":"Cannot read properties of undefined (reading 'error')","rota":"/api/rotas-escolares","metodo":"GET","ip":"::1"}
[2025-10-26T03:03:31.671Z] 🔍 [DEBUG] Iniciando cadastro via API...
[2025-10-26T03:03:31.672Z] 🔍 [DEBUG] Dados recebidos: | {"tipoCadastro":"motorista_escolar","nomeCompleto":"João Silva","email":"[REDACTED]"}
[2025-10-26T03:03:31.673Z] 🔍 [DEBUG] Validação passou
[2025-10-26T03:03:31.674Z] 🔍 [DEBUG] Iniciando transação...
[2025-10-26T03:03:31.891Z] 🔍 [DEBUG] Verificando email duplicado...
[2025-10-26T03:03:31.897Z] 🔍 [DEBUG] Email já existe, fazendo rollback
undefined[2025-10-26T03:03:32.331Z] 🔒 [SECURITY] Login realizado com sucesso | {"action":"login_success","email":"[REDACTED]","ip":"::1","timestamp":"2025-10-26T03:03:32.331Z"}
[2025-10-26T03:03:32.364Z] ℹ️ [INFO] 🔍 [VALIDATE-TOKEN] Requisição recebida
[2025-10-26T03:03:32.367Z] ℹ️ [INFO] 🔍 [VALIDATE-TOKEN] Authorization header: presente
[2025-10-26T03:03:32.370Z] ℹ️ [INFO] 🔍 [VALIDATE-TOKEN] Token extraído: eyJhbGciOiJIUzI1NiIs...
undefined[2025-10-26T03:03:32.373Z] 🔒 [SECURITY] Tentativa de login com senha incorreta | {"action":"token_validation","userId":50,"email":"[REDACTED]","ip":"::1","timestamp":"2025-10-26T03:03:32.373Z"}
[2025-10-26T03:03:32.381Z] ❌ [ERROR] Erro ao buscar tipos de planos: | {}
[2025-10-26T03:03:32.389Z] ❌ [ERROR] Erro na verificação de motorista escolar: | {}
[2025-10-26T03:03:32.390Z] ❌ [ERROR] 🔐 Erro na autenticação: | {"tipo":"TypeError","mensagem":"Cannot read properties of undefined (reading 'error')","rota":"/api/planos-assinatura/ativar","metodo":"POST","ip":"::1"}
[2025-10-26T03:03:32.396Z] ❌ [ERROR] Erro na verificação de motorista escolar: | {}
[2025-10-26T03:03:32.398Z] ❌ [ERROR] 🔐 Erro na autenticação: | {"tipo":"TypeError","mensagem":"Cannot read properties of undefined (reading 'error')","rota":"/api/planos-assinatura/meu-plano","metodo":"GET","ip":"::1"}
[2025-10-26T03:03:32.405Z] ❌ [ERROR] Erro na verificação de motorista escolar: | {}
[2025-10-26T03:03:32.408Z] ❌ [ERROR] 🔐 Erro na autenticação: | {"tipo":"TypeError","mensagem":"Cannot read properties of undefined (reading 'error')","rota":"/api/rotas-escolares","metodo":"POST","ip":"::1"}
[2025-10-26T03:03:32.428Z] ❌ [ERROR] Erro na verificação de motorista escolar: | {}
[2025-10-26T03:03:32.429Z] ❌ [ERROR] 🔐 Erro na autenticação: | {"tipo":"TypeError","mensagem":"Cannot read properties of undefined (reading 'error')","rota":"/api/rotas-escolares","metodo":"GET","ip":"::1"}
[2025-10-26T03:05:34.903Z] 🔍 [DEBUG] Iniciando cadastro via API...
[2025-10-26T03:05:34.903Z] 🔍 [DEBUG] Dados recebidos: | {"tipoCadastro":"motorista_escolar","nomeCompleto":"João Silva","email":"[REDACTED]"}
[2025-10-26T03:05:34.905Z] 🔍 [DEBUG] Validação passou
[2025-10-26T03:05:34.906Z] 🔍 [DEBUG] Iniciando transação...
[2025-10-26T03:05:35.157Z] 🔍 [DEBUG] Verificando email duplicado...
[2025-10-26T03:05:35.162Z] 🔍 [DEBUG] Email já existe, fazendo rollback
undefined[2025-10-26T03:05:35.590Z] 🔒 [SECURITY] Login realizado com sucesso | {"action":"login_success","email":"[REDACTED]","ip":"::1","timestamp":"2025-10-26T03:05:35.590Z"}
[2025-10-26T03:05:35.627Z] ℹ️ [INFO] 🔍 [VALIDATE-TOKEN] Requisição recebida
[2025-10-26T03:05:35.628Z] ℹ️ [INFO] 🔍 [VALIDATE-TOKEN] Authorization header: presente
[2025-10-26T03:05:35.629Z] ℹ️ [INFO] 🔍 [VALIDATE-TOKEN] Token extraído: eyJhbGciOiJIUzI1NiIs...
undefined[2025-10-26T03:05:35.631Z] 🔒 [SECURITY] Tentativa de login com senha incorreta | {"action":"token_validation","userId":50,"email":"[REDACTED]","ip":"::1","timestamp":"2025-10-26T03:05:35.631Z"}
[2025-10-26T03:05:35.637Z] ❌ [ERROR] Erro ao buscar tipos de planos: | {}
[2025-10-26T03:05:35.644Z] ❌ [ERROR] Erro na verificação de motorista escolar: | {}
[2025-10-26T03:05:35.647Z] ❌ [ERROR] 🔐 Erro na autenticação: | {"tipo":"TypeError","mensagem":"Cannot read properties of undefined (reading 'error')","rota":"/api/planos-assinatura/ativar","metodo":"POST","ip":"::1"}
[2025-10-26T03:05:35.659Z] ❌ [ERROR] Erro na verificação de motorista escolar: | {}
[2025-10-26T03:05:35.661Z] ❌ [ERROR] 🔐 Erro na autenticação: | {"tipo":"TypeError","mensagem":"Cannot read properties of undefined (reading 'error')","rota":"/api/planos-assinatura/meu-plano","metodo":"GET","ip":"::1"}
[2025-10-26T03:05:35.668Z] ❌ [ERROR] Erro na verificação de motorista escolar: | {}
[2025-10-26T03:05:35.669Z] ❌ [ERROR] 🔐 Erro na autenticação: | {"tipo":"TypeError","mensagem":"Cannot read properties of undefined (reading 'error')","rota":"/api/rotas-escolares","metodo":"POST","ip":"::1"}
[2025-10-26T03:05:35.680Z] ❌ [ERROR] Erro na verificação de motorista escolar: | {}
[2025-10-26T03:05:35.686Z] ❌ [ERROR] 🔐 Erro na autenticação: | {"tipo":"TypeError","mensagem":"Cannot read properties of undefined (reading 'error')","rota":"/api/rotas-escolares","metodo":"GET","ip":"::1"}
[2025-10-26T03:14:54.842Z] 🔍 [DEBUG] Iniciando cadastro via API...
[2025-10-26T03:14:54.843Z] 🔍 [DEBUG] Dados recebidos: | {"tipoCadastro":"motorista_escolar","nomeCompleto":"João Silva","email":"[REDACTED]"}
[2025-10-26T03:14:54.844Z] 🔍 [DEBUG] Validação passou
[2025-10-26T03:14:54.844Z] 🔍 [DEBUG] Iniciando transação...
[2025-10-26T03:14:54.995Z] 🔍 [DEBUG] Verificando email duplicado...
[2025-10-26T03:14:55.001Z] 🔍 [DEBUG] Email já existe, fazendo rollback
undefined[2025-10-26T03:14:55.433Z] 🔒 [SECURITY] Login realizado com sucesso | {"action":"login_success","email":"[REDACTED]","ip":"::1","timestamp":"2025-10-26T03:14:55.433Z"}
[2025-10-26T03:14:55.455Z] ℹ️ [INFO] 🔍 [VALIDATE-TOKEN] Requisição recebida
[2025-10-26T03:14:55.456Z] ℹ️ [INFO] 🔍 [VALIDATE-TOKEN] Authorization header: presente
[2025-10-26T03:14:55.457Z] ℹ️ [INFO] 🔍 [VALIDATE-TOKEN] Token extraído: eyJhbGciOiJIUzI1NiIs...
undefined[2025-10-26T03:14:55.460Z] 🔒 [SECURITY] Tentativa de login com senha incorreta | {"action":"token_validation","userId":50,"email":"[REDACTED]","ip":"::1","timestamp":"2025-10-26T03:14:55.460Z"}
[2025-10-26T03:14:55.466Z] ❌ [ERROR] Erro ao buscar tipos de planos: | {}
[2025-10-26T03:14:55.476Z] ❌ [ERROR] Erro na verificação de motorista escolar: | {}
[2025-10-26T03:14:55.478Z] ❌ [ERROR] 🔐 Erro na autenticação: | {"tipo":"TypeError","mensagem":"Cannot read properties of undefined (reading 'error')","rota":"/api/planos-assinatura/ativar","metodo":"POST","ip":"::1"}
[2025-10-26T03:14:55.492Z] ❌ [ERROR] Erro na verificação de motorista escolar: | {}
[2025-10-26T03:14:55.494Z] ❌ [ERROR] 🔐 Erro na autenticação: | {"tipo":"TypeError","mensagem":"Cannot read properties of undefined (reading 'error')","rota":"/api/planos-assinatura/meu-plano","metodo":"GET","ip":"::1"}
[2025-10-26T03:14:55.505Z] ❌ [ERROR] Erro na verificação de motorista escolar: | {}
[2025-10-26T03:14:55.509Z] ❌ [ERROR] 🔐 Erro na autenticação: | {"tipo":"TypeError","mensagem":"Cannot read properties of undefined (reading 'error')","rota":"/api/rotas-escolares","metodo":"POST","ip":"::1"}
[2025-10-26T03:14:55.526Z] ❌ [ERROR] Erro na verificação de motorista escolar: | {}
[2025-10-26T03:14:55.529Z] ❌ [ERROR] 🔐 Erro na autenticação: | {"tipo":"TypeError","mensagem":"Cannot read properties of undefined (reading 'error')","rota":"/api/rotas-escolares","metodo":"GET","ip":"::1"}
[2025-10-26T03:19:43.103Z] 🔍 [DEBUG] Iniciando cadastro via API...
[2025-10-26T03:19:43.104Z] 🔍 [DEBUG] Dados recebidos: | {"tipoCadastro":"motorista_escolar","nomeCompleto":"João Silva","email":"[REDACTED]"}
[2025-10-26T03:19:43.105Z] 🔍 [DEBUG] Validação passou
[2025-10-26T03:19:43.106Z] 🔍 [DEBUG] Iniciando transação...
[2025-10-26T03:19:43.645Z] 🔍 [DEBUG] Verificando email duplicado...
[2025-10-26T03:19:43.651Z] 🔍 [DEBUG] Email já existe, fazendo rollback
undefined[2025-10-26T03:19:44.146Z] 🔒 [SECURITY] Login realizado com sucesso | {"action":"login_success","email":"[REDACTED]","ip":"::1","timestamp":"2025-10-26T03:19:44.146Z"}
[2025-10-26T03:19:44.210Z] ℹ️ [INFO] 🔍 [VALIDATE-TOKEN] Requisição recebida
[2025-10-26T03:19:44.228Z] ℹ️ [INFO] 🔍 [VALIDATE-TOKEN] Authorization header: presente
[2025-10-26T03:19:44.232Z] ℹ️ [INFO] 🔍 [VALIDATE-TOKEN] Token extraído: eyJhbGciOiJIUzI1NiIs...
undefined[2025-10-26T03:19:44.300Z] 🔒 [SECURITY] Tentativa de login com senha incorreta | {"action":"token_validation","userId":50,"email":"[REDACTED]","ip":"::1","timestamp":"2025-10-26T03:19:44.300Z"}
[2025-10-26T03:19:44.307Z] ❌ [ERROR] Erro ao buscar tipos de planos: | {}
[2025-10-26T03:19:44.314Z] ❌ [ERROR] Erro na verificação de motorista escolar: | {}
[2025-10-26T03:19:44.315Z] ❌ [ERROR] 🔐 Erro na autenticação: | {"tipo":"TypeError","mensagem":"Cannot read properties of undefined (reading 'error')","rota":"/api/planos-assinatura/ativar","metodo":"POST","ip":"::1"}
[2025-10-26T03:19:44.321Z] ❌ [ERROR] Erro na verificação de motorista escolar: | {}
[2025-10-26T03:19:44.323Z] ❌ [ERROR] 🔐 Erro na autenticação: | {"tipo":"TypeError","mensagem":"Cannot read properties of undefined (reading 'error')","rota":"/api/planos-assinatura/meu-plano","metodo":"GET","ip":"::1"}
[2025-10-26T03:19:44.329Z] ❌ [ERROR] Erro na verificação de motorista escolar: | {}
[2025-10-26T03:19:44.330Z] ❌ [ERROR] 🔐 Erro na autenticação: | {"tipo":"TypeError","mensagem":"Cannot read properties of undefined (reading 'error')","rota":"/api/rotas-escolares","metodo":"POST","ip":"::1"}
[2025-10-26T03:19:44.338Z] ❌ [ERROR] Erro na verificação de motorista escolar: | {}
[2025-10-26T03:19:44.339Z] ❌ [ERROR] 🔐 Erro na autenticação: | {"tipo":"TypeError","mensagem":"Cannot read properties of undefined (reading 'error')","rota":"/api/rotas-escolares","metodo":"GET","ip":"::1"}
[2025-10-26T03:21:39.130Z] 🔍 [DEBUG] Iniciando cadastro via API...
[2025-10-26T03:21:39.131Z] 🔍 [DEBUG] Dados recebidos: | {"tipoCadastro":"motorista_escolar","nomeCompleto":"João Silva","email":"[REDACTED]"}
[2025-10-26T03:21:39.132Z] 🔍 [DEBUG] Validação passou
[2025-10-26T03:21:39.132Z] 🔍 [DEBUG] Iniciando transação...
[2025-10-26T03:21:39.300Z] 🔍 [DEBUG] Verificando email duplicado...
[2025-10-26T03:21:39.304Z] 🔍 [DEBUG] Email já existe, fazendo rollback
undefined[2025-10-26T03:21:39.536Z] 🔒 [SECURITY] Login realizado com sucesso | {"action":"login_success","email":"[REDACTED]","ip":"::1","timestamp":"2025-10-26T03:21:39.536Z"}
[2025-10-26T03:21:39.539Z] ℹ️ [INFO] 🔍 [VALIDATE-TOKEN] Requisição recebida
[2025-10-26T03:21:39.540Z] ℹ️ [INFO] 🔍 [VALIDATE-TOKEN] Authorization header: presente
[2025-10-26T03:21:39.540Z] ℹ️ [INFO] 🔍 [VALIDATE-TOKEN] Token extraído: eyJhbGciOiJIUzI1NiIs...
undefined[2025-10-26T03:21:39.542Z] 🔒 [SECURITY] Tentativa de login com senha incorreta | {"action":"token_validation","userId":50,"email":"[REDACTED]","ip":"::1","timestamp":"2025-10-26T03:21:39.542Z"}
[2025-10-26T03:21:39.547Z] ❌ [ERROR] Erro ao buscar tipos de planos: | {}
[2025-10-26T03:21:39.552Z] ❌ [ERROR] Erro na verificação de motorista escolar: | {}
[2025-10-26T03:21:39.553Z] ❌ [ERROR] 🔐 Erro na autenticação: | {"tipo":"TypeError","mensagem":"Cannot read properties of undefined (reading 'error')","rota":"/api/planos-assinatura/ativar","metodo":"POST","ip":"::1"}
[2025-10-26T03:21:39.560Z] ❌ [ERROR] Erro na verificação de motorista escolar: | {}
[2025-10-26T03:21:39.561Z] ❌ [ERROR] 🔐 Erro na autenticação: | {"tipo":"TypeError","mensagem":"Cannot read properties of undefined (reading 'error')","rota":"/api/planos-assinatura/meu-plano","metodo":"GET","ip":"::1"}
[2025-10-26T03:21:39.566Z] ❌ [ERROR] Erro na verificação de motorista escolar: | {}
[2025-10-26T03:21:39.567Z] ❌ [ERROR] 🔐 Erro na autenticação: | {"tipo":"TypeError","mensagem":"Cannot read properties of undefined (reading 'error')","rota":"/api/rotas-escolares","metodo":"POST","ip":"::1"}
[2025-10-26T03:21:39.572Z] ❌ [ERROR] Erro na verificação de motorista escolar: | {}
[2025-10-26T03:21:39.573Z] ❌ [ERROR] 🔐 Erro na autenticação: | {"tipo":"TypeError","mensagem":"Cannot read properties of undefined (reading 'error')","rota":"/api/rotas-escolares","metodo":"GET","ip":"::1"}
[2025-10-26T03:24:48.662Z] 🔍 [DEBUG] Iniciando cadastro via API...
[2025-10-26T03:24:48.662Z] 🔍 [DEBUG] Dados recebidos: | {"tipoCadastro":"motorista_escolar","nomeCompleto":"João Silva","email":"[REDACTED]"}
[2025-10-26T03:24:48.663Z] 🔍 [DEBUG] Validação passou
[2025-10-26T03:24:48.664Z] 🔍 [DEBUG] Iniciando transação...
[2025-10-26T03:24:48.728Z] 🔍 [DEBUG] Verificando email duplicado...
[2025-10-26T03:24:48.733Z] 🔍 [DEBUG] Email já existe, fazendo rollback
undefined[2025-10-26T03:24:49.038Z] 🔒 [SECURITY] Login realizado com sucesso | {"action":"login_success","email":"[REDACTED]","ip":"::1","timestamp":"2025-10-26T03:24:49.038Z"}
[2025-10-26T03:24:49.042Z] ℹ️ [INFO] 🔍 [VALIDATE-TOKEN] Requisição recebida
[2025-10-26T03:24:49.043Z] ℹ️ [INFO] 🔍 [VALIDATE-TOKEN] Authorization header: presente
[2025-10-26T03:24:49.043Z] ℹ️ [INFO] 🔍 [VALIDATE-TOKEN] Token extraído: eyJhbGciOiJIUzI1NiIs...
undefined[2025-10-26T03:24:49.045Z] 🔒 [SECURITY] Tentativa de login com senha incorreta | {"action":"token_validation","userId":50,"email":"[REDACTED]","ip":"::1","timestamp":"2025-10-26T03:24:49.045Z"}
[2025-10-26T03:24:49.051Z] ❌ [ERROR] Erro ao buscar tipos de planos: | {}
[2025-10-26T03:24:49.059Z] ❌ [ERROR] Erro na verificação de motorista escolar: | {}
[2025-10-26T03:24:49.060Z] ❌ [ERROR] 🔐 Erro na autenticação: | {"tipo":"TypeError","mensagem":"Cannot read properties of undefined (reading 'error')","rota":"/api/planos-assinatura/ativar","metodo":"POST","ip":"::1"}
[2025-10-26T03:24:49.068Z] ❌ [ERROR] Erro na verificação de motorista escolar: | {}
[2025-10-26T03:24:49.069Z] ❌ [ERROR] 🔐 Erro na autenticação: | {"tipo":"TypeError","mensagem":"Cannot read properties of undefined (reading 'error')","rota":"/api/planos-assinatura/meu-plano","metodo":"GET","ip":"::1"}
[2025-10-26T03:24:49.074Z] ❌ [ERROR] Erro na verificação de motorista escolar: | {}
[2025-10-26T03:24:49.075Z] ❌ [ERROR] 🔐 Erro na autenticação: | {"tipo":"TypeError","mensagem":"Cannot read properties of undefined (reading 'error')","rota":"/api/rotas-escolares","metodo":"POST","ip":"::1"}
[2025-10-26T03:24:49.082Z] ❌ [ERROR] Erro na verificação de motorista escolar: | {}
[2025-10-26T03:24:49.084Z] ❌ [ERROR] 🔐 Erro na autenticação: | {"tipo":"TypeError","mensagem":"Cannot read properties of undefined (reading 'error')","rota":"/api/rotas-escolares","metodo":"GET","ip":"::1"}
[2025-10-26T03:25:55.996Z] 🔍 [DEBUG] Iniciando cadastro via API...
[2025-10-26T03:25:55.997Z] 🔍 [DEBUG] Dados recebidos: | {"tipoCadastro":"motorista_escolar","nomeCompleto":"João Silva","email":"[REDACTED]"}
[2025-10-26T03:25:55.998Z] 🔍 [DEBUG] Validação passou
[2025-10-26T03:25:56.000Z] 🔍 [DEBUG] Iniciando transação...
[2025-10-26T03:25:56.173Z] 🔍 [DEBUG] Verificando email duplicado...
[2025-10-26T03:25:56.179Z] 🔍 [DEBUG] Email já existe, fazendo rollback
undefined[2025-10-26T03:25:56.579Z] 🔒 [SECURITY] Login realizado com sucesso | {"action":"login_success","email":"[REDACTED]","ip":"::1","timestamp":"2025-10-26T03:25:56.579Z"}
[2025-10-26T03:25:56.585Z] ℹ️ [INFO] 🔍 [VALIDATE-TOKEN] Requisição recebida
[2025-10-26T03:25:56.587Z] ℹ️ [INFO] 🔍 [VALIDATE-TOKEN] Authorization header: presente
[2025-10-26T03:25:56.588Z] ℹ️ [INFO] 🔍 [VALIDATE-TOKEN] Token extraído: eyJhbGciOiJIUzI1NiIs...
undefined[2025-10-26T03:25:56.591Z] 🔒 [SECURITY] Tentativa de login com senha incorreta | {"action":"token_validation","userId":50,"email":"[REDACTED]","ip":"::1","timestamp":"2025-10-26T03:25:56.591Z"}
[2025-10-26T03:25:56.599Z] ❌ [ERROR] Erro ao buscar tipos de planos: | {}
[2025-10-26T03:25:56.608Z] ❌ [ERROR] Erro na verificação de motorista escolar: | {}
[2025-10-26T03:25:56.609Z] ❌ [ERROR] 🔐 Erro na autenticação: | {"tipo":"TypeError","mensagem":"Cannot read properties of undefined (reading 'error')","rota":"/api/planos-assinatura/ativar","metodo":"POST","ip":"::1"}
[2025-10-26T03:25:56.616Z] ❌ [ERROR] Erro na verificação de motorista escolar: | {}
[2025-10-26T03:25:56.618Z] ❌ [ERROR] 🔐 Erro na autenticação: | {"tipo":"TypeError","mensagem":"Cannot read properties of undefined (reading 'error')","rota":"/api/planos-assinatura/meu-plano","metodo":"GET","ip":"::1"}
[2025-10-26T03:25:56.624Z] ❌ [ERROR] Erro na verificação de motorista escolar: | {}
[2025-10-26T03:25:56.625Z] ❌ [ERROR] 🔐 Erro na autenticação: | {"tipo":"TypeError","mensagem":"Cannot read properties of undefined (reading 'error')","rota":"/api/rotas-escolares","metodo":"POST","ip":"::1"}
[2025-10-26T03:25:56.634Z] ❌ [ERROR] Erro na verificação de motorista escolar: | {}
[2025-10-26T03:25:56.635Z] ❌ [ERROR] 🔐 Erro na autenticação: | {"tipo":"TypeError","mensagem":"Cannot read properties of undefined (reading 'error')","rota":"/api/rotas-escolares","metodo":"GET","ip":"::1"}
[2025-10-26T03:29:05.566Z] 🔍 [DEBUG] Iniciando cadastro via API...
[2025-10-26T03:29:05.567Z] 🔍 [DEBUG] Dados recebidos: | {"tipoCadastro":"motorista_escolar","nomeCompleto":"João Silva","email":"[REDACTED]"}
[2025-10-26T03:29:05.567Z] 🔍 [DEBUG] Validação passou
[2025-10-26T03:29:05.568Z] 🔍 [DEBUG] Iniciando transação...
[2025-10-26T03:29:05.605Z] 🔍 [DEBUG] Verificando email duplicado...
[2025-10-26T03:29:05.608Z] 🔍 [DEBUG] Email já existe, fazendo rollback
undefined[2025-10-26T03:29:05.817Z] 🔒 [SECURITY] Login realizado com sucesso | {"action":"login_success","email":"[REDACTED]","ip":"::1","timestamp":"2025-10-26T03:29:05.817Z"}
[2025-10-26T03:29:05.819Z] ℹ️ [INFO] 🔍 [VALIDATE-TOKEN] Requisição recebida
[2025-10-26T03:29:05.820Z] ℹ️ [INFO] 🔍 [VALIDATE-TOKEN] Authorization header: presente
[2025-10-26T03:29:05.820Z] ℹ️ [INFO] 🔍 [VALIDATE-TOKEN] Token extraído: eyJhbGciOiJIUzI1NiIs...
undefined[2025-10-26T03:29:05.822Z] 🔒 [SECURITY] Tentativa de login com senha incorreta | {"action":"token_validation","userId":50,"email":"[REDACTED]","ip":"::1","timestamp":"2025-10-26T03:29:05.822Z"}
[2025-10-26T03:29:05.826Z] ❌ [ERROR] Erro ao buscar tipos de planos: | {}
[2025-10-26T03:29:05.830Z] ❌ [ERROR] Erro na verificação de motorista escolar: | {}
[2025-10-26T03:29:05.831Z] ❌ [ERROR] 🔐 Erro na autenticação: | {"tipo":"TypeError","mensagem":"Cannot read properties of undefined (reading 'error')","rota":"/api/planos-assinatura/ativar","metodo":"POST","ip":"::1"}
[2025-10-26T03:29:05.835Z] ❌ [ERROR] Erro na verificação de motorista escolar: | {}
[2025-10-26T03:29:05.836Z] ❌ [ERROR] 🔐 Erro na autenticação: | {"tipo":"TypeError","mensagem":"Cannot read properties of undefined (reading 'error')","rota":"/api/planos-assinatura/meu-plano","metodo":"GET","ip":"::1"}
[2025-10-26T03:29:05.839Z] ❌ [ERROR] Erro na verificação de motorista escolar: | {}
[2025-10-26T03:29:05.840Z] ❌ [ERROR] 🔐 Erro na autenticação: | {"tipo":"TypeError","mensagem":"Cannot read properties of undefined (reading 'error')","rota":"/api/rotas-escolares","metodo":"POST","ip":"::1"}
[2025-10-26T03:29:05.844Z] ❌ [ERROR] Erro na verificação de motorista escolar: | {}
[2025-10-26T03:29:05.844Z] ❌ [ERROR] 🔐 Erro na autenticação: | {"tipo":"TypeError","mensagem":"Cannot read properties of undefined (reading 'error')","rota":"/api/rotas-escolares","metodo":"GET","ip":"::1"}
[2025-10-26T03:30:37.526Z] 🔍 [DEBUG] Iniciando cadastro via API...
[2025-10-26T03:30:37.528Z] 🔍 [DEBUG] Dados recebidos: | {"tipoCadastro":"motorista_escolar","nomeCompleto":"João Silva","email":"[REDACTED]"}
[2025-10-26T03:30:37.529Z] 🔍 [DEBUG] Validação passou
[2025-10-26T03:30:37.530Z] 🔍 [DEBUG] Iniciando transação...
[2025-10-26T03:30:37.623Z] 🔍 [DEBUG] Verificando email duplicado...
[2025-10-26T03:30:37.628Z] 🔍 [DEBUG] Email já existe, fazendo rollback
undefined[2025-10-26T03:30:38.063Z] 🔒 [SECURITY] Login realizado com sucesso | {"action":"login_success","email":"[REDACTED]","ip":"::1","timestamp":"2025-10-26T03:30:38.063Z"}
[2025-10-26T03:30:38.082Z] ℹ️ [INFO] 🔍 [VALIDATE-TOKEN] Requisição recebida
[2025-10-26T03:30:38.083Z] ℹ️ [INFO] 🔍 [VALIDATE-TOKEN] Authorization header: presente
[2025-10-26T03:30:38.084Z] ℹ️ [INFO] 🔍 [VALIDATE-TOKEN] Token extraído: eyJhbGciOiJIUzI1NiIs...
undefined[2025-10-26T03:30:38.086Z] 🔒 [SECURITY] Tentativa de login com senha incorreta | {"action":"token_validation","userId":50,"email":"[REDACTED]","ip":"::1","timestamp":"2025-10-26T03:30:38.086Z"}
[2025-10-26T03:30:38.096Z] ❌ [ERROR] Erro ao buscar tipos de planos: | {}
[2025-10-26T03:30:38.108Z] ❌ [ERROR] Erro na verificação de motorista escolar: | {}
[2025-10-26T03:30:38.109Z] ❌ [ERROR] 🔐 Erro na autenticação: | {"tipo":"TypeError","mensagem":"Cannot read properties of undefined (reading 'error')","rota":"/api/planos-assinatura/ativar","metodo":"POST","ip":"::1"}
[2025-10-26T03:30:38.116Z] ❌ [ERROR] Erro na verificação de motorista escolar: | {}
[2025-10-26T03:30:38.117Z] ❌ [ERROR] 🔐 Erro na autenticação: | {"tipo":"TypeError","mensagem":"Cannot read properties of undefined (reading 'error')","rota":"/api/planos-assinatura/meu-plano","metodo":"GET","ip":"::1"}
[2025-10-26T03:30:38.124Z] ❌ [ERROR] Erro na verificação de motorista escolar: | {}
[2025-10-26T03:30:38.125Z] ❌ [ERROR] 🔐 Erro na autenticação: | {"tipo":"TypeError","mensagem":"Cannot read properties of undefined (reading 'error')","rota":"/api/rotas-escolares","metodo":"POST","ip":"::1"}
[2025-10-26T03:30:38.147Z] ❌ [ERROR] Erro na verificação de motorista escolar: | {}
[2025-10-26T03:30:38.148Z] ❌ [ERROR] 🔐 Erro na autenticação: | {"tipo":"TypeError","mensagem":"Cannot read properties of undefined (reading 'error')","rota":"/api/rotas-escolares","metodo":"GET","ip":"::1"}
[2025-10-26T03:36:02.744Z] ℹ️ [INFO] Tabelas verificadas/criadas com sucesso.
[2025-10-26T03:36:02.749Z] ℹ️ [INFO] 🔄 Inicializando sistema de notificações em tempo real...
[2025-10-26T03:36:02.752Z] ℹ️ [INFO] [REALTIME-SERVER] Servidor de notificações inicializado
[2025-10-26T03:36:02.763Z] ℹ️ [INFO] 🚀 Servidor rodando na porta 3001
[2025-10-26T03:36:02.763Z] ℹ️ [INFO] 📱 Acesse a aplicação em http://localhost:3001
[2025-10-26T03:36:02.856Z] ℹ️ [INFO] [RASTREAMENTO] Integração de notificações em tempo real configurada
[2025-10-26T03:36:02.857Z] ℹ️ [INFO] [CONFERENCIA] Integração de notificações em tempo real configurada
[2025-10-26T03:36:02.858Z] ℹ️ [INFO] ✅ Sistema de notificações em tempo real inicializado
[2025-10-26T03:36:02.859Z] ℹ️ [INFO] 🔌 WebSocket disponível em ws://localhost:3001
[2025-10-26T03:36:17.898Z] 🔍 [DEBUG] Iniciando cadastro via API...
[2025-10-26T03:36:17.899Z] 🔍 [DEBUG] Dados recebidos: | {"tipoCadastro":"motorista_escolar","nomeCompleto":"João Silva","email":"[REDACTED]"}
[2025-10-26T03:36:17.900Z] 🔍 [DEBUG] Validação passou
[2025-10-26T03:36:17.901Z] 🔍 [DEBUG] Iniciando transação...
[2025-10-26T03:36:17.902Z] 🔍 [DEBUG] Verificando email duplicado...
[2025-10-26T03:36:17.908Z] 🔍 [DEBUG] Email já existe, fazendo rollback
undefined[2025-10-26T03:36:18.245Z] 🔒 [SECURITY] Login realizado com sucesso | {"action":"login_success","email":"[REDACTED]","ip":"::1","timestamp":"2025-10-26T03:36:18.245Z"}
[2025-10-26T03:36:18.249Z] ℹ️ [INFO] 🔍 [VALIDATE-TOKEN] Requisição recebida
[2025-10-26T03:36:18.250Z] ℹ️ [INFO] 🔍 [VALIDATE-TOKEN] Authorization header: presente
[2025-10-26T03:36:18.250Z] ℹ️ [INFO] 🔍 [VALIDATE-TOKEN] Token extraído: eyJhbGciOiJIUzI1NiIs...
undefined[2025-10-26T03:36:18.254Z] 🔒 [SECURITY] Tentativa de login com senha incorreta | {"action":"token_validation","userId":50,"email":"[REDACTED]","ip":"::1","timestamp":"2025-10-26T03:36:18.254Z"}
[2025-10-26T03:36:18.332Z] ❌ [ERROR] Erro ao ativar plano: | {"length":113,"name":"error","severity":"ERRO","code":"42P01","position":"19","file":"parse_relation.c","line":"1452","routine":"parserOpenTable"}
[2025-10-26T03:36:18.339Z] ❌ [ERROR] Erro ao buscar plano atual: | {"length":114,"name":"error","severity":"ERRO","code":"42P01","position":"223","file":"parse_relation.c","line":"1452","routine":"parserOpenTable"}
[2025-10-26T03:36:18.398Z] ❌ [ERROR] Erro na verificação de limites do plano: | {"length":113,"name":"error","severity":"ERRO","code":"42P01","position":"69","file":"parse_relation.c","line":"1452","routine":"parserOpenTable"}
[2025-10-26T03:36:18.399Z] ❌ [ERROR] apiResponse object: | {}
[2025-10-26T03:36:18.399Z] ❌ [ERROR] apiResponse.error type: | function
[2025-10-26T03:36:18.452Z] ❌ [ERROR] Erro ao listar rotas escolares: | {"length":114,"name":"error","severity":"ERRO","code":"42P01","position":"22","file":"parse_relation.c","line":"1452","routine":"parserOpenTable"}
[2025-10-26T16:19:02.313Z] ℹ️ [INFO] Tabelas verificadas/criadas com sucesso.
[2025-10-26T16:19:02.328Z] ℹ️ [INFO] 🔄 Inicializando sistema de notificações em tempo real...
[2025-10-26T16:19:02.335Z] ℹ️ [INFO] [REALTIME-SERVER] Servidor de notificações inicializado
[2025-10-26T16:19:02.371Z] ℹ️ [INFO] 🚀 Servidor rodando na porta 3001
[2025-10-26T16:19:02.372Z] ℹ️ [INFO] 📱 Acesse a aplicação em http://localhost:3001
[2025-10-26T16:19:02.419Z] ℹ️ [INFO] [RASTREAMENTO] Integração de notificações em tempo real configurada
[2025-10-26T16:19:02.420Z] ℹ️ [INFO] [CONFERENCIA] Integração de notificações em tempo real configurada
[2025-10-26T16:19:02.421Z] ℹ️ [INFO] ✅ Sistema de notificações em tempo real inicializado
[2025-10-26T16:19:02.422Z] ℹ️ [INFO] 🔌 WebSocket disponível em ws://localhost:3001
[2025-10-26T16:19:14.830Z] 🔍 [DEBUG] Iniciando cadastro via API...
[2025-10-26T16:19:14.831Z] 🔍 [DEBUG] Dados recebidos: | {"tipoCadastro":"motorista_escolar","nomeCompleto":"João Silva","email":"[REDACTED]"}
[2025-10-26T16:19:14.834Z] 🔍 [DEBUG] Validação passou
[2025-10-26T16:19:14.835Z] 🔍 [DEBUG] Iniciando transação...
[2025-10-26T16:19:14.837Z] 🔍 [DEBUG] Verificando email duplicado...
[2025-10-26T16:19:14.853Z] 🔍 [DEBUG] Email já existe, fazendo rollback
undefined[2025-10-26T16:19:15.407Z] 🔒 [SECURITY] Login realizado com sucesso | {"action":"login_success","email":"[REDACTED]","ip":"::1","timestamp":"2025-10-26T16:19:15.407Z"}
[2025-10-26T16:19:15.413Z] ℹ️ [INFO] 🔍 [VALIDATE-TOKEN] Requisição recebida
[2025-10-26T16:19:15.414Z] ℹ️ [INFO] 🔍 [VALIDATE-TOKEN] Authorization header: presente
[2025-10-26T16:19:15.415Z] ℹ️ [INFO] 🔍 [VALIDATE-TOKEN] Token extraído: eyJhbGciOiJIUzI1NiIs...
undefined[2025-10-26T16:19:15.420Z] 🔒 [SECURITY] Tentativa de login com senha incorreta | {"action":"token_validation","userId":50,"email":"[REDACTED]","ip":"::1","timestamp":"2025-10-26T16:19:15.419Z"}
[2025-10-26T16:19:15.536Z] ❌ [ERROR] Erro ao ativar plano: | {"length":113,"name":"error","severity":"ERRO","code":"42P01","position":"19","file":"parse_relation.c","line":"1452","routine":"parserOpenTable"}
[2025-10-26T16:19:15.546Z] ❌ [ERROR] Erro ao buscar plano atual: | {"length":114,"name":"error","severity":"ERRO","code":"42P01","position":"223","file":"parse_relation.c","line":"1452","routine":"parserOpenTable"}
[2025-10-26T16:19:15.645Z] ❌ [ERROR] Erro na verificação de limites do plano: | {"length":113,"name":"error","severity":"ERRO","code":"42P01","position":"69","file":"parse_relation.c","line":"1452","routine":"parserOpenTable"}
[2025-10-26T16:19:15.767Z] ❌ [ERROR] Erro ao listar rotas escolares: | {"length":114,"name":"error","severity":"ERRO","code":"42P01","position":"22","file":"parse_relation.c","line":"1452","routine":"parserOpenTable"}
undefined[2025-10-26T16:23:31.066Z] 🔒 [SECURITY] Tentativa de login com dados inválidos | {"action":"login_failed","email":"[REDACTED]","ip":"::1","timestamp":"2025-10-26T16:23:31.066Z"}
undefined[2025-10-26T16:23:31.089Z] 🔒 [SECURITY] Tentativa de login com dados inválidos | {"action":"login_failed","email":"[REDACTED]","ip":"::1","timestamp":"2025-10-26T16:23:31.089Z"}
undefined[2025-10-26T16:23:31.101Z] 🔒 [SECURITY] Tentativa de login com dados inválidos | {"action":"login_failed","email":"[REDACTED]","ip":"::1","timestamp":"2025-10-26T16:23:31.101Z"}
undefined[2025-10-26T16:23:31.111Z] 🔒 [SECURITY] Tentativa de login com dados inválidos | {"action":"login_failed","email":"[REDACTED]","ip":"::1","timestamp":"2025-10-26T16:23:31.111Z"}
undefined[2025-10-26T16:24:11.216Z] 🔒 [SECURITY] Tentativa de login com dados inválidos | {"action":"login_failed","email":"[REDACTED]","ip":"::1","timestamp":"2025-10-26T16:24:11.216Z"}
undefined[2025-10-26T16:24:11.237Z] 🔒 [SECURITY] Tentativa de login com dados inválidos | {"action":"login_failed","email":"[REDACTED]","ip":"::1","timestamp":"2025-10-26T16:24:11.237Z"}
undefined[2025-10-26T16:24:11.246Z] 🔒 [SECURITY] Tentativa de login com dados inválidos | {"action":"login_failed","email":"[REDACTED]","ip":"::1","timestamp":"2025-10-26T16:24:11.246Z"}
undefined[2025-10-26T16:24:11.257Z] 🔒 [SECURITY] Tentativa de login com dados inválidos | {"action":"login_failed","email":"[REDACTED]","ip":"::1","timestamp":"2025-10-26T16:24:11.257Z"}
undefined[2025-10-26T16:24:46.716Z] 🔒 [SECURITY] Tentativa de login com dados inválidos | {"action":"login_failed","email":"[REDACTED]","ip":"::1","timestamp":"2025-10-26T16:24:46.716Z"}
undefined[2025-10-26T16:24:46.732Z] 🔒 [SECURITY] Tentativa de login com dados inválidos | {"action":"login_failed","email":"[REDACTED]","ip":"::1","timestamp":"2025-10-26T16:24:46.732Z"}
undefined[2025-10-26T16:24:46.740Z] 🔒 [SECURITY] Tentativa de login com dados inválidos | {"action":"login_failed","email":"[REDACTED]","ip":"::1","timestamp":"2025-10-26T16:24:46.740Z"}
undefined[2025-10-26T16:24:46.748Z] 🔒 [SECURITY] Tentativa de login com dados inválidos | {"action":"login_failed","email":"[REDACTED]","ip":"::1","timestamp":"2025-10-26T16:24:46.748Z"}
undefined[2025-10-26T16:25:44.521Z] 🔒 [SECURITY] Tentativa de login com dados inválidos | {"action":"login_failed","email":"[REDACTED]","ip":"::1","timestamp":"2025-10-26T16:25:44.521Z"}
undefined[2025-10-26T16:26:09.494Z] 🔒 [SECURITY] Tentativa de login com dados inválidos | {"action":"login_failed","email":"[REDACTED]","ip":"::1","timestamp":"2025-10-26T16:26:09.494Z"}
[2025-10-26T16:26:30.743Z] ℹ️ [INFO] Tabelas verificadas/criadas com sucesso.
[2025-10-26T16:26:30.748Z] ℹ️ [INFO] 🔄 Inicializando sistema de notificações em tempo real...
[2025-10-26T16:26:30.751Z] ℹ️ [INFO] [REALTIME-SERVER] Servidor de notificações inicializado
[2025-10-26T16:26:30.760Z] ℹ️ [INFO] 🚀 Servidor rodando na porta 3001
[2025-10-26T16:26:30.761Z] ℹ️ [INFO] 📱 Acesse a aplicação em http://localhost:3001
[2025-10-26T16:26:30.805Z] ℹ️ [INFO] [RASTREAMENTO] Integração de notificações em tempo real configurada
[2025-10-26T16:26:30.806Z] ℹ️ [INFO] [CONFERENCIA] Integração de notificações em tempo real configurada
[2025-10-26T16:26:30.807Z] ℹ️ [INFO] ✅ Sistema de notificações em tempo real inicializado
[2025-10-26T16:26:30.807Z] ℹ️ [INFO] 🔌 WebSocket disponível em ws://localhost:3001
undefined[2025-10-26T16:26:39.519Z] 🔒 [SECURITY] Tentativa de login com dados inválidos | {"action":"login_failed","email":"[REDACTED]","ip":"::1","timestamp":"2025-10-26T16:26:39.518Z"}
[2025-10-26T16:27:20.034Z] ℹ️ [INFO] Tabelas verificadas/criadas com sucesso.
[2025-10-26T16:27:20.040Z] ℹ️ [INFO] 🔄 Inicializando sistema de notificações em tempo real...
[2025-10-26T16:27:20.047Z] ℹ️ [INFO] [REALTIME-SERVER] Servidor de notificações inicializado
[2025-10-26T16:27:20.071Z] ℹ️ [INFO] 🚀 Servidor rodando na porta 3001
[2025-10-26T16:27:20.073Z] ℹ️ [INFO] 📱 Acesse a aplicação em http://localhost:3001
[2025-10-26T16:27:20.089Z] ℹ️ [INFO] [RASTREAMENTO] Integração de notificações em tempo real configurada
[2025-10-26T16:27:20.091Z] ℹ️ [INFO] [CONFERENCIA] Integração de notificações em tempo real configurada
[2025-10-26T16:27:20.095Z] ℹ️ [INFO] ✅ Sistema de notificações em tempo real inicializado
[2025-10-26T16:27:20.098Z] ℹ️ [INFO] 🔌 WebSocket disponível em ws://localhost:3001
undefined[2025-10-26T16:27:28.630Z] 🔒 [SECURITY] Tentativa de login com dados inválidos | {"action":"login_failed","email":"[REDACTED]","ip":"::1","timestamp":"2025-10-26T16:27:28.630Z"}
undefined[2025-10-26T16:31:09.596Z] 🔒 [SECURITY] Login realizado com sucesso | {"action":"login_success","email":"[REDACTED]","ip":"::1","timestamp":"2025-10-26T16:31:09.596Z"}
[2025-10-26T16:31:45.065Z] ℹ️ [INFO] Tabelas verificadas/criadas com sucesso.
[2025-10-26T16:31:45.074Z] ℹ️ [INFO] 🔄 Inicializando sistema de notificações em tempo real...
[2025-10-26T16:31:45.077Z] ℹ️ [INFO] [REALTIME-SERVER] Servidor de notificações inicializado
[2025-10-26T16:31:45.101Z] ℹ️ [INFO] 🚀 Servidor rodando na porta 3001
[2025-10-26T16:31:45.102Z] ℹ️ [INFO] 📱 Acesse a aplicação em http://localhost:3001
[2025-10-26T16:31:45.133Z] ℹ️ [INFO] [RASTREAMENTO] Integração de notificações em tempo real configurada
[2025-10-26T16:31:45.135Z] ℹ️ [INFO] [CONFERENCIA] Integração de notificações em tempo real configurada
[2025-10-26T16:31:45.138Z] ℹ️ [INFO] ✅ Sistema de notificações em tempo real inicializado
[2025-10-26T16:31:45.141Z] ℹ️ [INFO] 🔌 WebSocket disponível em ws://localhost:3001
undefined[2025-10-26T16:31:53.433Z] 🔒 [SECURITY] Login realizado com sucesso | {"action":"login_success","email":"[REDACTED]","ip":"::1","timestamp":"2025-10-26T16:31:53.433Z"}
undefined[2025-10-26T16:31:53.904Z] 🔒 [SECURITY] Login realizado com sucesso | {"action":"login_success","email":"[REDACTED]","ip":"::1","timestamp":"2025-10-26T16:31:53.904Z"}
undefined[2025-10-26T16:31:54.335Z] 🔒 [SECURITY] Login realizado com sucesso | {"action":"login_success","email":"[REDACTED]","ip":"::1","timestamp":"2025-10-26T16:31:54.335Z"}
undefined[2025-10-26T16:31:54.790Z] 🔒 [SECURITY] Login realizado com sucesso | {"action":"login_success","email":"[REDACTED]","ip":"::1","timestamp":"2025-10-26T16:31:54.790Z"}
[2025-10-26T16:31:54.826Z] ❌ [ERROR] Erro ao listar rotas escolares: | {"length":114,"name":"error","severity":"ERRO","code":"42P01","position":"22","file":"parse_relation.c","line":"1452","routine":"parserOpenTable"}
undefined[2025-10-26T16:33:55.205Z] 🔒 [SECURITY] Login realizado com sucesso | {"action":"login_success","email":"[REDACTED]","ip":"::1","timestamp":"2025-10-26T16:33:55.205Z"}
undefined[2025-10-26T16:33:55.544Z] 🔒 [SECURITY] Login realizado com sucesso | {"action":"login_success","email":"[REDACTED]","ip":"::1","timestamp":"2025-10-26T16:33:55.544Z"}
undefined[2025-10-26T16:33:55.875Z] 🔒 [SECURITY] Login realizado com sucesso | {"action":"login_success","email":"[REDACTED]","ip":"::1","timestamp":"2025-10-26T16:33:55.875Z"}
undefined[2025-10-26T16:33:56.203Z] 🔒 [SECURITY] Login realizado com sucesso | {"action":"login_success","email":"[REDACTED]","ip":"::1","timestamp":"2025-10-26T16:33:56.203Z"}
[2025-10-26T16:33:56.228Z] ❌ [ERROR] Erro ao listar rotas escolares: | {"length":114,"name":"error","severity":"ERRO","code":"42P01","position":"22","file":"parse_relation.c","line":"1452","routine":"parserOpenTable"}
[2025-10-26T16:37:41.327Z] ℹ️ [INFO] Tabelas verificadas/criadas com sucesso.
[2025-10-26T16:37:41.335Z] ℹ️ [INFO] 🔄 Inicializando sistema de notificações em tempo real...
[2025-10-26T16:37:41.339Z] ℹ️ [INFO] [REALTIME-SERVER] Servidor de notificações inicializado
[2025-10-26T16:37:41.359Z] ℹ️ [INFO] 🚀 Servidor rodando na porta 3001
[2025-10-26T16:37:41.361Z] ℹ️ [INFO] 📱 Acesse a aplicação em http://localhost:3001
[2025-10-26T16:37:41.379Z] ℹ️ [INFO] [RASTREAMENTO] Integração de notificações em tempo real configurada
[2025-10-26T16:37:41.381Z] ℹ️ [INFO] [CONFERENCIA] Integração de notificações em tempo real configurada
[2025-10-26T16:37:41.382Z] ℹ️ [INFO] ✅ Sistema de notificações em tempo real inicializado
[2025-10-26T16:37:41.384Z] ℹ️ [INFO] 🔌 WebSocket disponível em ws://localhost:3001
undefined[2025-10-26T16:37:55.645Z] 🔒 [SECURITY] Login realizado com sucesso | {"action":"login_success","email":"[REDACTED]","ip":"::1","timestamp":"2025-10-26T16:37:55.645Z"}
undefined[2025-10-26T16:37:56.122Z] 🔒 [SECURITY] Login realizado com sucesso | {"action":"login_success","email":"[REDACTED]","ip":"::1","timestamp":"2025-10-26T16:37:56.122Z"}
undefined[2025-10-26T16:37:56.717Z] 🔒 [SECURITY] Login realizado com sucesso | {"action":"login_success","email":"[REDACTED]","ip":"::1","timestamp":"2025-10-26T16:37:56.717Z"}
undefined[2025-10-26T16:37:57.492Z] 🔒 [SECURITY] Login realizado com sucesso | {"action":"login_success","email":"[REDACTED]","ip":"::1","timestamp":"2025-10-26T16:37:57.492Z"}
[2025-10-26T16:37:57.751Z] ❌ [ERROR] Erro ao listar rotas escolares: | {"length":114,"name":"error","severity":"ERRO","code":"42P01","position":"22","file":"parse_relation.c","line":"1452","routine":"parserOpenTable"}
[2025-10-26T16:42:47.794Z] ℹ️ [INFO] Tabelas verificadas/criadas com sucesso.
[2025-10-26T16:42:47.800Z] ℹ️ [INFO] 🔄 Inicializando sistema de notificações em tempo real...
[2025-10-26T16:42:47.804Z] ℹ️ [INFO] [REALTIME-SERVER] Servidor de notificações inicializado
[2025-10-26T16:42:47.835Z] ℹ️ [INFO] 🚀 Servidor rodando na porta 3001
[2025-10-26T16:42:47.837Z] ℹ️ [INFO] 📱 Acesse a aplicação em http://localhost:3001
[2025-10-26T16:42:47.855Z] ℹ️ [INFO] [RASTREAMENTO] Integração de notificações em tempo real configurada
[2025-10-26T16:42:47.856Z] ℹ️ [INFO] [CONFERENCIA] Integração de notificações em tempo real configurada
[2025-10-26T16:42:47.858Z] ℹ️ [INFO] ✅ Sistema de notificações em tempo real inicializado
[2025-10-26T16:42:47.859Z] ℹ️ [INFO] 🔌 WebSocket disponível em ws://localhost:3001
undefined[2025-10-26T16:43:15.030Z] 🔒 [SECURITY] Login realizado com sucesso | {"action":"login_success","email":"[REDACTED]","ip":"::1","timestamp":"2025-10-26T16:43:15.030Z"}
undefined[2025-10-26T16:43:15.388Z] 🔒 [SECURITY] Login realizado com sucesso | {"action":"login_success","email":"[REDACTED]","ip":"::1","timestamp":"2025-10-26T16:43:15.388Z"}
undefined[2025-10-26T16:43:15.761Z] 🔒 [SECURITY] Login realizado com sucesso | {"action":"login_success","email":"[REDACTED]","ip":"::1","timestamp":"2025-10-26T16:43:15.761Z"}
undefined[2025-10-26T16:43:16.110Z] 🔒 [SECURITY] Login realizado com sucesso | {"action":"login_success","email":"[REDACTED]","ip":"::1","timestamp":"2025-10-26T16:43:16.110Z"}
[2025-10-26T16:43:16.135Z] ❌ [ERROR] Erro ao buscar perfil do usuário: | {"length":110,"name":"error","severity":"ERRO","code":"42703","position":"133","file":"parse_relation.c","line":"3721","routine":"errorMissingColumn"}
[2025-10-26T16:43:16.254Z] ❌ [ERROR] Erro ao listar rotas escolares: | {"length":114,"name":"error","severity":"ERRO","code":"42P01","position":"22","file":"parse_relation.c","line":"1452","routine":"parserOpenTable"}
[2025-10-26T16:43:16.462Z] ❌ [ERROR] Erro ao buscar notificações: | {"length":109,"name":"error","severity":"ERRO","code":"42P01","position":"128","file":"parse_relation.c","line":"1452","routine":"parserOpenTable"}
[2025-10-26T16:43:16.680Z] ❌ [ERROR] Erro ao buscar perfil do usuário: | {"length":110,"name":"error","severity":"ERRO","code":"42703","position":"133","file":"parse_relation.c","line":"3721","routine":"errorMissingColumn"}
[2025-10-26T16:43:16.779Z] ❌ [ERROR] Erro ao buscar notificações: | {"length":109,"name":"error","severity":"ERRO","code":"42P01","position":"128","file":"parse_relation.c","line":"1452","routine":"parserOpenTable"}
[2025-10-26T16:43:16.859Z] ❌ [ERROR] Erro ao buscar perfil do usuário: | {"length":110,"name":"error","severity":"ERRO","code":"42703","position":"133","file":"parse_relation.c","line":"3721","routine":"errorMissingColumn"}
[2025-10-26T16:43:16.927Z] ❌ [ERROR] Erro ao buscar status da assinatura: | {"length":108,"name":"error","severity":"ERRO","code":"42P01","position":"290","file":"parse_relation.c","line":"1452","routine":"parserOpenTable"}
[2025-10-26T16:43:17.001Z] ❌ [ERROR] Erro ao buscar planos: | {"length":100,"name":"error","severity":"ERRO","code":"42703","position":"25","file":"parse_relation.c","line":"3721","routine":"errorMissingColumn"}
[2025-10-26T16:43:17.092Z] ❌ [ERROR] Erro ao buscar crianças: | {"length":176,"name":"error","severity":"ERRO","code":"42703","hint":"Talvez você queira fazer referência à coluna \"c.motorista_id\".","position":"439","file":"parse_relation.c","line":"3732","routine":"errorMissingColumn"}
[2025-10-26T16:43:17.172Z] ❌ [ERROR] Erro ao cadastrar criança: | {"length":126,"name":"error","severity":"ERRO","code":"42703","position":"73","file":"parse_target.c","line":"1070","routine":"checkInsertTargets"}
[2025-10-26T16:43:17.256Z] ❌ [ERROR] Erro ao buscar preferências de notificação: | {"length":120,"name":"error","severity":"ERRO","code":"42P01","position":"28","file":"parse_relation.c","line":"1452","routine":"parserOpenTable"}
[2025-10-26T16:43:17.442Z] ❌ [ERROR] Erro ao buscar notificações: | {"length":109,"name":"error","severity":"ERRO","code":"42P01","position":"128","file":"parse_relation.c","line":"1452","routine":"parserOpenTable"}
[2025-10-26T16:43:17.517Z] ❌ [ERROR] Erro ao buscar perfil do usuário: | {"length":110,"name":"error","severity":"ERRO","code":"42703","position":"133","file":"parse_relation.c","line":"3721","routine":"errorMissingColumn"}
[2025-10-26T16:43:17.623Z] ❌ [ERROR] Erro ao buscar status da assinatura: | {"length":108,"name":"error","severity":"ERRO","code":"42P01","position":"290","file":"parse_relation.c","line":"1452","routine":"parserOpenTable"}
[2025-10-26T16:43:17.728Z] ❌ [ERROR] Erro ao buscar crianças: | {"length":176,"name":"error","severity":"ERRO","code":"42703","hint":"Talvez você queira fazer referência à coluna \"c.motorista_id\".","position":"439","file":"parse_relation.c","line":"3732","routine":"errorMissingColumn"}
[2025-10-26T16:43:17.813Z] ❌ [ERROR] Erro ao cadastrar criança: | {"length":126,"name":"error","severity":"ERRO","code":"42703","position":"73","file":"parse_target.c","line":"1070","routine":"checkInsertTargets"}
[2025-10-26T16:43:17.922Z] ❌ [ERROR] Erro ao buscar preferências de notificação: | {"length":120,"name":"error","severity":"ERRO","code":"42P01","position":"28","file":"parse_relation.c","line":"1452","routine":"parserOpenTable"}
[2025-10-26T16:44:01.760Z] ℹ️ [INFO] Tabelas verificadas/criadas com sucesso.
undefined[2025-10-26T16:44:13.508Z] 🔒 [SECURITY] Login realizado com sucesso | {"action":"login_success","email":"[REDACTED]","ip":"::1","timestamp":"2025-10-26T16:44:13.508Z"}
undefined[2025-10-26T16:44:13.854Z] 🔒 [SECURITY] Login realizado com sucesso | {"action":"login_success","email":"[REDACTED]","ip":"::1","timestamp":"2025-10-26T16:44:13.854Z"}
[2025-10-26T16:44:13.876Z] ❌ [ERROR] Erro ao buscar perfil do usuário: | {"length":110,"name":"error","severity":"ERRO","code":"42703","position":"133","file":"parse_relation.c","line":"3721","routine":"errorMissingColumn"}
[2025-10-26T16:44:13.959Z] ❌ [ERROR] Erro ao listar rotas escolares: | {"length":114,"name":"error","severity":"ERRO","code":"42P01","position":"22","file":"parse_relation.c","line":"1452","routine":"parserOpenTable"}
[2025-10-26T16:44:14.103Z] ❌ [ERROR] Erro ao buscar notificações: | {"length":109,"name":"error","severity":"ERRO","code":"42P01","position":"128","file":"parse_relation.c","line":"1452","routine":"parserOpenTable"}
[2025-10-26T16:44:14.224Z] ❌ [ERROR] Erro ao buscar perfil do usuário: | {"length":110,"name":"error","severity":"ERRO","code":"42703","position":"133","file":"parse_relation.c","line":"3721","routine":"errorMissingColumn"}
[2025-10-26T16:44:14.330Z] ❌ [ERROR] Erro ao buscar notificações: | {"length":109,"name":"error","severity":"ERRO","code":"42P01","position":"128","file":"parse_relation.c","line":"1452","routine":"parserOpenTable"}
undefined[2025-10-26T16:51:15.557Z] 🔒 [SECURITY] Login realizado com sucesso | {"action":"login_success","email":"[REDACTED]","ip":"::1","timestamp":"2025-10-26T16:51:15.557Z"}
undefined[2025-10-26T16:51:16.276Z] 🔒 [SECURITY] Login realizado com sucesso | {"action":"login_success","email":"[REDACTED]","ip":"::1","timestamp":"2025-10-26T16:51:16.276Z"}
undefined[2025-10-26T16:51:17.009Z] 🔒 [SECURITY] Login realizado com sucesso | {"action":"login_success","email":"[REDACTED]","ip":"::1","timestamp":"2025-10-26T16:51:17.009Z"}
undefined[2025-10-26T16:51:17.765Z] 🔒 [SECURITY] Login realizado com sucesso | {"action":"login_success","email":"[REDACTED]","ip":"::1","timestamp":"2025-10-26T16:51:17.765Z"}
[2025-10-26T16:51:17.836Z] ❌ [ERROR] Erro ao buscar perfil do usuário: | {"length":110,"name":"error","severity":"ERRO","code":"42703","position":"133","file":"parse_relation.c","line":"3721","routine":"errorMissingColumn"}
[2025-10-26T16:51:17.974Z] ❌ [ERROR] Erro ao listar rotas escolares: | {"length":114,"name":"error","severity":"ERRO","code":"42P01","position":"22","file":"parse_relation.c","line":"1452","routine":"parserOpenTable"}
[2025-10-26T16:51:18.163Z] ❌ [ERROR] Erro ao buscar perfil do usuário: | {"length":110,"name":"error","severity":"ERRO","code":"42703","position":"133","file":"parse_relation.c","line":"3721","routine":"errorMissingColumn"}
[2025-10-26T16:51:18.353Z] ❌ [ERROR] Erro ao buscar perfil do usuário: | {"length":110,"name":"error","severity":"ERRO","code":"42703","position":"133","file":"parse_relation.c","line":"3721","routine":"errorMissingColumn"}
[2025-10-26T16:51:18.432Z] ❌ [ERROR] Erro ao buscar status da assinatura: | {"length":107,"name":"error","severity":"ERRO","code":"42703","position":"102","file":"parse_relation.c","line":"3721","routine":"errorMissingColumn"}
[2025-10-26T16:51:18.522Z] ❌ [ERROR] Erro ao buscar planos: | {"length":100,"name":"error","severity":"ERRO","code":"42703","position":"25","file":"parse_relation.c","line":"3721","routine":"errorMissingColumn"}
[2025-10-26T16:51:18.590Z] ❌ [ERROR] Erro ao buscar crianças: | {"length":176,"name":"error","severity":"ERRO","code":"42703","hint":"Talvez você queira fazer referência à coluna \"c.motorista_id\".","position":"439","file":"parse_relation.c","line":"3732","routine":"errorMissingColumn"}
[2025-10-26T16:51:18.806Z] ❌ [ERROR] Erro ao cadastrar criança: | {"length":126,"name":"error","severity":"ERRO","code":"42703","position":"73","file":"parse_target.c","line":"1070","routine":"checkInsertTargets"}
[2025-10-26T16:51:18.921Z] ❌ [ERROR] Erro ao buscar perfil do usuário: | {"length":110,"name":"error","severity":"ERRO","code":"42703","position":"133","file":"parse_relation.c","line":"3721","routine":"errorMissingColumn"}
[2025-10-26T16:51:19.127Z] ❌ [ERROR] Erro ao buscar status da assinatura: | {"length":107,"name":"error","severity":"ERRO","code":"42703","position":"102","file":"parse_relation.c","line":"3721","routine":"errorMissingColumn"}
[2025-10-26T16:51:19.198Z] ❌ [ERROR] Erro ao buscar crianças: | {"length":176,"name":"error","severity":"ERRO","code":"42703","hint":"Talvez você queira fazer referência à coluna \"c.motorista_id\".","position":"439","file":"parse_relation.c","line":"3732","routine":"errorMissingColumn"}
[2025-10-26T16:51:19.302Z] ❌ [ERROR] Erro ao cadastrar criança: | {"length":126,"name":"error","severity":"ERRO","code":"42703","position":"73","file":"parse_target.c","line":"1070","routine":"checkInsertTargets"}
undefined[2025-10-26T16:55:12.578Z] 🔒 [SECURITY] Login realizado com sucesso | {"action":"login_success","email":"[REDACTED]","ip":"::1","timestamp":"2025-10-26T16:55:12.578Z"}
undefined[2025-10-26T16:55:13.156Z] 🔒 [SECURITY] Login realizado com sucesso | {"action":"login_success","email":"[REDACTED]","ip":"::1","timestamp":"2025-10-26T16:55:13.155Z"}
undefined[2025-10-26T16:55:13.763Z] 🔒 [SECURITY] Login realizado com sucesso | {"action":"login_success","email":"[REDACTED]","ip":"::1","timestamp":"2025-10-26T16:55:13.763Z"}
undefined[2025-10-26T16:55:14.292Z] 🔒 [SECURITY] Login realizado com sucesso | {"action":"login_success","email":"[REDACTED]","ip":"::1","timestamp":"2025-10-26T16:55:14.292Z"}
[2025-10-26T16:55:14.322Z] ❌ [ERROR] Erro ao buscar perfil do usuário: | {"length":110,"name":"error","severity":"ERRO","code":"42703","position":"133","file":"parse_relation.c","line":"3721","routine":"errorMissingColumn"}
[2025-10-26T16:55:14.496Z] ❌ [ERROR] Erro ao listar rotas escolares: | {"length":114,"name":"error","severity":"ERRO","code":"42P01","position":"22","file":"parse_relation.c","line":"1452","routine":"parserOpenTable"}
[2025-10-26T16:55:14.713Z] ❌ [ERROR] Erro ao buscar perfil do usuário: | {"length":110,"name":"error","severity":"ERRO","code":"42703","position":"133","file":"parse_relation.c","line":"3721","routine":"errorMissingColumn"}
[2025-10-26T16:55:14.922Z] ❌ [ERROR] Erro ao buscar perfil do usuário: | {"length":110,"name":"error","severity":"ERRO","code":"42703","position":"133","file":"parse_relation.c","line":"3721","routine":"errorMissingColumn"}
[2025-10-26T16:55:15.150Z] ❌ [ERROR] Erro ao buscar status da assinatura: | {"length":107,"name":"error","severity":"ERRO","code":"42703","position":"102","file":"parse_relation.c","line":"3721","routine":"errorMissingColumn"}
[2025-10-26T16:55:15.409Z] ❌ [ERROR] Erro ao buscar planos: | {"length":100,"name":"error","severity":"ERRO","code":"42703","position":"25","file":"parse_relation.c","line":"3721","routine":"errorMissingColumn"}
[2025-10-26T16:55:15.527Z] ❌ [ERROR] Erro ao buscar crianças: | {"length":176,"name":"error","severity":"ERRO","code":"42703","hint":"Talvez você queira fazer referência à coluna \"c.motorista_id\".","position":"439","file":"parse_relation.c","line":"3732","routine":"errorMissingColumn"}
[2025-10-26T16:55:15.723Z] ❌ [ERROR] Erro ao cadastrar criança: | {"length":126,"name":"error","severity":"ERRO","code":"42703","position":"73","file":"parse_target.c","line":"1070","routine":"checkInsertTargets"}
[2025-10-26T16:55:15.927Z] ❌ [ERROR] Erro ao buscar perfil do usuário: | {"length":110,"name":"error","severity":"ERRO","code":"42703","position":"133","file":"parse_relation.c","line":"3721","routine":"errorMissingColumn"}
[2025-10-26T16:55:16.094Z] ❌ [ERROR] Erro ao buscar status da assinatura: | {"length":107,"name":"error","severity":"ERRO","code":"42703","position":"102","file":"parse_relation.c","line":"3721","routine":"errorMissingColumn"}
[2025-10-26T16:55:16.274Z] ❌ [ERROR] Erro ao buscar crianças: | {"length":176,"name":"error","severity":"ERRO","code":"42703","hint":"Talvez você queira fazer referência à coluna \"c.motorista_id\".","position":"439","file":"parse_relation.c","line":"3732","routine":"errorMissingColumn"}
[2025-10-26T16:55:16.640Z] ❌ [ERROR] Erro ao cadastrar criança: | {"length":126,"name":"error","severity":"ERRO","code":"42703","position":"73","file":"parse_target.c","line":"1070","routine":"checkInsertTargets"}
[2025-10-26T16:55:38.194Z] ℹ️ [INFO] Tabelas verificadas/criadas com sucesso.
[2025-10-26T16:55:38.202Z] ℹ️ [INFO] 🔄 Inicializando sistema de notificações em tempo real...
[2025-10-26T16:55:38.218Z] ℹ️ [INFO] [REALTIME-SERVER] Servidor de notificações inicializado
[2025-10-26T16:55:38.261Z] ℹ️ [INFO] 🚀 Servidor rodando na porta 3001
[2025-10-26T16:55:38.262Z] ℹ️ [INFO] 📱 Acesse a aplicação em http://localhost:3001
[2025-10-26T16:55:38.306Z] ℹ️ [INFO] [RASTREAMENTO] Integração de notificações em tempo real configurada
[2025-10-26T16:55:38.309Z] ℹ️ [INFO] [CONFERENCIA] Integração de notificações em tempo real configurada
[2025-10-26T16:55:38.311Z] ℹ️ [INFO] ✅ Sistema de notificações em tempo real inicializado
[2025-10-26T16:55:38.313Z] ℹ️ [INFO] 🔌 WebSocket disponível em ws://localhost:3001
undefined[2025-10-26T16:55:47.070Z] 🔒 [SECURITY] Login realizado com sucesso | {"action":"login_success","email":"[REDACTED]","ip":"::1","timestamp":"2025-10-26T16:55:47.070Z"}
undefined[2025-10-26T16:55:47.640Z] 🔒 [SECURITY] Login realizado com sucesso | {"action":"login_success","email":"[REDACTED]","ip":"::1","timestamp":"2025-10-26T16:55:47.639Z"}
undefined[2025-10-26T16:55:48.237Z] 🔒 [SECURITY] Login realizado com sucesso | {"action":"login_success","email":"[REDACTED]","ip":"::1","timestamp":"2025-10-26T16:55:48.237Z"}
undefined[2025-10-26T16:55:48.923Z] 🔒 [SECURITY] Login realizado com sucesso | {"action":"login_success","email":"[REDACTED]","ip":"::1","timestamp":"2025-10-26T16:55:48.923Z"}
[2025-10-26T16:55:48.973Z] ❌ [ERROR] Erro ao buscar perfil do usuário: | {"length":110,"name":"error","severity":"ERRO","code":"42703","position":"133","file":"parse_relation.c","line":"3721","routine":"errorMissingColumn"}
[2025-10-26T16:55:49.303Z] ❌ [ERROR] Erro ao listar rotas escolares: | {"length":114,"name":"error","severity":"ERRO","code":"42P01","position":"22","file":"parse_relation.c","line":"1452","routine":"parserOpenTable"}
[2025-10-26T16:55:49.560Z] ❌ [ERROR] Erro ao buscar perfil do usuário: | {"length":110,"name":"error","severity":"ERRO","code":"42703","position":"133","file":"parse_relation.c","line":"3721","routine":"errorMissingColumn"}
[2025-10-26T16:55:49.748Z] ❌ [ERROR] Erro ao buscar perfil do usuário: | {"length":110,"name":"error","severity":"ERRO","code":"42703","position":"133","file":"parse_relation.c","line":"3721","routine":"errorMissingColumn"}
[2025-10-26T16:55:49.902Z] ❌ [ERROR] Erro ao buscar status da assinatura: | {"length":107,"name":"error","severity":"ERRO","code":"42703","position":"102","file":"parse_relation.c","line":"3721","routine":"errorMissingColumn"}
[2025-10-26T16:55:50.034Z] ❌ [ERROR] Erro ao buscar crianças: | {"length":104,"name":"error","severity":"ERRO","code":"42703","position":"70","file":"parse_relation.c","line":"3721","routine":"errorMissingColumn"}
[2025-10-26T16:55:50.139Z] ❌ [ERROR] Erro ao cadastrar criança: | {"length":452,"name":"error","severity":"ERRO","code":"23502","detail":"Registro que falhou contém (4, Criança Teste Basic, 2015-05-15, 99988877766, null, Rua Teste, 123, Escola Teste, null, null, null, null, null, null, null, null, null, null, 58, null, null, t, 2025-10-26 13:55:50.135083-03, 2025-10-26 13:55:50.135083-03).","schema":"public","table":"criancas","column":"endereco_escola","file":"execMain.c","line":"1987","routine":"ExecConstraints"}
[2025-10-26T16:55:50.358Z] ❌ [ERROR] Erro ao buscar perfil do usuário: | {"length":110,"name":"error","severity":"ERRO","code":"42703","position":"133","file":"parse_relation.c","line":"3721","routine":"errorMissingColumn"}
[2025-10-26T16:55:50.436Z] ❌ [ERROR] Erro ao buscar status da assinatura: | {"length":107,"name":"error","severity":"ERRO","code":"42703","position":"102","file":"parse_relation.c","line":"3721","routine":"errorMissingColumn"}
[2025-10-26T16:55:50.605Z] ❌ [ERROR] Erro ao buscar crianças: | {"length":104,"name":"error","severity":"ERRO","code":"42703","position":"70","file":"parse_relation.c","line":"3721","routine":"errorMissingColumn"}
[2025-10-26T16:55:50.662Z] ❌ [ERROR] Erro ao cadastrar criança: | {"length":462,"name":"error","severity":"ERRO","code":"23502","detail":"Registro que falhou contém (5, Criança Teste Premium, 2016-08-20, 88877766655, null, Avenida Premium, 456, Escola Premium, null, null, null, null, null, null, null, null, null, null, 59, null, null, t, 2025-10-26 13:55:50.662144-03, 2025-10-26 13:55:50.662144-03).","schema":"public","table":"criancas","column":"endereco_escola","file":"execMain.c","line":"1987","routine":"ExecConstraints"}
[2025-10-26T16:57:48.348Z] ℹ️ [INFO] Tabelas verificadas/criadas com sucesso.
[2025-10-26T16:57:48.355Z] ℹ️ [INFO] 🔄 Inicializando sistema de notificações em tempo real...
[2025-10-26T16:57:48.358Z] ℹ️ [INFO] [REALTIME-SERVER] Servidor de notificações inicializado
[2025-10-26T16:57:48.372Z] ℹ️ [INFO] 🚀 Servidor rodando na porta 3001
[2025-10-26T16:57:48.373Z] ℹ️ [INFO] 📱 Acesse a aplicação em http://localhost:3001
[2025-10-26T16:57:48.392Z] ℹ️ [INFO] [RASTREAMENTO] Integração de notificações em tempo real configurada
[2025-10-26T16:57:48.393Z] ℹ️ [INFO] [CONFERENCIA] Integração de notificações em tempo real configurada
[2025-10-26T16:57:48.394Z] ℹ️ [INFO] ✅ Sistema de notificações em tempo real inicializado
[2025-10-26T16:57:48.395Z] ℹ️ [INFO] 🔌 WebSocket disponível em ws://localhost:3001
undefined[2025-10-26T16:58:10.069Z] 🔒 [SECURITY] Login realizado com sucesso | {"action":"login_success","email":"[REDACTED]","ip":"::1","timestamp":"2025-10-26T16:58:10.069Z"}
undefined[2025-10-26T16:58:10.418Z] 🔒 [SECURITY] Login realizado com sucesso | {"action":"login_success","email":"[REDACTED]","ip":"::1","timestamp":"2025-10-26T16:58:10.418Z"}
undefined[2025-10-26T16:58:10.754Z] 🔒 [SECURITY] Login realizado com sucesso | {"action":"login_success","email":"[REDACTED]","ip":"::1","timestamp":"2025-10-26T16:58:10.753Z"}
undefined[2025-10-26T16:58:11.095Z] 🔒 [SECURITY] Login realizado com sucesso | {"action":"login_success","email":"[REDACTED]","ip":"::1","timestamp":"2025-10-26T16:58:11.095Z"}
[2025-10-26T16:58:11.111Z] ❌ [ERROR] Erro ao buscar perfil do usuário: | {"length":110,"name":"error","severity":"ERRO","code":"42703","position":"133","file":"parse_relation.c","line":"3721","routine":"errorMissingColumn"}
[2025-10-26T16:58:11.179Z] ❌ [ERROR] Erro ao listar rotas escolares: | {"length":114,"name":"error","severity":"ERRO","code":"42P01","position":"22","file":"parse_relation.c","line":"1452","routine":"parserOpenTable"}
[2025-10-26T16:58:11.348Z] ❌ [ERROR] Erro ao buscar perfil do usuário: | {"length":110,"name":"error","severity":"ERRO","code":"42703","position":"133","file":"parse_relation.c","line":"3721","routine":"errorMissingColumn"}
[2025-10-26T16:58:11.478Z] ❌ [ERROR] Erro ao buscar perfil do usuário: | {"length":110,"name":"error","severity":"ERRO","code":"42703","position":"133","file":"parse_relation.c","line":"3721","routine":"errorMissingColumn"}
[2025-10-26T16:58:11.577Z] ❌ [ERROR] Erro ao buscar status da assinatura: | {"length":107,"name":"error","severity":"ERRO","code":"42703","position":"102","file":"parse_relation.c","line":"3721","routine":"errorMissingColumn"}
[2025-10-26T16:58:11.703Z] ❌ [ERROR] Erro ao buscar perfil do usuário: | {"length":110,"name":"error","severity":"ERRO","code":"42703","position":"133","file":"parse_relation.c","line":"3721","routine":"errorMissingColumn"}
[2025-10-26T16:58:11.770Z] ❌ [ERROR] Erro ao buscar status da assinatura: | {"length":107,"name":"error","severity":"ERRO","code":"42703","position":"102","file":"parse_relation.c","line":"3721","routine":"errorMissingColumn"}
[2025-10-26T17:01:01.606Z] ℹ️ [INFO] Tabelas verificadas/criadas com sucesso.
[2025-10-26T17:01:01.611Z] ℹ️ [INFO] 🔄 Inicializando sistema de notificações em tempo real...
[2025-10-26T17:01:01.615Z] ℹ️ [INFO] [REALTIME-SERVER] Servidor de notificações inicializado
[2025-10-26T17:01:01.640Z] ℹ️ [INFO] 🚀 Servidor rodando na porta 3001
[2025-10-26T17:01:01.642Z] ℹ️ [INFO] 📱 Acesse a aplicação em http://localhost:3001
[2025-10-26T17:01:01.658Z] ℹ️ [INFO] [RASTREAMENTO] Integração de notificações em tempo real configurada
[2025-10-26T17:01:01.659Z] ℹ️ [INFO] [CONFERENCIA] Integração de notificações em tempo real configurada
[2025-10-26T17:01:01.661Z] ℹ️ [INFO] ✅ Sistema de notificações em tempo real inicializado
[2025-10-26T17:01:01.662Z] ℹ️ [INFO] 🔌 WebSocket disponível em ws://localhost:3001
undefined[2025-10-26T17:01:22.219Z] 🔒 [SECURITY] Login realizado com sucesso | {"action":"login_success","email":"[REDACTED]","ip":"::1","timestamp":"2025-10-26T17:01:22.219Z"}
undefined[2025-10-26T17:01:22.493Z] 🔒 [SECURITY] Login realizado com sucesso | {"action":"login_success","email":"[REDACTED]","ip":"::1","timestamp":"2025-10-26T17:01:22.493Z"}
undefined[2025-10-26T17:01:22.766Z] 🔒 [SECURITY] Login realizado com sucesso | {"action":"login_success","email":"[REDACTED]","ip":"::1","timestamp":"2025-10-26T17:01:22.765Z"}
undefined[2025-10-26T17:01:23.027Z] 🔒 [SECURITY] Login realizado com sucesso | {"action":"login_success","email":"[REDACTED]","ip":"::1","timestamp":"2025-10-26T17:01:23.027Z"}
[2025-10-26T17:01:23.042Z] ❌ [ERROR] Erro ao buscar perfil do usuário: | {"length":110,"name":"error","severity":"ERRO","code":"42703","position":"133","file":"parse_relation.c","line":"3721","routine":"errorMissingColumn"}
[2025-10-26T17:01:23.100Z] ❌ [ERROR] Erro ao listar rotas escolares: | {"length":114,"name":"error","severity":"ERRO","code":"42P01","position":"22","file":"parse_relation.c","line":"1452","routine":"parserOpenTable"}
[2025-10-26T17:01:23.216Z] ❌ [ERROR] Erro ao buscar perfil do usuário: | {"length":110,"name":"error","severity":"ERRO","code":"42703","position":"133","file":"parse_relation.c","line":"3721","routine":"errorMissingColumn"}
[2025-10-26T17:01:23.337Z] ❌ [ERROR] Erro ao buscar perfil do usuário: | {"length":110,"name":"error","severity":"ERRO","code":"42703","position":"133","file":"parse_relation.c","line":"3721","routine":"errorMissingColumn"}
[2025-10-26T17:01:23.515Z] ❌ [ERROR] Erro ao buscar perfil do usuário: | {"length":110,"name":"error","severity":"ERRO","code":"42703","position":"133","file":"parse_relation.c","line":"3721","routine":"errorMissingColumn"}
[2025-10-26T17:05:33.162Z] ℹ️ [INFO] Tabelas verificadas/criadas com sucesso.
[2025-10-26T17:05:33.172Z] ℹ️ [INFO] 🔄 Inicializando sistema de notificações em tempo real...
[2025-10-26T17:05:33.176Z] ℹ️ [INFO] [REALTIME-SERVER] Servidor de notificações inicializado
[2025-10-26T17:05:33.221Z] ℹ️ [INFO] 🚀 Servidor rodando na porta 3001
[2025-10-26T17:05:33.225Z] ℹ️ [INFO] 📱 Acesse a aplicação em http://localhost:3001
[2025-10-26T17:05:33.264Z] ℹ️ [INFO] [RASTREAMENTO] Integração de notificações em tempo real configurada
[2025-10-26T17:05:33.266Z] ℹ️ [INFO] [CONFERENCIA] Integração de notificações em tempo real configurada
[2025-10-26T17:05:33.268Z] ℹ️ [INFO] ✅ Sistema de notificações em tempo real inicializado
[2025-10-26T17:05:33.274Z] ℹ️ [INFO] 🔌 WebSocket disponível em ws://localhost:3001
undefined[2025-10-26T17:05:46.016Z] 🔒 [SECURITY] Login realizado com sucesso | {"action":"login_success","email":"[REDACTED]","ip":"::1","timestamp":"2025-10-26T17:05:46.016Z"}
undefined[2025-10-26T17:05:47.031Z] 🔒 [SECURITY] Login realizado com sucesso | {"action":"login_success","email":"[REDACTED]","ip":"::1","timestamp":"2025-10-26T17:05:47.031Z"}
undefined[2025-10-26T17:05:48.092Z] 🔒 [SECURITY] Login realizado com sucesso | {"action":"login_success","email":"[REDACTED]","ip":"::1","timestamp":"2025-10-26T17:05:48.091Z"}
undefined[2025-10-26T17:05:49.219Z] 🔒 [SECURITY] Login realizado com sucesso | {"action":"login_success","email":"[REDACTED]","ip":"::1","timestamp":"2025-10-26T17:05:49.219Z"}
[2025-10-26T17:05:49.300Z] ❌ [ERROR] Erro ao buscar perfil do usuário: | {"length":110,"name":"error","severity":"ERRO","code":"42703","position":"133","file":"parse_relation.c","line":"3721","routine":"errorMissingColumn"}
[2025-10-26T17:05:49.664Z] ❌ [ERROR] Erro ao listar rotas escolares: | {"length":114,"name":"error","severity":"ERRO","code":"42P01","position":"22","file":"parse_relation.c","line":"1452","routine":"parserOpenTable"}
[2025-10-26T17:05:50.219Z] ❌ [ERROR] Erro ao buscar perfil do usuário: | {"length":110,"name":"error","severity":"ERRO","code":"42703","position":"133","file":"parse_relation.c","line":"3721","routine":"errorMissingColumn"}
[2025-10-26T17:05:50.539Z] ❌ [ERROR] Erro ao buscar perfil do usuário: | {"length":110,"name":"error","severity":"ERRO","code":"42703","position":"133","file":"parse_relation.c","line":"3721","routine":"errorMissingColumn"}
[2025-10-26T17:05:51.080Z] ❌ [ERROR] Erro ao buscar perfil do usuário: | {"length":110,"name":"error","severity":"ERRO","code":"42703","position":"133","file":"parse_relation.c","line":"3721","routine":"errorMissingColumn"}
[2025-10-26T17:11:00.141Z] ℹ️ [INFO] Tabelas verificadas/criadas com sucesso.
[2025-10-26T17:11:00.144Z] ℹ️ [INFO] 🔄 Inicializando sistema de notificações em tempo real...
[2025-10-26T17:11:00.145Z] ℹ️ [INFO] [REALTIME-SERVER] Servidor de notificações inicializado
[2025-10-26T17:11:00.150Z] ℹ️ [INFO] 🚀 Servidor rodando na porta 3001
[2025-10-26T17:11:00.150Z] ℹ️ [INFO] 📱 Acesse a aplicação em http://localhost:3001
[2025-10-26T17:11:00.160Z] ℹ️ [INFO] [RASTREAMENTO] Integração de notificações em tempo real configurada
[2025-10-26T17:11:00.161Z] ℹ️ [INFO] [CONFERENCIA] Integração de notificações em tempo real configurada
[2025-10-26T17:11:00.161Z] ℹ️ [INFO] ✅ Sistema de notificações em tempo real inicializado
[2025-10-26T17:11:00.162Z] ℹ️ [INFO] 🔌 WebSocket disponível em ws://localhost:3001
[2025-10-26T17:13:03.820Z] ℹ️ [INFO] Tabelas verificadas/criadas com sucesso.
[2025-10-26T17:13:03.824Z] ℹ️ [INFO] 🔄 Inicializando sistema de notificações em tempo real...
[2025-10-26T17:13:03.829Z] ℹ️ [INFO] [REALTIME-SERVER] Servidor de notificações inicializado
[2025-10-26T17:13:03.915Z] ℹ️ [INFO] 🚀 Servidor rodando na porta 3001
[2025-10-26T17:13:03.935Z] ℹ️ [INFO] 📱 Acesse a aplicação em http://localhost:3001
[2025-10-26T17:13:03.962Z] ℹ️ [INFO] [RASTREAMENTO] Integração de notificações em tempo real configurada
[2025-10-26T17:13:03.963Z] ℹ️ [INFO] [CONFERENCIA] Integração de notificações em tempo real configurada
[2025-10-26T17:13:03.964Z] ℹ️ [INFO] ✅ Sistema de notificações em tempo real inicializado
[2025-10-26T17:13:03.966Z] ℹ️ [INFO] 🔌 WebSocket disponível em ws://localhost:3001
undefined[2025-10-26T17:13:19.160Z] 🔒 [SECURITY] Login realizado com sucesso | {"action":"login_success","email":"[REDACTED]","ip":"::1","timestamp":"2025-10-26T17:13:19.160Z"}
undefined[2025-10-26T17:13:19.379Z] 🔒 [SECURITY] Login realizado com sucesso | {"action":"login_success","email":"[REDACTED]","ip":"::1","timestamp":"2025-10-26T17:13:19.379Z"}
undefined[2025-10-26T17:13:19.596Z] 🔒 [SECURITY] Login realizado com sucesso | {"action":"login_success","email":"[REDACTED]","ip":"::1","timestamp":"2025-10-26T17:13:19.596Z"}
undefined[2025-10-26T17:13:19.813Z] 🔒 [SECURITY] Login realizado com sucesso | {"action":"login_success","email":"[REDACTED]","ip":"::1","timestamp":"2025-10-26T17:13:19.813Z"}
[2025-10-26T17:13:36.317Z] 🔍 [DEBUG] Iniciando cadastro via API...
[2025-10-26T17:13:36.318Z] 🔍 [DEBUG] Dados recebidos: | {"tipoCadastro":"motorista_escolar","nomeCompleto":"João Silva","email":"[REDACTED]"}
[2025-10-26T17:13:36.320Z] 🔍 [DEBUG] Validação passou
[2025-10-26T17:13:36.321Z] 🔍 [DEBUG] Iniciando transação...
[2025-10-26T17:13:36.322Z] 🔍 [DEBUG] Verificando email duplicado...
[2025-10-26T17:13:36.323Z] 🔍 [DEBUG] Email já existe, fazendo rollback
undefined[2025-10-26T17:13:36.708Z] 🔒 [SECURITY] Login realizado com sucesso | {"action":"login_success","email":"[REDACTED]","ip":"::1","timestamp":"2025-10-26T17:13:36.708Z"}
[2025-10-26T17:13:36.729Z] ℹ️ [INFO] 🔍 [VALIDATE-TOKEN] Requisição recebida
[2025-10-26T17:13:36.729Z] ℹ️ [INFO] 🔍 [VALIDATE-TOKEN] Authorization header: presente
[2025-10-26T17:13:36.731Z] ℹ️ [INFO] 🔍 [VALIDATE-TOKEN] Token extraído: eyJhbGciOiJIUzI1NiIs...
undefined[2025-10-26T17:13:36.733Z] 🔒 [SECURITY] Tentativa de login com senha incorreta | {"action":"token_validation","userId":50,"email":"[REDACTED]","ip":"::1","timestamp":"2025-10-26T17:13:36.733Z"}
[2025-10-26T17:13:36.850Z] ❌ [ERROR] Erro ao ativar plano: | {"length":140,"name":"error","severity":"ERRO","code":"42703","position":"124","file":"parse_target.c","line":"1070","routine":"checkInsertTargets"}
[2025-10-26T17:13:36.858Z] ❌ [ERROR] Erro ao buscar plano atual: | {"length":109,"name":"error","severity":"ERRO","code":"42703","position":"103","file":"parse_relation.c","line":"3721","routine":"errorMissingColumn"}
[2025-10-26T17:23:08.277Z] 🔍 [DEBUG] Iniciando cadastro via API...
[2025-10-26T17:23:08.279Z] 🔍 [DEBUG] Dados recebidos: | {"tipoCadastro":"motorista_escolar","nomeCompleto":"João Silva","email":"[REDACTED]"}
[2025-10-26T17:23:08.280Z] 🔍 [DEBUG] Validação passou
[2025-10-26T17:23:08.280Z] 🔍 [DEBUG] Iniciando transação...
[2025-10-26T17:23:08.322Z] 🔍 [DEBUG] Verificando email duplicado...
[2025-10-26T17:23:08.325Z] 🔍 [DEBUG] Email já existe, fazendo rollback
undefined[2025-10-26T17:23:08.575Z] 🔒 [SECURITY] Login realizado com sucesso | {"action":"login_success","email":"[REDACTED]","ip":"::1","timestamp":"2025-10-26T17:23:08.575Z"}
[2025-10-26T17:23:08.578Z] ℹ️ [INFO] 🔍 [VALIDATE-TOKEN] Requisição recebida
[2025-10-26T17:23:08.579Z] ℹ️ [INFO] 🔍 [VALIDATE-TOKEN] Authorization header: presente
[2025-10-26T17:23:08.579Z] ℹ️ [INFO] 🔍 [VALIDATE-TOKEN] Token extraído: eyJhbGciOiJIUzI1NiIs...
undefined[2025-10-26T17:23:08.581Z] 🔒 [SECURITY] Tentativa de login com senha incorreta | {"action":"token_validation","userId":50,"email":"[REDACTED]","ip":"::1","timestamp":"2025-10-26T17:23:08.581Z"}
[2025-10-26T17:23:08.635Z] ❌ [ERROR] Erro ao ativar plano: | {"length":140,"name":"error","severity":"ERRO","code":"42703","position":"124","file":"parse_target.c","line":"1070","routine":"checkInsertTargets"}
[2025-10-26T17:23:08.640Z] ❌ [ERROR] Erro ao buscar plano atual: | {"length":109,"name":"error","severity":"ERRO","code":"42703","position":"103","file":"parse_relation.c","line":"3721","routine":"errorMissingColumn"}
[2025-10-26T17:23:20.495Z] 🔍 [DEBUG] Iniciando cadastro via API...
[2025-10-26T17:23:20.496Z] 🔍 [DEBUG] Dados recebidos: | {"tipoCadastro":"motorista_escolar","nomeCompleto":"João Silva","email":"[REDACTED]"}
[2025-10-26T17:23:20.497Z] 🔍 [DEBUG] Validação passou
[2025-10-26T17:23:20.498Z] 🔍 [DEBUG] Iniciando transação...
[2025-10-26T17:23:20.499Z] 🔍 [DEBUG] Verificando email duplicado...
[2025-10-26T17:23:20.501Z] 🔍 [DEBUG] Email já existe, fazendo rollback
undefined[2025-10-26T17:23:20.964Z] 🔒 [SECURITY] Login realizado com sucesso | {"action":"login_success","email":"[REDACTED]","ip":"::1","timestamp":"2025-10-26T17:23:20.964Z"}
[2025-10-26T17:23:20.984Z] ℹ️ [INFO] 🔍 [VALIDATE-TOKEN] Requisição recebida
[2025-10-26T17:23:20.986Z] ℹ️ [INFO] 🔍 [VALIDATE-TOKEN] Authorization header: presente
[2025-10-26T17:23:20.987Z] ℹ️ [INFO] 🔍 [VALIDATE-TOKEN] Token extraído: eyJhbGciOiJIUzI1NiIs...
undefined[2025-10-26T17:23:20.990Z] 🔒 [SECURITY] Tentativa de login com senha incorreta | {"action":"token_validation","userId":50,"email":"[REDACTED]","ip":"::1","timestamp":"2025-10-26T17:23:20.990Z"}
[2025-10-26T17:23:21.133Z] ❌ [ERROR] Erro ao ativar plano: | {"length":140,"name":"error","severity":"ERRO","code":"42703","position":"124","file":"parse_target.c","line":"1070","routine":"checkInsertTargets"}
[2025-10-26T17:23:21.140Z] ❌ [ERROR] Erro ao buscar plano atual: | {"length":109,"name":"error","severity":"ERRO","code":"42703","position":"103","file":"parse_relation.c","line":"3721","routine":"errorMissingColumn"}
undefined[2025-10-26T17:23:37.386Z] 🔒 [SECURITY] Login realizado com sucesso | {"action":"login_success","email":"[REDACTED]","ip":"::1","timestamp":"2025-10-26T17:23:37.386Z"}
undefined[2025-10-26T17:23:37.856Z] 🔒 [SECURITY] Login realizado com sucesso | {"action":"login_success","email":"[REDACTED]","ip":"::1","timestamp":"2025-10-26T17:23:37.856Z"}
undefined[2025-10-26T17:23:38.327Z] 🔒 [SECURITY] Login realizado com sucesso | {"action":"login_success","email":"[REDACTED]","ip":"::1","timestamp":"2025-10-26T17:23:38.327Z"}
[2025-10-26T17:24:17.763Z] 🔍 [DEBUG] Iniciando cadastro via API...
[2025-10-26T17:24:17.764Z] 🔍 [DEBUG] Dados recebidos: | {"tipoCadastro":"motorista_escolar","nomeCompleto":"João Silva","email":"[REDACTED]"}
[2025-10-26T17:24:17.764Z] 🔍 [DEBUG] Validação passou
[2025-10-26T17:24:17.765Z] 🔍 [DEBUG] Iniciando transação...
[2025-10-26T17:24:17.908Z] 🔍 [DEBUG] Verificando email duplicado...
[2025-10-26T17:24:17.914Z] 🔍 [DEBUG] Email já existe, fazendo rollback
undefined[2025-10-26T17:24:31.680Z] 🔒 [SECURITY] Login realizado com sucesso | {"action":"login_success","email":"[REDACTED]","ip":"::1","timestamp":"2025-10-26T17:24:31.680Z"}
undefined[2025-10-26T17:24:32.149Z] 🔒 [SECURITY] Login realizado com sucesso | {"action":"login_success","email":"[REDACTED]","ip":"::1","timestamp":"2025-10-26T17:24:32.149Z"}
undefined[2025-10-26T17:24:32.652Z] 🔒 [SECURITY] Login realizado com sucesso | {"action":"login_success","email":"[REDACTED]","ip":"::1","timestamp":"2025-10-26T17:24:32.652Z"}
undefined[2025-10-26T17:24:33.124Z] 🔒 [SECURITY] Login realizado com sucesso | {"action":"login_success","email":"[REDACTED]","ip":"::1","timestamp":"2025-10-26T17:24:33.124Z"}
[2025-10-26T17:32:55.701Z] ℹ️ [INFO] Tabelas verificadas/criadas com sucesso.
[2025-10-26T17:32:55.706Z] ℹ️ [INFO] 🔄 Inicializando sistema de notificações em tempo real...
[2025-10-26T17:32:55.708Z] ℹ️ [INFO] [REALTIME-SERVER] Servidor de notificações inicializado
[2025-10-26T17:32:55.736Z] ℹ️ [INFO] 🚀 Servidor rodando na porta 3001
[2025-10-26T17:32:55.739Z] ℹ️ [INFO] 📱 Acesse a aplicação em http://localhost:3001
[2025-10-26T17:32:55.765Z] ℹ️ [INFO] [RASTREAMENTO] Integração de notificações em tempo real configurada
[2025-10-26T17:32:55.777Z] ℹ️ [INFO] [CONFERENCIA] Integração de notificações em tempo real configurada
[2025-10-26T17:32:55.778Z] ℹ️ [INFO] ✅ Sistema de notificações em tempo real inicializado
[2025-10-26T17:32:55.782Z] ℹ️ [INFO] 🔌 WebSocket disponível em ws://localhost:3001
[2025-10-26T17:33:08.129Z] ℹ️ [INFO] Tabelas verificadas/criadas com sucesso.
[2025-10-26T17:33:08.133Z] ℹ️ [INFO] 🔄 Inicializando sistema de notificações em tempo real...
[2025-10-26T17:33:08.136Z] ℹ️ [INFO] [REALTIME-SERVER] Servidor de notificações inicializado
[2025-10-26T17:33:08.166Z] ℹ️ [INFO] [RASTREAMENTO] Integração de notificações em tempo real configurada
[2025-10-26T17:33:08.167Z] ℹ️ [INFO] [CONFERENCIA] Integração de notificações em tempo real configurada
[2025-10-26T17:33:08.168Z] ℹ️ [INFO] ✅ Sistema de notificações em tempo real inicializado
[2025-10-26T17:33:08.169Z] ℹ️ [INFO] 🔌 WebSocket disponível em ws://localhost:3001
[2025-10-26T17:33:39.848Z] ℹ️ [INFO] Tabelas verificadas/criadas com sucesso.
[2025-10-26T17:33:39.851Z] ℹ️ [INFO] 🔄 Inicializando sistema de notificações em tempo real...
[2025-10-26T17:33:39.852Z] ℹ️ [INFO] [REALTIME-SERVER] Servidor de notificações inicializado
[2025-10-26T17:33:39.857Z] ℹ️ [INFO] 🚀 Servidor rodando na porta 3001
[2025-10-26T17:33:39.857Z] ℹ️ [INFO] 📱 Acesse a aplicação em http://localhost:3001
[2025-10-26T17:33:39.867Z] ℹ️ [INFO] [RASTREAMENTO] Integração de notificações em tempo real configurada
[2025-10-26T17:33:39.868Z] ℹ️ [INFO] [CONFERENCIA] Integração de notificações em tempo real configurada
[2025-10-26T17:33:39.869Z] ℹ️ [INFO] ✅ Sistema de notificações em tempo real inicializado
[2025-10-26T17:33:39.870Z] ℹ️ [INFO] 🔌 WebSocket disponível em ws://localhost:3001
[2025-10-26T17:33:56.905Z] 🔍 [DEBUG] Iniciando cadastro via API...
[2025-10-26T17:33:56.906Z] 🔍 [DEBUG] Dados recebidos: | {"tipoCadastro":"motorista_escolar","nomeCompleto":"João Silva","email":"[REDACTED]"}
[2025-10-26T17:33:56.907Z] 🔍 [DEBUG] Validação passou
[2025-10-26T17:33:56.907Z] 🔍 [DEBUG] Iniciando transação...
[2025-10-26T17:33:56.908Z] 🔍 [DEBUG] Verificando email duplicado...
[2025-10-26T17:33:56.912Z] 🔍 [DEBUG] Email já existe, fazendo rollback
undefined[2025-10-26T17:33:57.134Z] 🔒 [SECURITY] Login realizado com sucesso | {"action":"login_success","email":"[REDACTED]","ip":"::1","timestamp":"2025-10-26T17:33:57.134Z"}
[2025-10-26T17:33:57.137Z] ℹ️ [INFO] 🔍 [VALIDATE-TOKEN] Requisição recebida
[2025-10-26T17:33:57.138Z] ℹ️ [INFO] 🔍 [VALIDATE-TOKEN] Authorization header: presente
[2025-10-26T17:33:57.138Z] ℹ️ [INFO] 🔍 [VALIDATE-TOKEN] Token extraído: eyJhbGciOiJIUzI1NiIs...
undefined[2025-10-26T17:33:57.140Z] 🔒 [SECURITY] Tentativa de login com senha incorreta | {"action":"token_validation","userId":50,"email":"[REDACTED]","ip":"::1","timestamp":"2025-10-26T17:33:57.140Z"}
[2025-10-26T17:33:57.195Z] ❌ [ERROR] Erro ao ativar plano: | {"length":140,"name":"error","severity":"ERRO","code":"42703","position":"124","file":"parse_target.c","line":"1070","routine":"checkInsertTargets"}
[2025-10-26T17:33:57.201Z] ❌ [ERROR] Erro ao buscar plano atual: | {"length":109,"name":"error","severity":"ERRO","code":"42703","position":"103","file":"parse_relation.c","line":"3721","routine":"errorMissingColumn"}
[2025-10-26T17:33:57.351Z] ❌ [ERROR] Erro ao atualizar preferências: | {}
[2025-10-26T17:34:59.680Z] ❌ [ERROR] Erro ao atualizar preferências: | {}
[2025-10-26T17:36:29.768Z] ❌ [ERROR] 🔐 Erro na autenticação: | {"tipo":"JsonWebTokenError","mensagem":"jwt malformed","rota":"/api/notification-preferences","metodo":"PUT","ip":"::1"}
[2025-10-26T17:36:53.738Z] ❌ [ERROR] Erro ao atualizar preferências: | {}
[2025-10-26T17:38:58.221Z] ❌ [ERROR] Erro ao atualizar preferências: | {}
[2025-10-26T17:40:06.705Z] ❌ [ERROR] Erro ao atualizar preferências: | {}
[2025-10-26T17:43:59.993Z] ℹ️ [INFO] Tabelas verificadas/criadas com sucesso.
[2025-10-26T17:43:59.996Z] ℹ️ [INFO] 🔄 Inicializando sistema de notificações em tempo real...
[2025-10-26T17:43:59.997Z] ℹ️ [INFO] [REALTIME-SERVER] Servidor de notificações inicializado
[2025-10-26T17:44:00.004Z] ℹ️ [INFO] 🚀 Servidor rodando na porta 3001
[2025-10-26T17:44:00.005Z] ℹ️ [INFO] 📱 Acesse a aplicação em http://localhost:3001
[2025-10-26T17:44:00.017Z] ℹ️ [INFO] [RASTREAMENTO] Integração de notificações em tempo real configurada
[2025-10-26T17:44:00.018Z] ℹ️ [INFO] [CONFERENCIA] Integração de notificações em tempo real configurada
[2025-10-26T17:44:00.019Z] ℹ️ [INFO] ✅ Sistema de notificações em tempo real inicializado
[2025-10-26T17:44:00.019Z] ℹ️ [INFO] 🔌 WebSocket disponível em ws://localhost:3001
[2025-10-26T18:05:12.245Z] ℹ️ [INFO] Tabelas verificadas/criadas com sucesso.
[2025-10-26T18:05:12.248Z] ℹ️ [INFO] 🔄 Inicializando sistema de notificações em tempo real...
[2025-10-26T18:05:12.249Z] ℹ️ [INFO] [REALTIME-SERVER] Servidor de notificações inicializado
[2025-10-26T18:05:12.253Z] ℹ️ [INFO] 🚀 Servidor rodando na porta 3001
[2025-10-26T18:05:12.254Z] ℹ️ [INFO] 📱 Acesse a aplicação em http://localhost:3001
[2025-10-26T18:05:12.259Z] ℹ️ [INFO] [RASTREAMENTO] Integração de notificações em tempo real configurada
[2025-10-26T18:05:12.260Z] ℹ️ [INFO] [CONFERENCIA] Integração de notificações em tempo real configurada
[2025-10-26T18:05:12.260Z] ℹ️ [INFO] ✅ Sistema de notificações em tempo real inicializado
[2025-10-26T18:05:12.261Z] ℹ️ [INFO] 🔌 WebSocket disponível em ws://localhost:3001
[2025-10-26T18:07:04.115Z] ℹ️ [INFO] Tabelas verificadas/criadas com sucesso.
[2025-10-26T18:07:04.118Z] ℹ️ [INFO] 🔄 Inicializando sistema de notificações em tempo real...
[2025-10-26T18:07:04.118Z] ℹ️ [INFO] [REALTIME-SERVER] Servidor de notificações inicializado
[2025-10-26T18:07:04.123Z] ℹ️ [INFO] 🚀 Servidor rodando na porta 3001
[2025-10-26T18:07:04.124Z] ℹ️ [INFO] 📱 Acesse a aplicação em http://localhost:3001
[2025-10-26T18:07:04.136Z] ℹ️ [INFO] [RASTREAMENTO] Integração de notificações em tempo real configurada
[2025-10-26T18:07:04.136Z] ℹ️ [INFO] [CONFERENCIA] Integração de notificações em tempo real configurada
[2025-10-26T18:07:04.137Z] ℹ️ [INFO] ✅ Sistema de notificações em tempo real inicializado
[2025-10-26T18:07:04.137Z] ℹ️ [INFO] 🔌 WebSocket disponível em ws://localhost:3001
[2025-10-26T18:31:14.501Z] ℹ️ [INFO] Tabelas verificadas/criadas com sucesso.
[2025-10-26T18:31:14.509Z] ℹ️ [INFO] 🔄 Inicializando sistema de notificações em tempo real...
[2025-10-26T18:31:14.510Z] ℹ️ [INFO] [REALTIME-SERVER] Servidor de notificações inicializado
[2025-10-26T18:31:14.515Z] ℹ️ [INFO] 🚀 Servidor rodando na porta 3001
[2025-10-26T18:31:14.515Z] ℹ️ [INFO] 📱 Acesse a aplicação em http://localhost:3001
[2025-10-26T18:31:14.575Z] ℹ️ [INFO] [RASTREAMENTO] Integração de notificações em tempo real configurada
[2025-10-26T18:31:14.576Z] ℹ️ [INFO] [CONFERENCIA] Integração de notificações em tempo real configurada
[2025-10-26T18:31:14.577Z] ℹ️ [INFO] ✅ Sistema de notificações em tempo real inicializado
[2025-10-26T18:31:14.577Z] ℹ️ [INFO] 🔌 WebSocket disponível em ws://localhost:3001
[2025-10-26T18:31:25.231Z] 🔍 [DEBUG] {"acao":"buscar_crianca_responsavel","responsavel_email":"ana***","crianca_id":1}
[2025-10-26T18:37:08.355Z] ℹ️ [INFO] Tabelas verificadas/criadas com sucesso.
[2025-10-26T18:37:08.358Z] ℹ️ [INFO] 🔄 Inicializando sistema de notificações em tempo real...
[2025-10-26T18:37:08.359Z] ℹ️ [INFO] [REALTIME-SERVER] Servidor de notificações inicializado
[2025-10-26T18:37:08.363Z] ℹ️ [INFO] 🚀 Servidor rodando na porta 3001
[2025-10-26T18:37:08.364Z] ℹ️ [INFO] 📱 Acesse a aplicação em http://localhost:3001
[2025-10-26T18:37:08.379Z] ℹ️ [INFO] [RASTREAMENTO] Integração de notificações em tempo real configurada
[2025-10-26T18:37:08.380Z] ℹ️ [INFO] [CONFERENCIA] Integração de notificações em tempo real configurada
[2025-10-26T18:37:08.381Z] ℹ️ [INFO] ✅ Sistema de notificações em tempo real inicializado
[2025-10-26T18:37:08.382Z] ℹ️ [INFO] 🔌 WebSocket disponível em ws://localhost:3001
[2025-10-26T18:46:10.172Z] ℹ️ [INFO] Tabelas verificadas/criadas com sucesso.
[2025-10-26T18:46:10.175Z] ℹ️ [INFO] 🔄 Inicializando sistema de notificações em tempo real...
[2025-10-26T18:46:10.175Z] ℹ️ [INFO] [REALTIME-SERVER] Servidor de notificações inicializado
[2025-10-26T18:46:10.179Z] ℹ️ [INFO] 🚀 Servidor rodando na porta 3001
[2025-10-26T18:46:10.180Z] ℹ️ [INFO] 📱 Acesse a aplicação em http://localhost:3001
[2025-10-26T18:46:10.189Z] ℹ️ [INFO] [RASTREAMENTO] Integração de notificações em tempo real configurada
[2025-10-26T18:46:10.189Z] ℹ️ [INFO] [CONFERENCIA] Integração de notificações em tempo real configurada
[2025-10-26T18:46:10.190Z] ℹ️ [INFO] ✅ Sistema de notificações em tempo real inicializado
[2025-10-26T18:46:10.190Z] ℹ️ [INFO] 🔌 WebSocket disponível em ws://localhost:3001
[2025-10-26T18:48:22.182Z] ℹ️ [INFO] Tabelas verificadas/criadas com sucesso.
[2025-10-26T18:48:22.185Z] ℹ️ [INFO] 🔄 Inicializando sistema de notificações em tempo real...
[2025-10-26T18:48:22.186Z] ℹ️ [INFO] [REALTIME-SERVER] Servidor de notificações inicializado
[2025-10-26T18:48:22.192Z] ℹ️ [INFO] 🚀 Servidor rodando na porta 3001
[2025-10-26T18:48:22.193Z] ℹ️ [INFO] 📱 Acesse a aplicação em http://localhost:3001
[2025-10-26T18:48:22.207Z] ℹ️ [INFO] [RASTREAMENTO] Integração de notificações em tempo real configurada
[2025-10-26T18:48:22.208Z] ℹ️ [INFO] [CONFERENCIA] Integração de notificações em tempo real configurada
[2025-10-26T18:48:22.208Z] ℹ️ [INFO] ✅ Sistema de notificações em tempo real inicializado
[2025-10-26T18:48:22.209Z] ℹ️ [INFO] 🔌 WebSocket disponível em ws://localhost:3001
[2025-10-26T18:54:55.399Z] ℹ️ [INFO] Tabelas verificadas/criadas com sucesso.
[2025-10-26T18:54:55.403Z] ℹ️ [INFO] 🔄 Inicializando sistema de notificações em tempo real...
[2025-10-26T18:54:55.409Z] ℹ️ [INFO] [REALTIME-SERVER] Servidor de notificações inicializado
[2025-10-26T18:54:55.422Z] ℹ️ [INFO] 🚀 Servidor rodando na porta 3001
[2025-10-26T18:54:55.423Z] ℹ️ [INFO] 📱 Acesse a aplicação em http://localhost:3001
[2025-10-26T18:54:55.442Z] ℹ️ [INFO] [RASTREAMENTO] Integração de notificações em tempo real configurada
[2025-10-26T18:54:55.443Z] ℹ️ [INFO] [CONFERENCIA] Integração de notificações em tempo real configurada
[2025-10-26T18:54:55.447Z] ℹ️ [INFO] ✅ Sistema de notificações em tempo real inicializado
[2025-10-26T18:54:55.448Z] ℹ️ [INFO] 🔌 WebSocket disponível em ws://localhost:3001
[2025-10-26T18:55:15.297Z] ❌ [ERROR] 🔐 Erro na autenticação: | {"tipo":"JsonWebTokenError","mensagem":"jwt malformed","rota":"/api/responsavel/criancas/1","metodo":"PUT","ip":"::1"}
[2025-10-26T19:00:55.412Z] ℹ️ [INFO] Tabelas verificadas/criadas com sucesso.
[2025-10-26T19:00:55.416Z] ℹ️ [INFO] 🔄 Inicializando sistema de notificações em tempo real...
[2025-10-26T19:00:55.418Z] ℹ️ [INFO] [REALTIME-SERVER] Servidor de notificações inicializado
[2025-10-26T19:00:55.425Z] ℹ️ [INFO] 🚀 Servidor rodando na porta 3001
[2025-10-26T19:00:55.426Z] ℹ️ [INFO] 📱 Acesse a aplicação em http://localhost:3001
[2025-10-26T19:00:55.438Z] ℹ️ [INFO] [RASTREAMENTO] Integração de notificações em tempo real configurada
[2025-10-26T19:00:55.439Z] ℹ️ [INFO] [CONFERENCIA] Integração de notificações em tempo real configurada
[2025-10-26T19:00:55.441Z] ℹ️ [INFO] ✅ Sistema de notificações em tempo real inicializado
[2025-10-26T19:00:55.442Z] ℹ️ [INFO] 🔌 WebSocket disponível em ws://localhost:3001
[2025-10-26T19:01:05.089Z] ℹ️ [INFO] {"acao":"atualizar_crianca_responsavel","responsavel_email":"ana***","crianca_id":"1","nome_crianca":"Sofia Costa Silva"}
[2025-10-26T20:30:02.253Z] ℹ️ [INFO] 
📡 Recebido sinal SIGINT, iniciando shutdown gracioso...
{"timestamp":"2025-10-27T19:12:51.480Z","level":"ERROR","message":"Erro ao criar as tabelas:","data":[{"length":120,"name":"error","severity":"FATAL","code":"28P01","file":"auth.c","line":"332","routine":"auth_failed"}]}
{"timestamp":"2025-10-27T19:15:39.280Z","level":"ERROR","message":"Erro ao criar as tabelas:","data":[{"length":100,"name":"error","severity":"ERRO","code":"42501","position":"31","file":"aclchk.c","line":"2845","routine":"aclcheck_error"}]}
{"timestamp":"2025-10-27T19:17:43.105Z","level":"ERROR","message":"Erro ao criar as tabelas:","data":[{"length":100,"name":"error","severity":"ERRO","code":"42501","position":"31","file":"aclchk.c","line":"2845","routine":"aclcheck_error"}]}
{"timestamp":"2025-10-27T19:21:18.831Z","level":"ERROR","message":"Erro ao criar as tabelas:","data":[{"length":100,"name":"error","severity":"ERRO","code":"42501","position":"31","file":"aclchk.c","line":"2845","routine":"aclcheck_error"}]}
{"timestamp":"2025-10-27T19:22:32.000Z","level":"ERROR","message":"Erro ao criar as tabelas:","data":[{"length":100,"name":"error","severity":"ERRO","code":"42501","position":"31","file":"aclchk.c","line":"2845","routine":"aclcheck_error"}]}
{"timestamp":"2025-10-27T19:30:23.109Z","level":"ERROR","message":"Erro ao criar as tabelas:","data":[{"length":100,"name":"error","severity":"ERRO","code":"42501","position":"31","file":"aclchk.c","line":"2845","routine":"aclcheck_error"}]}
{"timestamp":"2025-10-27T19:32:48.136Z","level":"ERROR","message":"Erro ao criar as tabelas:","data":[{"length":100,"name":"error","severity":"ERRO","code":"42501","position":"31","file":"aclchk.c","line":"2845","routine":"aclcheck_error"}]}
{"timestamp":"2025-10-27T19:44:28.690Z","level":"ERROR","message":"Erro ao criar as tabelas:","data":[{"length":100,"name":"error","severity":"ERRO","code":"42501","position":"31","file":"aclchk.c","line":"2845","routine":"aclcheck_error"}]}
{"timestamp":"2025-10-27T19:47:13.502Z","level":"ERROR","message":"Erro ao criar as tabelas:","data":[{"length":100,"name":"error","severity":"ERRO","code":"42501","position":"31","file":"aclchk.c","line":"2845","routine":"aclcheck_error"}]}
{"timestamp":"2025-10-27T19:50:49.896Z","level":"ERROR","message":"Erro ao criar as tabelas:","data":[{"length":100,"name":"error","severity":"ERRO","code":"42501","position":"31","file":"aclchk.c","line":"2845","routine":"aclcheck_error"}]}
{"timestamp":"2025-10-27T19:52:39.693Z","level":"ERROR","message":"Erro ao criar as tabelas:","data":[{"length":100,"name":"error","severity":"ERRO","code":"42501","position":"31","file":"aclchk.c","line":"2845","routine":"aclcheck_error"}]}
{"timestamp":"2025-10-27T20:06:13.992Z","level":"ERROR","message":"Erro ao criar as tabelas:","data":[{"length":100,"name":"error","severity":"ERRO","code":"42501","position":"31","file":"aclchk.c","line":"2845","routine":"aclcheck_error"}]}
{"timestamp":"2025-10-27T20:11:50.456Z","level":"SECURITY","message":"Tentativa de login com dados inválidos","data":[{"action":"login_failed","email":"[REDACTED]","ip":"::1","timestamp":"2025-10-27T20:11:50.456Z"}]}
{"timestamp":"2025-10-27T20:11:51.986Z","level":"SECURITY","message":"Tentativa de login com dados inválidos","data":[{"action":"login_failed","email":"[REDACTED]","ip":"::1","timestamp":"2025-10-27T20:11:51.986Z"}]}
{"timestamp":"2025-10-27T21:28:11.275Z","level":"ERROR","message":"Erro ao criar as tabelas:","data":[{"length":100,"name":"error","severity":"ERRO","code":"42501","position":"31","file":"aclchk.c","line":"2845","routine":"aclcheck_error"}]}
{"timestamp":"2025-10-27T21:28:51.204Z","level":"SECURITY","message":"Tentativa de login com dados inválidos","data":[{"action":"login_failed","email":"[REDACTED]","ip":"::1","timestamp":"2025-10-27T21:28:51.204Z"}]}
{"timestamp":"2025-10-27T21:28:52.604Z","level":"SECURITY","message":"Tentativa de login com dados inválidos","data":[{"action":"login_failed","email":"[REDACTED]","ip":"::1","timestamp":"2025-10-27T21:28:52.604Z"}]}
{"timestamp":"2025-10-27T21:29:29.828Z","level":"SECURITY","message":"Tentativa de login com dados inválidos","data":[{"action":"login_failed","email":"[REDACTED]","ip":"::1","timestamp":"2025-10-27T21:29:29.828Z"}]}
{"timestamp":"2025-10-27T21:29:31.178Z","level":"SECURITY","message":"Tentativa de login com dados inválidos","data":[{"action":"login_failed","email":"[REDACTED]","ip":"::1","timestamp":"2025-10-27T21:29:31.178Z"}]}
{"timestamp":"2025-10-27T21:30:04.882Z","level":"SECURITY","message":"Tentativa de login com dados inválidos","data":[{"action":"login_failed","email":"[REDACTED]","ip":"::1","timestamp":"2025-10-27T21:30:04.881Z"}]}
{"timestamp":"2025-10-27T21:30:06.466Z","level":"SECURITY","message":"Tentativa de login com dados inválidos","data":[{"action":"login_failed","email":"[REDACTED]","ip":"::1","timestamp":"2025-10-27T21:30:06.466Z"}]}
{"timestamp":"2025-10-27T21:30:22.609Z","level":"SECURITY","message":"Tentativa de login com dados inválidos","data":[{"action":"login_failed","email":"[REDACTED]","ip":"::1","timestamp":"2025-10-27T21:30:22.609Z"}]}
{"timestamp":"2025-10-27T21:30:42.748Z","level":"SECURITY","message":"Tentativa de login com dados inválidos","data":[{"action":"login_failed","email":"[REDACTED]","ip":"::1","timestamp":"2025-10-27T21:30:42.748Z"}]}
{"timestamp":"2025-10-27T21:30:58.870Z","level":"SECURITY","message":"Tentativa de login com dados inválidos","data":[{"action":"login_failed","email":"[REDACTED]","ip":"::1","timestamp":"2025-10-27T21:30:58.870Z"}]}
{"timestamp":"2025-10-27T21:31:07.595Z","level":"SECURITY","message":"Tentativa de login com dados inválidos","data":[{"action":"login_failed","email":"[REDACTED]","ip":"::1","timestamp":"2025-10-27T21:31:07.595Z"}]}
{"timestamp":"2025-10-27T23:06:12.365Z","level":"ERROR","message":"Erro ao criar as tabelas:","data":[{"length":100,"name":"error","severity":"ERRO","code":"42501","position":"31","file":"aclchk.c","line":"2845","routine":"aclcheck_error"}]}
{"timestamp":"2025-10-28T16:25:19.438Z","level":"ERROR","message":"Erro ao criar as tabelas:","data":[{"length":100,"name":"error","severity":"ERRO","code":"42501","position":"31","file":"aclchk.c","line":"2845","routine":"aclcheck_error"}]}
{"timestamp":"2025-10-28T16:26:31.367Z","level":"SECURITY","message":"Tentativa de login com dados inválidos","data":[{"action":"login_failed","email":"[REDACTED]","ip":"::1","timestamp":"2025-10-28T16:26:31.366Z"}]}
{"timestamp":"2025-10-28T16:27:14.051Z","level":"SECURITY","message":"Tentativa de login com dados inválidos","data":[{"action":"login_failed","email":"[REDACTED]","ip":"::1","timestamp":"2025-10-28T16:27:14.051Z"}]}
{"timestamp":"2025-10-28T16:27:21.209Z","level":"SECURITY","message":"Tentativa de login com dados inválidos","data":[{"action":"login_failed","email":"[REDACTED]","ip":"::1","timestamp":"2025-10-28T16:27:21.209Z"}]}
{"timestamp":"2025-10-28T16:33:14.450Z","level":"SECURITY","message":"Tentativa de login com dados inválidos","data":[{"action":"login_failed","email":"[REDACTED]","ip":"::1","timestamp":"2025-10-28T16:33:14.450Z"}]}
{"timestamp":"2025-10-28T16:49:27.727Z","level":"ERROR","message":"Erro ao criar as tabelas:","data":[{"length":100,"name":"error","severity":"ERRO","code":"42501","position":"31","file":"aclchk.c","line":"2845","routine":"aclcheck_error"}]}
{"timestamp":"2025-10-28T17:02:33.904Z","level":"SECURITY","message":"Tentativa de login com dados inválidos","data":[{"action":"login_failed","email":"[REDACTED]","ip":"::1","timestamp":"2025-10-28T17:02:33.904Z"}]}
{"timestamp":"2025-10-28T17:03:05.770Z","level":"ERROR","message":"Erro ao criar as tabelas:","data":[{"length":100,"name":"error","severity":"ERRO","code":"42501","position":"31","file":"aclchk.c","line":"2845","routine":"aclcheck_error"}]}
{"timestamp":"2025-10-28T17:04:04.646Z","level":"ERROR","message":"Erro ao criar as tabelas:","data":[{"length":100,"name":"error","severity":"ERRO","code":"42501","position":"31","file":"aclchk.c","line":"2845","routine":"aclcheck_error"}]}
{"timestamp":"2025-10-28T17:04:21.125Z","level":"SECURITY","message":"Tentativa de login com dados inválidos","data":[{"action":"login_failed","email":"[REDACTED]","ip":"::1","timestamp":"2025-10-28T17:04:21.125Z"}]}
{"timestamp":"2025-10-28T17:04:36.736Z","level":"SECURITY","message":"Tentativa de login com dados inválidos","data":[{"action":"login_failed","email":"[REDACTED]","ip":"::1","timestamp":"2025-10-28T17:04:36.736Z"}]}
{"timestamp":"2025-10-28T17:04:48.807Z","level":"SECURITY","message":"Tentativa de login com dados inválidos","data":[{"action":"login_failed","email":"[REDACTED]","ip":"::1","timestamp":"2025-10-28T17:04:48.807Z"}]}
{"timestamp":"2025-10-28T17:05:01.711Z","level":"SECURITY","message":"Tentativa de login com dados inválidos","data":[{"action":"login_failed","email":"[REDACTED]","ip":"::1","timestamp":"2025-10-28T17:05:01.711Z"}]}
{"timestamp":"2025-10-28T17:09:13.073Z","level":"ERROR","message":"Erro ao criar as tabelas:","data":[{"length":100,"name":"error","severity":"ERRO","code":"42501","position":"31","file":"aclchk.c","line":"2845","routine":"aclcheck_error"}]}
{"timestamp":"2025-10-28T17:58:59.646Z","level":"SECURITY","message":"Tentativa de login com dados inválidos","data":[{"action":"login_failed","email":"[REDACTED]","ip":"::1","timestamp":"2025-10-28T17:58:59.645Z"}]}
{"timestamp":"2025-10-28T17:59:09.700Z","level":"SECURITY","message":"Tentativa de login com dados inválidos","data":[{"action":"login_failed","email":"[REDACTED]","ip":"::1","timestamp":"2025-10-28T17:59:09.700Z"}]}
{"timestamp":"2025-10-28T17:59:38.780Z","level":"ERROR","message":"Erro ao criar as tabelas:","data":[{"length":100,"name":"error","severity":"ERRO","code":"42501","position":"31","file":"aclchk.c","line":"2845","routine":"aclcheck_error"}]}
{"timestamp":"2025-10-28T17:59:59.319Z","level":"SECURITY","message":"Tentativa de login com dados inválidos","data":[{"action":"login_failed","email":"[REDACTED]","ip":"::1","timestamp":"2025-10-28T17:59:59.319Z"}]}
{"timestamp":"2025-10-28T18:00:08.756Z","level":"SECURITY","message":"Tentativa de login com dados inválidos","data":[{"action":"login_failed","email":"[REDACTED]","ip":"::1","timestamp":"2025-10-28T18:00:08.756Z"}]}
{"timestamp":"2025-10-28T18:00:18.682Z","level":"SECURITY","message":"Tentativa de login com dados inválidos","data":[{"action":"login_failed","email":"[REDACTED]","ip":"::1","timestamp":"2025-10-28T18:00:18.682Z"}]}
{"timestamp":"2025-10-28T18:00:27.841Z","level":"SECURITY","message":"Tentativa de login com dados inválidos","data":[{"action":"login_failed","email":"[REDACTED]","ip":"::1","timestamp":"2025-10-28T18:00:27.841Z"}]}
{"timestamp":"2025-10-28T18:04:04.335Z","level":"ERROR","message":"Erro ao criar as tabelas:","data":[{"length":100,"name":"error","severity":"ERRO","code":"42501","position":"31","file":"aclchk.c","line":"2845","routine":"aclcheck_error"}]}
{"timestamp":"2025-10-28T18:04:32.389Z","level":"SECURITY","message":"Tentativa de login com dados inválidos","data":[{"action":"login_failed","email":"[REDACTED]","ip":"::1","timestamp":"2025-10-28T18:04:32.389Z"}]}
{"timestamp":"2025-10-28T18:08:04.915Z","level":"SECURITY","message":"Login realizado com sucesso","data":[{"action":"login_success","email":"[REDACTED]","ip":"::1","timestamp":"2025-10-28T18:08:04.914Z"}]}
{"timestamp":"2025-10-28T18:10:01.233Z","level":"SECURITY","message":"Login realizado com sucesso","data":[{"action":"login_success","email":"[REDACTED]","ip":"::1","timestamp":"2025-10-28T18:10:01.233Z"}]}
{"timestamp":"2025-10-28T18:10:14.332Z","level":"SECURITY","message":"Login realizado com sucesso","data":[{"action":"login_success","email":"[REDACTED]","ip":"::1","timestamp":"2025-10-28T18:10:14.332Z"}]}
{"timestamp":"2025-10-28T18:10:43.028Z","level":"SECURITY","message":"Login realizado com sucesso","data":[{"action":"login_success","email":"[REDACTED]","ip":"::1","timestamp":"2025-10-28T18:10:43.028Z"}]}
{"timestamp":"2025-10-28T18:10:57.802Z","level":"SECURITY","message":"Login realizado com sucesso","data":[{"action":"login_success","email":"[REDACTED]","ip":"::1","timestamp":"2025-10-28T18:10:57.802Z"}]}
{"timestamp":"2025-10-28T18:11:11.552Z","level":"SECURITY","message":"Login realizado com sucesso","data":[{"action":"login_success","email":"[REDACTED]","ip":"::1","timestamp":"2025-10-28T18:11:11.552Z"}]}
{"timestamp":"2025-10-28T18:11:13.351Z","level":"ERROR","message":"❌ [VALIDATE-TOKEN] Erro capturado: JsonWebTokenError - jwt malformed"}
{"timestamp":"2025-10-28T18:11:13.353Z","level":"WARN","message":"⚠️ [VALIDATE-TOKEN] Token inválido ou expirado"}
{"timestamp":"2025-10-28T18:11:21.933Z","level":"SECURITY","message":"Login realizado com sucesso","data":[{"action":"login_success","email":"[REDACTED]","ip":"::1","timestamp":"2025-10-28T18:11:21.933Z"}]}
{"timestamp":"2025-10-28T18:11:23.588Z","level":"ERROR","message":"❌ [VALIDATE-TOKEN] Erro capturado: JsonWebTokenError - jwt malformed"}
{"timestamp":"2025-10-28T18:11:23.590Z","level":"WARN","message":"⚠️ [VALIDATE-TOKEN] Token inválido ou expirado"}
{"timestamp":"2025-10-28T18:11:45.298Z","level":"SECURITY","message":"Login realizado com sucesso","data":[{"action":"login_success","email":"[REDACTED]","ip":"::1","timestamp":"2025-10-28T18:11:45.297Z"}]}
{"timestamp":"2025-10-28T18:11:47.017Z","level":"ERROR","message":"❌ [VALIDATE-TOKEN] Erro capturado: JsonWebTokenError - jwt malformed"}
{"timestamp":"2025-10-28T18:11:47.018Z","level":"WARN","message":"⚠️ [VALIDATE-TOKEN] Token inválido ou expirado"}
{"timestamp":"2025-10-28T18:12:03.520Z","level":"SECURITY","message":"Login realizado com sucesso","data":[{"action":"login_success","email":"[REDACTED]","ip":"::1","timestamp":"2025-10-28T18:12:03.520Z"}]}
{"timestamp":"2025-10-28T18:12:05.142Z","level":"ERROR","message":"❌ [VALIDATE-TOKEN] Erro capturado: JsonWebTokenError - jwt malformed"}
{"timestamp":"2025-10-28T18:12:05.143Z","level":"WARN","message":"⚠️ [VALIDATE-TOKEN] Token inválido ou expirado"}
{"timestamp":"2025-10-28T18:19:56.516Z","level":"ERROR","message":"Erro ao criar as tabelas:","data":[{"length":100,"name":"error","severity":"ERRO","code":"42501","position":"31","file":"aclchk.c","line":"2845","routine":"aclcheck_error"}]}
{"timestamp":"2025-10-28T18:20:31.872Z","level":"SECURITY","message":"Login realizado com sucesso","data":[{"action":"login_success","email":"[REDACTED]","ip":"::1","timestamp":"2025-10-28T18:20:31.872Z"}]}
{"timestamp":"2025-10-28T18:25:38.433Z","level":"SECURITY","message":"Login realizado com sucesso","data":[{"action":"login_success","email":"[REDACTED]","ip":"::1","timestamp":"2025-10-28T18:25:38.433Z"}]}
{"timestamp":"2025-10-28T18:25:51.183Z","level":"SECURITY","message":"Login realizado com sucesso","data":[{"action":"login_success","email":"[REDACTED]","ip":"::1","timestamp":"2025-10-28T18:25:51.183Z"}]}
{"timestamp":"2025-10-28T18:27:25.392Z","level":"SECURITY","message":"Login realizado com sucesso","data":[{"action":"login_success","email":"[REDACTED]","ip":"::1","timestamp":"2025-10-28T18:27:25.392Z"}]}
{"timestamp":"2025-10-28T18:27:41.720Z","level":"ERROR","message":"Erro ao criar as tabelas:","data":[{"length":100,"name":"error","severity":"ERRO","code":"42501","position":"31","file":"aclchk.c","line":"2845","routine":"aclcheck_error"}]}
{"timestamp":"2025-10-28T18:27:58.241Z","level":"SECURITY","message":"Login realizado com sucesso","data":[{"action":"login_success","email":"[REDACTED]","ip":"::1","timestamp":"2025-10-28T18:27:58.240Z"}]}
{"timestamp":"2025-10-28T18:27:58.251Z","level":"ERROR","message":"Erro ao listar rotas escolares:","data":[{"length":111,"name":"error","severity":"ERRO","code":"42P01","position":"24","file":"parse_relation.c","line":"1452","routine":"parserOpenTable"}]}
{"timestamp":"2025-10-28T18:28:13.789Z","level":"SECURITY","message":"Login realizado com sucesso","data":[{"action":"login_success","email":"[REDACTED]","ip":"::1","timestamp":"2025-10-28T18:28:13.789Z"}]}
{"timestamp":"2025-10-28T18:28:13.821Z","level":"ERROR","message":"Erro na verificação de limites do plano:","data":[{"length":111,"name":"error","severity":"ERRO","code":"42P01","position":"45","file":"parse_relation.c","line":"1452","routine":"parserOpenTable"}]}
{"timestamp":"2025-10-28T18:29:53.318Z","level":"SECURITY","message":"Login realizado com sucesso","data":[{"action":"login_success","email":"[REDACTED]","ip":"::1","timestamp":"2025-10-28T18:29:53.317Z"}]}
{"timestamp":"2025-10-28T18:29:53.328Z","level":"ERROR","message":"Erro na verificação de limites do plano:","data":[{"length":111,"name":"error","severity":"ERRO","code":"42P01","position":"45","file":"parse_relation.c","line":"1452","routine":"parserOpenTable"}]}
{"timestamp":"2025-10-28T18:37:23.973Z","level":"SECURITY","message":"Tentativa de login com dados inválidos","data":[{"action":"login_failed","email":"[REDACTED]","ip":"::1","timestamp":"2025-10-28T18:37:23.973Z"}]}
{"timestamp":"2025-10-28T18:38:52.895Z","level":"SECURITY","message":"Login realizado com sucesso","data":[{"action":"login_success","email":"[REDACTED]","ip":"::1","timestamp":"2025-10-28T18:38:52.895Z"}]}
{"timestamp":"2025-10-28T18:39:07.084Z","level":"ERROR","message":"Erro na verificação de limites do plano:","data":[{"length":111,"name":"error","severity":"ERRO","code":"42P01","position":"45","file":"parse_relation.c","line":"1452","routine":"parserOpenTable"}]}
{"timestamp":"2025-10-28T19:32:04.636Z","level":"ERROR","message":"Erro ao criar as tabelas:","data":[{"length":111,"name":"error","severity":"FATAL","code":"3D000","file":"postinit.c","line":"1034","routine":"InitPostgres"}]}
{"timestamp":"2025-10-28T19:32:31.009Z","level":"ERROR","message":"❌ Erro no login:","data":["banco de dados \"transporte_escolar_prod\" n�o existe"]}
{"timestamp":"2025-10-28T19:38:39.881Z","level":"ERROR","message":"❌ Erro no login:","data":["read ECONNRESET"]}
{"timestamp":"2025-10-28T19:39:10.229Z","level":"ERROR","message":"Erro ao criar as tabelas:","data":[{"length":120,"name":"error","severity":"FATAL","code":"28P01","file":"auth.c","line":"332","routine":"auth_failed"}]}
{"timestamp":"2025-10-28T20:04:03.705Z","level":"ERROR","message":"Erro ao criar as tabelas:","data":[{"length":120,"name":"error","severity":"FATAL","code":"28P01","file":"auth.c","line":"332","routine":"auth_failed"}]}
{"timestamp":"2025-10-28T20:09:20.205Z","level":"ERROR","message":"Erro ao criar as tabelas:","data":[{"length":100,"name":"error","severity":"ERRO","code":"42501","position":"31","file":"aclchk.c","line":"2845","routine":"aclcheck_error"}]}
{"timestamp":"2025-10-28T20:10:01.983Z","level":"SECURITY","message":"Tentativa de login com dados inválidos","data":[{"action":"login_failed","email":"[REDACTED]","ip":"::1","timestamp":"2025-10-28T20:10:01.982Z"}]}
{"timestamp":"2025-10-28T20:26:47.188Z","level":"SECURITY","message":"Tentativa de login com dados inválidos","data":[{"action":"login_failed","email":"[REDACTED]","ip":"::1","timestamp":"2025-10-28T20:26:47.188Z"}]}
{"timestamp":"2025-10-28T21:08:19.702Z","level":"SECURITY","message":"Tentativa de login com dados inválidos","data":[{"action":"login_failed","email":"[REDACTED]","ip":"::1","timestamp":"2025-10-28T21:08:19.702Z"}]}
{"timestamp":"2025-10-28T21:08:24.723Z","level":"SECURITY","message":"Tentativa de login com dados inválidos","data":[{"action":"login_failed","email":"[REDACTED]","ip":"::1","timestamp":"2025-10-28T21:08:24.723Z"}]}
{"timestamp":"2025-10-28T21:08:40.689Z","level":"SECURITY","message":"Tentativa de login com dados inválidos","data":[{"action":"login_failed","email":"[REDACTED]","ip":"::1","timestamp":"2025-10-28T21:08:40.689Z"}]}
{"timestamp":"2025-10-28T21:08:42.212Z","level":"SECURITY","message":"Tentativa de login com dados inválidos","data":[{"action":"login_failed","email":"[REDACTED]","ip":"::1","timestamp":"2025-10-28T21:08:42.212Z"}]}
{"timestamp":"2025-10-28T21:08:44.003Z","level":"SECURITY","message":"Tentativa de login com dados inválidos","data":[{"action":"login_failed","email":"[REDACTED]","ip":"::1","timestamp":"2025-10-28T21:08:44.003Z"}]}
{"timestamp":"2025-10-28T21:08:46.627Z","level":"SECURITY","message":"Tentativa de login com dados inválidos","data":[{"action":"login_failed","email":"[REDACTED]","ip":"::1","timestamp":"2025-10-28T21:08:46.627Z"}]}
{"timestamp":"2025-10-28T21:08:50.444Z","level":"SECURITY","message":"Tentativa de login com dados inválidos","data":[{"action":"login_failed","email":"[REDACTED]","ip":"::1","timestamp":"2025-10-28T21:08:50.444Z"}]}
{"timestamp":"2025-10-28T21:08:54.622Z","level":"SECURITY","message":"Tentativa de login com dados inválidos","data":[{"action":"login_failed","email":"[REDACTED]","ip":"::1","timestamp":"2025-10-28T21:08:54.622Z"}]}
{"timestamp":"2025-10-28T21:09:00.599Z","level":"SECURITY","message":"Tentativa de login com dados inválidos","data":[{"action":"login_failed","email":"[REDACTED]","ip":"::1","timestamp":"2025-10-28T21:09:00.599Z"}]}
{"timestamp":"2025-10-28T21:09:07.724Z","level":"SECURITY","message":"Tentativa de login com dados inválidos","data":[{"action":"login_failed","email":"[REDACTED]","ip":"::1","timestamp":"2025-10-28T21:09:07.724Z"}]}
{"timestamp":"2025-10-28T21:11:28.927Z","level":"SECURITY","message":"Tentativa de login com dados inválidos","data":[{"action":"login_failed","email":"[REDACTED]","ip":"::1","timestamp":"2025-10-28T21:11:28.927Z"}]}
{"timestamp":"2025-10-28T21:11:49.813Z","level":"SECURITY","message":"Tentativa de login com dados inválidos","data":[{"action":"login_failed","email":"[REDACTED]","ip":"::1","timestamp":"2025-10-28T21:11:49.813Z"}]}
{"timestamp":"2025-10-28T21:12:50.765Z","level":"SECURITY","message":"Tentativa de login com dados inválidos","data":[{"action":"login_failed","email":"[REDACTED]","ip":"::1","timestamp":"2025-10-28T21:12:50.765Z"}]}
{"timestamp":"2025-10-28T21:17:23.806Z","level":"SECURITY","message":"Tentativa de login com dados inválidos","data":[{"action":"login_failed","email":"[REDACTED]","ip":"::1","timestamp":"2025-10-28T21:17:23.806Z"}]}
{"timestamp":"2025-10-28T21:17:27.082Z","level":"SECURITY","message":"Tentativa de login com dados inválidos","data":[{"action":"login_failed","email":"[REDACTED]","ip":"::1","timestamp":"2025-10-28T21:17:27.082Z"}]}
{"timestamp":"2025-10-28T21:17:39.300Z","level":"SECURITY","message":"Tentativa de login com dados inválidos","data":[{"action":"login_failed","email":"[REDACTED]","ip":"::1","timestamp":"2025-10-28T21:17:39.300Z"}]}
{"timestamp":"2025-10-28T21:17:52.434Z","level":"SECURITY","message":"Tentativa de login com dados inválidos","data":[{"action":"login_failed","email":"[REDACTED]","ip":"::1","timestamp":"2025-10-28T21:17:52.434Z"}]}
{"timestamp":"2025-10-28T21:23:25.382Z","level":"SECURITY","message":"Tentativa de login com dados inválidos","data":[{"action":"login_failed","email":"[REDACTED]","ip":"::1","timestamp":"2025-10-28T21:23:25.382Z"}]}
{"timestamp":"2025-10-28T21:23:26.367Z","level":"SECURITY","message":"Tentativa de login com dados inválidos","data":[{"action":"login_failed","email":"[REDACTED]","ip":"::1","timestamp":"2025-10-28T21:23:26.367Z"}]}
{"timestamp":"2025-10-28T21:26:03.699Z","level":"SECURITY","message":"Tentativa de login com dados inválidos","data":[{"action":"login_failed","email":"[REDACTED]","ip":"::1","timestamp":"2025-10-28T21:26:03.699Z"}]}
{"timestamp":"2025-10-28T21:31:04.047Z","level":"ERROR","message":"Erro ao criar as tabelas:","data":[{"length":100,"name":"error","severity":"ERRO","code":"42501","position":"31","file":"aclchk.c","line":"2845","routine":"aclcheck_error"}]}
{"timestamp":"2025-10-28T21:31:36.321Z","level":"SECURITY","message":"Tentativa de login com dados inválidos","data":[{"action":"login_failed","email":"[REDACTED]","ip":"::1","timestamp":"2025-10-28T21:31:36.321Z"}]}
{"timestamp":"2025-10-29T16:42:05.683Z","level":"ERROR","message":"Erro ao criar as tabelas:","data":[{"length":100,"name":"error","severity":"ERRO","code":"42501","position":"31","file":"aclchk.c","line":"2845","routine":"aclcheck_error"}]}
{"timestamp":"2025-10-29T16:42:37.093Z","level":"SECURITY","message":"Tentativa de login com dados inválidos","data":[{"action":"login_failed","email":"[REDACTED]","ip":"::1","timestamp":"2025-10-29T16:42:37.092Z"}]}
{"timestamp":"2025-10-29T16:42:53.762Z","level":"SECURITY","message":"Tentativa de login com dados inválidos","data":[{"action":"login_failed","email":"[REDACTED]","ip":"::1","timestamp":"2025-10-29T16:42:53.762Z"}]}
{"timestamp":"2025-10-29T16:42:59.197Z","level":"SECURITY","message":"Tentativa de login com dados inválidos","data":[{"action":"login_failed","email":"[REDACTED]","ip":"::1","timestamp":"2025-10-29T16:42:59.197Z"}]}
{"timestamp":"2025-10-29T16:44:27.560Z","level":"SECURITY","message":"Tentativa de login com dados inválidos","data":[{"action":"login_failed","email":"[REDACTED]","ip":"::1","timestamp":"2025-10-29T16:44:27.560Z"}]}
{"timestamp":"2025-10-29T16:44:35.916Z","level":"SECURITY","message":"Tentativa de login com dados inválidos","data":[{"action":"login_failed","email":"[REDACTED]","ip":"::1","timestamp":"2025-10-29T16:44:35.916Z"}]}
{"timestamp":"2025-10-29T16:44:46.151Z","level":"SECURITY","message":"Tentativa de login com dados inválidos","data":[{"action":"login_failed","email":"[REDACTED]","ip":"::1","timestamp":"2025-10-29T16:44:46.151Z"}]}
{"timestamp":"2025-10-29T16:44:52.436Z","level":"SECURITY","message":"Tentativa de login com dados inválidos","data":[{"action":"login_failed","email":"[REDACTED]","ip":"::1","timestamp":"2025-10-29T16:44:52.436Z"}]}
{"timestamp":"2025-10-29T16:45:12.220Z","level":"SECURITY","message":"Tentativa de login com dados inválidos","data":[{"action":"login_failed","email":"[REDACTED]","ip":"::1","timestamp":"2025-10-29T16:45:12.219Z"}]}
{"timestamp":"2025-10-29T16:55:47.246Z","level":"ERROR","message":"Erro ao criar as tabelas:","data":[{"length":100,"name":"error","severity":"ERRO","code":"42501","position":"31","file":"aclchk.c","line":"2845","routine":"aclcheck_error"}]}
{"timestamp":"2025-10-29T16:56:07.567Z","level":"SECURITY","message":"Tentativa de login com dados inválidos","data":[{"action":"login_failed","email":"[REDACTED]","ip":"::1","timestamp":"2025-10-29T16:56:07.567Z"}]}
{"timestamp":"2025-10-29T16:56:20.360Z","level":"SECURITY","message":"Tentativa de login com dados inválidos","data":[{"action":"login_failed","email":"[REDACTED]","ip":"::1","timestamp":"2025-10-29T16:56:20.360Z"}]}
{"timestamp":"2025-10-29T17:18:18.359Z","level":"ERROR","message":"Erro ao criar as tabelas:","data":[{"length":100,"name":"error","severity":"ERRO","code":"42501","position":"31","file":"aclchk.c","line":"2845","routine":"aclcheck_error"}]}
{"timestamp":"2025-10-29T17:18:26.787Z","level":"SECURITY","message":"Tentativa de login com dados inválidos","data":[{"action":"login_failed","email":"[REDACTED]","ip":"::1","timestamp":"2025-10-29T17:18:26.787Z"}]}
{"timestamp":"2025-10-29T17:18:52.580Z","level":"SECURITY","message":"Tentativa de login com dados inválidos","data":[{"action":"login_failed","email":"[REDACTED]","ip":"::1","timestamp":"2025-10-29T17:18:52.580Z"}]}
{"timestamp":"2025-10-29T17:18:58.963Z","level":"SECURITY","message":"Tentativa de login com dados inválidos","data":[{"action":"login_failed","email":"[REDACTED]","ip":"::1","timestamp":"2025-10-29T17:18:58.963Z"}]}
{"timestamp":"2025-10-29T17:19:14.033Z","level":"SECURITY","message":"Tentativa de login com dados inválidos","data":[{"action":"login_failed","email":"[REDACTED]","ip":"::1","timestamp":"2025-10-29T17:19:14.033Z"}]}
{"timestamp":"2025-10-29T17:20:17.198Z","level":"SECURITY","message":"Tentativa de login com dados inválidos","data":[{"action":"login_failed","email":"[REDACTED]","ip":"::1","timestamp":"2025-10-29T17:20:17.198Z"}]}
{"timestamp":"2025-10-29T19:00:43.037Z","level":"ERROR","message":"Erro ao criar as tabelas:","data":[{"length":100,"name":"error","severity":"ERRO","code":"42501","position":"31","file":"aclchk.c","line":"2845","routine":"aclcheck_error"}]}
{"timestamp":"2025-10-29T20:33:24.411Z","level":"ERROR","message":"Erro ao criar as tabelas:","data":[{"length":100,"name":"error","severity":"ERRO","code":"42501","position":"31","file":"aclchk.c","line":"2845","routine":"aclcheck_error"}]}
{"timestamp":"2025-10-29T20:33:44.652Z","level":"ERROR","message":"Erro ao criar as tabelas:","data":[{"length":100,"name":"error","severity":"ERRO","code":"42501","position":"31","file":"aclchk.c","line":"2845","routine":"aclcheck_error"}]}
{"timestamp":"2025-10-29T20:35:30.635Z","level":"ERROR","message":"Erro ao criar as tabelas:","data":[{"length":100,"name":"error","severity":"ERRO","code":"42501","position":"31","file":"aclchk.c","line":"2845","routine":"aclcheck_error"}]}
{"timestamp":"2025-10-29T20:35:53.053Z","level":"ERROR","message":"Erro ao criar as tabelas:","data":[{"length":100,"name":"error","severity":"ERRO","code":"42501","position":"31","file":"aclchk.c","line":"2845","routine":"aclcheck_error"}]}
{"timestamp":"2025-10-29T22:35:55.234Z","level":"ERROR","message":"Erro ao criar as tabelas:","data":[{"length":100,"name":"error","severity":"ERRO","code":"42501","position":"31","file":"aclchk.c","line":"2845","routine":"aclcheck_error"}]}
{"timestamp":"2025-10-29T23:04:45.651Z","level":"ERROR","message":"Erro ao criar as tabelas:","data":[{"length":100,"name":"error","severity":"ERRO","code":"42501","position":"31","file":"aclchk.c","line":"2845","routine":"aclcheck_error"}]}
{"timestamp":"2025-10-29T23:08:19.787Z","level":"ERROR","message":"Erro ao criar as tabelas:","data":[{"length":100,"name":"error","severity":"ERRO","code":"42501","position":"31","file":"aclchk.c","line":"2845","routine":"aclcheck_error"}]}
{"timestamp":"2025-10-29T23:08:36.657Z","level":"ERROR","message":"Erro ao criar as tabelas:","data":[{"length":100,"name":"error","severity":"ERRO","code":"42501","position":"31","file":"aclchk.c","line":"2845","routine":"aclcheck_error"}]}
{"timestamp":"2025-10-29T23:08:57.597Z","level":"ERROR","message":"Erro ao criar as tabelas:","data":[{"length":100,"name":"error","severity":"ERRO","code":"42501","position":"31","file":"aclchk.c","line":"2845","routine":"aclcheck_error"}]}
{"timestamp":"2025-10-29T23:20:04.334Z","level":"ERROR","message":"Erro ao criar as tabelas:","data":[{"length":100,"name":"error","severity":"ERRO","code":"42501","position":"31","file":"aclchk.c","line":"2845","routine":"aclcheck_error"}]}
{"timestamp":"2025-10-29T23:22:55.977Z","level":"ERROR","message":"Erro ao criar as tabelas:","data":[{"length":100,"name":"error","severity":"ERRO","code":"42501","position":"31","file":"aclchk.c","line":"2845","routine":"aclcheck_error"}]}
{"timestamp":"2025-10-29T23:24:11.953Z","level":"ERROR","message":"Erro ao criar as tabelas:","data":[{"length":100,"name":"error","severity":"ERRO","code":"42501","position":"31","file":"aclchk.c","line":"2845","routine":"aclcheck_error"}]}
{"timestamp":"2025-10-29T23:26:01.012Z","level":"ERROR","message":"Erro ao criar as tabelas:","data":[{"length":100,"name":"error","severity":"ERRO","code":"42501","position":"31","file":"aclchk.c","line":"2845","routine":"aclcheck_error"}]}
{"timestamp":"2025-10-29T23:26:33.650Z","level":"ERROR","message":"Erro ao criar as tabelas:","data":[{"length":100,"name":"error","severity":"ERRO","code":"42501","position":"31","file":"aclchk.c","line":"2845","routine":"aclcheck_error"}]}
{"timestamp":"2025-10-29T23:27:54.649Z","level":"ERROR","message":"❌ Erro ao iniciar o servidor:","data":[{}]}
{"timestamp":"2025-10-29T23:28:16.776Z","level":"ERROR","message":"Erro ao criar as tabelas:","data":[{"length":100,"name":"error","severity":"ERRO","code":"42501","position":"31","file":"aclchk.c","line":"2845","routine":"aclcheck_error"}]}
{"timestamp":"2025-10-29T23:28:44.067Z","level":"ERROR","message":"Erro ao criar as tabelas:","data":[{"length":100,"name":"error","severity":"ERRO","code":"42501","position":"31","file":"aclchk.c","line":"2845","routine":"aclcheck_error"}]}
{"timestamp":"2025-10-29T23:28:44.072Z","level":"ERROR","message":"Erro ao criar as tabelas:","data":[{"length":100,"name":"error","severity":"ERRO","code":"42501","position":"31","file":"aclchk.c","line":"2845","routine":"aclcheck_error"}]}
{"timestamp":"2025-10-29T23:29:11.871Z","level":"ERROR","message":"Erro ao criar as tabelas:","data":[{"length":100,"name":"error","severity":"ERRO","code":"42501","position":"31","file":"aclchk.c","line":"2845","routine":"aclcheck_error"}]}
{"timestamp":"2025-10-29T23:29:11.906Z","level":"ERROR","message":"Erro ao criar as tabelas:","data":[{"length":100,"name":"error","severity":"ERRO","code":"42501","position":"31","file":"aclchk.c","line":"2845","routine":"aclcheck_error"}]}
{"timestamp":"2025-10-29T23:29:58.258Z","level":"ERROR","message":"Erro ao criar as tabelas:","data":[{"length":100,"name":"error","severity":"ERRO","code":"42501","position":"31","file":"aclchk.c","line":"2845","routine":"aclcheck_error"}]}
{"timestamp":"2025-10-29T23:29:58.363Z","level":"ERROR","message":"Erro ao criar as tabelas:","data":[{"length":100,"name":"error","severity":"ERRO","code":"42501","position":"31","file":"aclchk.c","line":"2845","routine":"aclcheck_error"}]}
{"timestamp":"2025-10-29T23:41:28.743Z","level":"ERROR","message":"Erro ao criar as tabelas:","data":[{"length":111,"name":"error","severity":"FATAL","code":"3D000","file":"postinit.c","line":"1034","routine":"InitPostgres"}]}
{"timestamp":"2025-10-29T23:42:39.449Z","level":"ERROR","message":"Erro ao criar as tabelas:","data":[{"length":111,"name":"error","severity":"FATAL","code":"3D000","file":"postinit.c","line":"1034","routine":"InitPostgres"}]}
{"timestamp":"2025-10-29T23:44:27.353Z","level":"ERROR","message":"Erro ao criar as tabelas:","data":[{"length":112,"name":"error","severity":"FATAL","code":"28P01","file":"auth.c","line":"332","routine":"auth_failed"}]}
{"timestamp":"2025-10-29T23:45:00.928Z","level":"ERROR","message":"Erro ao criar as tabelas:","data":[{"length":112,"name":"error","severity":"FATAL","code":"28P01","file":"auth.c","line":"332","routine":"auth_failed"}]}
{"timestamp":"2025-10-30T17:57:59.383Z","level":"ERROR","message":"Erro ao criar usuários:","data":[{"length":125,"name":"error","severity":"ERRO","code":"42703","position":"83","file":"parse_target.c","line":"1070","routine":"checkInsertTargets"}]}
{"timestamp":"2025-10-30T17:57:59.391Z","level":"ERROR","message":"Erro ao criar dados de teste:","data":[{"length":125,"name":"error","severity":"ERRO","code":"42703","position":"83","file":"parse_target.c","line":"1070","routine":"checkInsertTargets"}]}
{"timestamp":"2025-10-30T17:59:54.695Z","level":"ERROR","message":"Erro ao criar usuários:","data":[{"length":125,"name":"error","severity":"ERRO","code":"42703","position":"83","file":"parse_target.c","line":"1070","routine":"checkInsertTargets"}]}
{"timestamp":"2025-10-30T17:59:54.697Z","level":"ERROR","message":"Erro ao criar dados de teste:","data":[{"length":125,"name":"error","severity":"ERRO","code":"42703","position":"83","file":"parse_target.c","line":"1070","routine":"checkInsertTargets"}]}
{"timestamp":"2025-10-30T18:00:37.067Z","level":"ERROR","message":"Erro ao criar usuários:","data":[{"length":125,"name":"error","severity":"ERRO","code":"42703","position":"83","file":"parse_target.c","line":"1070","routine":"checkInsertTargets"}]}
{"timestamp":"2025-10-30T18:00:37.070Z","level":"ERROR","message":"Erro ao criar dados de teste:","data":[{"length":125,"name":"error","severity":"ERRO","code":"42703","position":"83","file":"parse_target.c","line":"1070","routine":"checkInsertTargets"}]}
{"timestamp":"2025-10-30T18:01:47.958Z","level":"ERROR","message":"Erro ao criar usuários:","data":[{"length":125,"name":"error","severity":"ERRO","code":"42703","position":"83","file":"parse_target.c","line":"1070","routine":"checkInsertTargets"}]}
{"timestamp":"2025-10-30T18:01:47.960Z","level":"ERROR","message":"Erro ao criar dados de teste:","data":[{"length":125,"name":"error","severity":"ERRO","code":"42703","position":"83","file":"parse_target.c","line":"1070","routine":"checkInsertTargets"}]}
{"timestamp":"2025-10-30T18:02:04.156Z","level":"ERROR","message":"Erro ao criar usuários:","data":[{"length":125,"name":"error","severity":"ERRO","code":"42703","position":"83","file":"parse_target.c","line":"1070","routine":"checkInsertTargets"}]}
{"timestamp":"2025-10-30T18:02:04.158Z","level":"ERROR","message":"Erro ao criar dados de teste:","data":[{"length":125,"name":"error","severity":"ERRO","code":"42703","position":"83","file":"parse_target.c","line":"1070","routine":"checkInsertTargets"}]}
{"timestamp":"2025-10-30T18:02:22.430Z","level":"ERROR","message":"Erro ao criar rotas:","data":[{"length":134,"name":"error","severity":"ERRO","code":"42703","position":"73","file":"parse_target.c","line":"1070","routine":"checkInsertTargets"}]}
{"timestamp":"2025-10-30T18:02:22.436Z","level":"ERROR","message":"Erro ao criar dados de teste:","data":[{"length":134,"name":"error","severity":"ERRO","code":"42703","position":"73","file":"parse_target.c","line":"1070","routine":"checkInsertTargets"}]}
{"timestamp":"2025-10-30T18:02:40.253Z","level":"ERROR","message":"Erro ao criar crianças:","data":[{"length":213,"name":"error","severity":"ERRO","code":"23505","detail":"Chave (cpf)=(12345678901) já existe.","schema":"public","table":"criancas","constraint":"criancas_cpf_key","file":"nbtinsert.c","line":"673","routine":"_bt_check_unique"}]}
{"timestamp":"2025-10-30T18:02:40.255Z","level":"ERROR","message":"Erro ao criar dados de teste:","data":[{"length":213,"name":"error","severity":"ERRO","code":"23505","detail":"Chave (cpf)=(12345678901) já existe.","schema":"public","table":"criancas","constraint":"criancas_cpf_key","file":"nbtinsert.c","line":"673","routine":"_bt_check_unique"}]}
{"timestamp":"2025-10-30T18:03:08.638Z","level":"ERROR","message":"Erro ao criar crianças:","data":[{"length":124,"name":"error","severity":"ERRO","code":"42703","position":"159","file":"parse_target.c","line":"1070","routine":"checkInsertTargets"}]}
{"timestamp":"2025-10-30T18:03:08.644Z","level":"ERROR","message":"Erro ao criar dados de teste:","data":[{"length":124,"name":"error","severity":"ERRO","code":"42703","position":"159","file":"parse_target.c","line":"1070","routine":"checkInsertTargets"}]}
{"timestamp":"2025-10-30T18:03:22.108Z","level":"ERROR","message":"Erro ao criar crianças:","data":[{"length":135,"name":"error","severity":"ERRO","code":"42703","position":"166","file":"parse_target.c","line":"1070","routine":"checkInsertTargets"}]}
{"timestamp":"2025-10-30T18:03:22.110Z","level":"ERROR","message":"Erro ao criar dados de teste:","data":[{"length":135,"name":"error","severity":"ERRO","code":"42703","position":"166","file":"parse_target.c","line":"1070","routine":"checkInsertTargets"}]}
{"timestamp":"2025-10-30T18:03:36.960Z","level":"ERROR","message":"Erro ao criar crianças:","data":[{"length":139,"name":"error","severity":"ERRO","code":"42703","position":"184","file":"parse_target.c","line":"1070","routine":"checkInsertTargets"}]}
{"timestamp":"2025-10-30T18:03:36.962Z","level":"ERROR","message":"Erro ao criar dados de teste:","data":[{"length":139,"name":"error","severity":"ERRO","code":"42703","position":"184","file":"parse_target.c","line":"1070","routine":"checkInsertTargets"}]}
{"timestamp":"2025-10-30T22:17:09.716Z","level":"INFO","message":"Tabelas verificadas/criadas com sucesso."}
{"timestamp":"2025-10-30T22:17:09.717Z","level":"INFO","message":"DEBUG: PORT value before app.listen: 3000"}
{"timestamp":"2025-10-30T22:17:09.718Z","level":"INFO","message":"Attempting to start HTTP server on port 3000"}
{"timestamp":"2025-10-30T22:17:09.721Z","level":"INFO","message":"HTTP server started, server object: [object Object]"}
{"timestamp":"2025-10-30T22:17:09.722Z","level":"INFO","message":"🔄 Inicializando sistema de notificações em tempo real..."}
{"timestamp":"2025-10-30T22:17:09.723Z","level":"INFO","message":"[REALTIME-SERVER] Servidor de notificações inicializado"}
{"timestamp":"2025-10-30T22:17:09.730Z","level":"INFO","message":"🚀 Servidor rodando na porta 3000"}
{"timestamp":"2025-10-30T22:17:09.732Z","level":"INFO","message":"📱 Acesse a aplicação em http://localhost:3000"}
{"timestamp":"2025-10-30T22:17:09.775Z","level":"INFO","message":"[RASTREAMENTO] Integração de notificações em tempo real configurada"}
{"timestamp":"2025-10-30T22:17:09.776Z","level":"INFO","message":"[CONFERENCIA] Integração de notificações em tempo real configurada"}
{"timestamp":"2025-10-30T22:17:09.777Z","level":"INFO","message":"✅ Sistema de notificações em tempo real inicializado"}
{"timestamp":"2025-10-30T22:17:09.778Z","level":"INFO","message":"🔌 WebSocket disponível em ws://localhost:3000"}
{"timestamp":"2025-10-30T22:24:07.040Z","level":"INFO","message":"\n📡 Recebido sinal SIGINT, iniciando shutdown gracioso..."}
{"timestamp":"2025-10-30T22:24:21.901Z","level":"INFO","message":"Tabelas verificadas/criadas com sucesso."}
{"timestamp":"2025-10-30T22:24:21.906Z","level":"INFO","message":"DEBUG: PORT value before app.listen: 3000"}
{"timestamp":"2025-10-30T22:24:21.910Z","level":"INFO","message":"Attempting to start HTTP server on port 3000"}
{"timestamp":"2025-10-30T22:24:21.915Z","level":"INFO","message":"HTTP server started, server object: [object Object]"}
{"timestamp":"2025-10-30T22:24:21.918Z","level":"INFO","message":"🔄 Inicializando sistema de notificações em tempo real..."}
{"timestamp":"2025-10-30T22:24:21.925Z","level":"INFO","message":"[REALTIME-SERVER] Servidor de notificações inicializado"}
{"timestamp":"2025-10-30T22:24:21.945Z","level":"INFO","message":"🚀 Servidor rodando na porta 3000"}
{"timestamp":"2025-10-30T22:24:21.947Z","level":"INFO","message":"📱 Acesse a aplicação em http://localhost:3000"}
{"timestamp":"2025-10-30T22:24:21.966Z","level":"INFO","message":"[RASTREAMENTO] Integração de notificações em tempo real configurada"}
{"timestamp":"2025-10-30T22:24:21.970Z","level":"INFO","message":"[CONFERENCIA] Integração de notificações em tempo real configurada"}
{"timestamp":"2025-10-30T22:24:21.975Z","level":"INFO","message":"✅ Sistema de notificações em tempo real inicializado"}
{"timestamp":"2025-10-30T22:24:21.981Z","level":"INFO","message":"🔌 WebSocket disponível em ws://localhost:3000"}
{"timestamp":"2025-10-30T22:24:36.345Z","level":"INFO","message":"\n📡 Recebido sinal SIGINT, iniciando shutdown gracioso..."}
{"timestamp":"2025-10-30T22:26:58.723Z","level":"INFO","message":"Tabelas verificadas/criadas com sucesso."}
{"timestamp":"2025-10-30T22:26:58.726Z","level":"INFO","message":"DEBUG: PORT value before app.listen: 3000"}
{"timestamp":"2025-10-30T22:26:58.727Z","level":"INFO","message":"Attempting to start HTTP server on port 3000"}
{"timestamp":"2025-10-30T22:26:58.734Z","level":"INFO","message":"HTTP server started, server object: [object Object]"}
{"timestamp":"2025-10-30T22:26:58.735Z","level":"INFO","message":"🔄 Inicializando sistema de notificações em tempo real..."}
{"timestamp":"2025-10-30T22:26:58.739Z","level":"INFO","message":"[REALTIME-SERVER] Servidor de notificações inicializado"}
{"timestamp":"2025-10-30T22:26:58.758Z","level":"INFO","message":"🚀 Servidor rodando na porta 3000"}
{"timestamp":"2025-10-30T22:26:58.761Z","level":"INFO","message":"📱 Acesse a aplicação em http://localhost:3000"}
{"timestamp":"2025-10-30T22:26:58.787Z","level":"INFO","message":"[RASTREAMENTO] Integração de notificações em tempo real configurada"}
{"timestamp":"2025-10-30T22:26:58.790Z","level":"INFO","message":"[CONFERENCIA] Integração de notificações em tempo real configurada"}
{"timestamp":"2025-10-30T22:26:58.793Z","level":"INFO","message":"✅ Sistema de notificações em tempo real inicializado"}
{"timestamp":"2025-10-30T22:26:58.796Z","level":"INFO","message":"🔌 WebSocket disponível em ws://localhost:3000"}
{"timestamp":"2025-10-30T22:27:17.506Z","level":"SECURITY","message":"Tentativa de login com dados inválidos","data":[{"action":"login_failed","email":"[REDACTED]","ip":"::1","timestamp":"2025-10-30T22:27:17.505Z"}]}
{"timestamp":"2025-10-30T22:28:32.647Z","level":"INFO","message":"\n📡 Recebido sinal SIGINT, iniciando shutdown gracioso..."}
{"timestamp":"2025-10-30T23:57:16.902Z","level":"SECURITY","message":"Tentativa de login com dados inválidos","data":[{"action":"login_failed","email":"[REDACTED]","ip":"::1","timestamp":"2025-10-30T23:57:16.901Z"}]}
{"timestamp":"2025-10-30T23:57:23.299Z","level":"SECURITY","message":"Tentativa de login com dados inválidos","data":[{"action":"login_failed","email":"[REDACTED]","ip":"::1","timestamp":"2025-10-30T23:57:23.299Z"}]}
{"timestamp":"2025-10-30T23:57:31.489Z","level":"SECURITY","message":"Tentativa de login com dados inválidos","data":[{"action":"login_failed","email":"[REDACTED]","ip":"::1","timestamp":"2025-10-30T23:57:31.488Z"}]}
{"timestamp":"2025-10-30T23:59:59.030Z","level":"SECURITY","message":"Tentativa de login com dados inválidos","data":[{"action":"login_failed","email":"[REDACTED]","ip":"::1","timestamp":"2025-10-30T23:59:59.030Z"}]}
{"timestamp":"2025-10-31T16:56:12.517Z","level":"SECURITY","message":"Tentativa de login com dados inválidos","data":[{"action":"login_failed","email":"[REDACTED]","ip":"::1","timestamp":"2025-10-31T16:56:12.517Z"}]}
{"timestamp":"2025-10-31T16:57:37.747Z","level":"SECURITY","message":"Tentativa de login com dados inválidos","data":[{"action":"login_failed","email":"[REDACTED]","ip":"::1","timestamp":"2025-10-31T16:57:37.747Z"}]}
{"timestamp":"2025-10-31T16:57:41.535Z","level":"SECURITY","message":"Tentativa de login com dados inválidos","data":[{"action":"login_failed","email":"[REDACTED]","ip":"::1","timestamp":"2025-10-31T16:57:41.534Z"}]}
{"timestamp":"2025-10-31T16:57:48.401Z","level":"SECURITY","message":"Tentativa de login com dados inválidos","data":[{"action":"login_failed","email":"[REDACTED]","ip":"::1","timestamp":"2025-10-31T16:57:48.401Z"}]}
{"timestamp":"2025-10-31T16:58:02.060Z","level":"SECURITY","message":"Tentativa de login com dados inválidos","data":[{"action":"login_failed","email":"[REDACTED]","ip":"::1","timestamp":"2025-10-31T16:58:02.059Z"}]}
{"timestamp":"2025-10-31T16:58:11.490Z","level":"SECURITY","message":"Tentativa de login com dados inválidos","data":[{"action":"login_failed","email":"[REDACTED]","ip":"::1","timestamp":"2025-10-31T16:58:11.490Z"}]}
{"timestamp":"2025-10-31T17:30:44.282Z","level":"SECURITY","message":"Tentativa de login com dados inválidos","data":[{"action":"login_failed","email":"[REDACTED]","ip":"::1","timestamp":"2025-10-31T17:30:44.282Z"}]}
{"timestamp":"2025-10-31T17:30:48.697Z","level":"SECURITY","message":"Tentativa de login com dados inválidos","data":[{"action":"login_failed","email":"[REDACTED]","ip":"::1","timestamp":"2025-10-31T17:30:48.697Z"}]}
{"timestamp":"2025-10-31T17:49:05.537Z","level":"SECURITY","message":"Tentativa de login com dados inválidos","data":[{"action":"login_failed","email":"[REDACTED]","ip":"::1","timestamp":"2025-10-31T17:49:05.536Z"}]}
{"timestamp":"2025-10-31T17:49:18.002Z","level":"SECURITY","message":"Tentativa de login com dados inválidos","data":[{"action":"login_failed","email":"[REDACTED]","ip":"::1","timestamp":"2025-10-31T17:49:18.002Z"}]}
{"timestamp":"2025-10-31T19:25:33.813Z","level":"ERROR","message":"Erro ao criar as tabelas:","data":[{}]}
{"timestamp":"2025-10-31T19:31:05.238Z","level":"ERROR","message":"Erro ao criar as tabelas:","data":[{}]}
{"timestamp":"2025-10-31T19:31:17.085Z","level":"ERROR","message":"❌ Erro no login:","data":["The server does not support SSL connections"]}
{"timestamp":"2025-10-31T19:46:47.288Z","level":"SECURITY","message":"Login realizado com sucesso","data":[{"action":"login_success","email":"[REDACTED]","ip":"::1","timestamp":"2025-10-31T19:46:47.288Z"}]}
{"timestamp":"2025-10-31T19:47:13.504Z","level":"SECURITY","message":"Login realizado com sucesso","data":[{"action":"login_success","email":"[REDACTED]","ip":"::1","timestamp":"2025-10-31T19:47:13.504Z"}]}
{"timestamp":"2025-10-31T19:56:18.222Z","level":"SECURITY","message":"Login realizado com sucesso","data":[{"action":"login_success","email":"[REDACTED]","ip":"::1","timestamp":"2025-10-31T19:56:18.215Z"}]}
{"timestamp":"2025-10-31T19:56:37.996Z","level":"SECURITY","message":"Login realizado com sucesso","data":[{"action":"login_success","email":"[REDACTED]","ip":"::1","timestamp":"2025-10-31T19:56:37.995Z"}]}
{"timestamp":"2025-10-31T19:56:39.586Z","level":"SECURITY","message":"Tentativa de login com senha incorreta","data":[{"action":"token_validation","userId":49,"email":"[REDACTED]","ip":"::1","timestamp":"2025-10-31T19:56:39.586Z"}]}
{"timestamp":"2025-10-31T19:56:41.592Z","level":"SECURITY","message":"Tentativa de login com senha incorreta","data":[{"action":"token_validation","userId":49,"email":"[REDACTED]","ip":"::1","timestamp":"2025-10-31T19:56:41.592Z"}]}
{"timestamp":"2025-10-31T19:59:21.314Z","level":"SECURITY","message":"Login realizado com sucesso","data":[{"action":"login_success","email":"[REDACTED]","ip":"::1","timestamp":"2025-10-31T19:59:21.314Z"}]}
{"timestamp":"2025-10-31T19:59:22.643Z","level":"SECURITY","message":"Tentativa de login com senha incorreta","data":[{"action":"token_validation","userId":49,"email":"[REDACTED]","ip":"::1","timestamp":"2025-10-31T19:59:22.642Z"}]}
{"timestamp":"2025-10-31T19:59:32.019Z","level":"SECURITY","message":"Tentativa de login com senha incorreta","data":[{"action":"token_validation","userId":49,"email":"[REDACTED]","ip":"::1","timestamp":"2025-10-31T19:59:32.019Z"}]}
{"timestamp":"2025-10-31T19:59:46.865Z","level":"SECURITY","message":"Login realizado com sucesso","data":[{"action":"login_success","email":"[REDACTED]","ip":"::1","timestamp":"2025-10-31T19:59:46.865Z"}]}
{"timestamp":"2025-10-31T20:00:05.686Z","level":"SECURITY","message":"Login realizado com sucesso","data":[{"action":"login_success","email":"[REDACTED]","ip":"::1","timestamp":"2025-10-31T20:00:05.686Z"}]}
{"timestamp":"2025-10-31T20:02:38.757Z","level":"SECURITY","message":"Login realizado com sucesso","data":[{"action":"login_success","email":"[REDACTED]","ip":"::1","timestamp":"2025-10-31T20:02:38.752Z"}]}
{"timestamp":"2025-10-31T20:02:40.060Z","level":"SECURITY","message":"Tentativa de login com senha incorreta","data":[{"action":"token_validation","userId":49,"email":"[REDACTED]","ip":"::1","timestamp":"2025-10-31T20:02:40.060Z"}]}
{"timestamp":"2025-10-31T20:02:47.145Z","level":"SECURITY","message":"Tentativa de login com senha incorreta","data":[{"action":"token_validation","userId":49,"email":"[REDACTED]","ip":"::1","timestamp":"2025-10-31T20:02:47.145Z"}]}
{"timestamp":"2025-11-01T00:16:53.364Z","level":"SECURITY","message":"Login realizado com sucesso","data":[{"action":"login_success","email":"[REDACTED]","ip":"::1","timestamp":"2025-11-01T00:16:53.363Z"}]}
{"timestamp":"2025-11-01T00:16:55.060Z","level":"SECURITY","message":"Tentativa de login com senha incorreta","data":[{"action":"token_validation","userId":49,"email":"[REDACTED]","ip":"::1","timestamp":"2025-11-01T00:16:55.060Z"}]}
{"timestamp":"2025-11-01T00:24:20.503Z","level":"SECURITY","message":"Login realizado com sucesso","data":[{"action":"login_success","email":"[REDACTED]","ip":"::1","timestamp":"2025-11-01T00:24:20.494Z"}]}
{"timestamp":"2025-11-01T00:24:22.864Z","level":"SECURITY","message":"Token validado com sucesso","data":[{"action":"token_validation","userId":49,"email":"[REDACTED]","ip":"::1","timestamp":"2025-11-01T00:24:22.863Z"}]}
{"timestamp":"2025-11-01T00:52:26.861Z","level":"SECURITY","message":"Login realizado com sucesso","data":[{"action":"login_success","email":"[REDACTED]","ip":"::1","timestamp":"2025-11-01T00:52:26.861Z"}]}
{"timestamp":"2025-11-01T00:59:29.001Z","level":"SECURITY","message":"Login realizado com sucesso","data":[{"action":"login_success","email":"[REDACTED]","ip":"::1","timestamp":"2025-11-01T00:59:29.001Z"}]}
{"timestamp":"2025-11-01T00:59:30.599Z","level":"SECURITY","message":"Token validado com sucesso","data":[{"action":"token_validation","userId":49,"email":"[REDACTED]","ip":"::1","timestamp":"2025-11-01T00:59:30.599Z"}]}
{"timestamp":"2025-11-02T10:49:51.133Z","level":"SECURITY","message":"Login realizado com sucesso","data":[{"action":"login_success","email":"[REDACTED]","ip":"::1","timestamp":"2025-11-02T10:49:51.133Z"}]}
{"timestamp":"2025-11-02T10:49:52.985Z","level":"SECURITY","message":"Token validado com sucesso","data":[{"action":"token_validation","userId":49,"email":"[REDACTED]","ip":"::1","timestamp":"2025-11-02T10:49:52.985Z"}]}
{"timestamp":"2025-11-02T11:02:52.394Z","level":"SECURITY","message":"Login realizado com sucesso","data":[{"action":"login_success","email":"[REDACTED]","ip":"::1","timestamp":"2025-11-02T11:02:52.393Z"}]}
{"timestamp":"2025-11-02T11:02:54.341Z","level":"SECURITY","message":"Token validado com sucesso","data":[{"action":"token_validation","userId":49,"email":"[REDACTED]","ip":"::1","timestamp":"2025-11-02T11:02:54.340Z"}]}
{"timestamp":"2025-11-02T12:30:37.322Z","level":"SECURITY","message":"Login realizado com sucesso","data":[{"action":"login_success","email":"[REDACTED]","ip":"::1","timestamp":"2025-11-02T12:30:37.322Z"}]}
{"timestamp":"2025-11-02T12:30:39.306Z","level":"SECURITY","message":"Token validado com sucesso","data":[{"action":"token_validation","userId":49,"email":"[REDACTED]","ip":"::1","timestamp":"2025-11-02T12:30:39.306Z"}]}
{"timestamp":"2025-11-02T12:37:33.334Z","level":"SECURITY","message":"Login realizado com sucesso","data":[{"action":"login_success","email":"[REDACTED]","ip":"::1","timestamp":"2025-11-02T12:37:33.333Z"}]}
{"timestamp":"2025-11-02T12:37:36.328Z","level":"SECURITY","message":"Token validado com sucesso","data":[{"action":"token_validation","userId":49,"email":"[REDACTED]","ip":"::1","timestamp":"2025-11-02T12:37:36.328Z"}]}
{"timestamp":"2025-11-02T12:43:43.706Z","level":"SECURITY","message":"Login realizado com sucesso","data":[{"action":"login_success","email":"[REDACTED]","ip":"::1","timestamp":"2025-11-02T12:43:43.706Z"}]}
{"timestamp":"2025-11-02T12:43:45.785Z","level":"SECURITY","message":"Token validado com sucesso","data":[{"action":"token_validation","userId":49,"email":"[REDACTED]","ip":"::1","timestamp":"2025-11-02T12:43:45.784Z"}]}
{"timestamp":"2025-11-02T12:49:39.724Z","level":"SECURITY","message":"Login realizado com sucesso","data":[{"action":"login_success","email":"[REDACTED]","ip":"::1","timestamp":"2025-11-02T12:49:39.724Z"}]}
{"timestamp":"2025-11-02T12:49:41.516Z","level":"SECURITY","message":"Token validado com sucesso","data":[{"action":"token_validation","userId":49,"email":"[REDACTED]","ip":"::1","timestamp":"2025-11-02T12:49:41.515Z"}]}
{"timestamp":"2025-11-03T19:01:20.764Z","level":"SECURITY","message":"Login realizado com sucesso","data":[{"action":"login_success","email":"[REDACTED]","ip":"::1","timestamp":"2025-11-03T19:01:20.763Z"}]}
{"timestamp":"2025-11-03T19:01:21.972Z","level":"SECURITY","message":"Token validado com sucesso","data":[{"action":"token_validation","userId":49,"email":"[REDACTED]","ip":"::1","timestamp":"2025-11-03T19:01:21.972Z"}]}
{"timestamp":"2025-11-03T19:02:20.935Z","level":"SECURITY","message":"Login realizado com sucesso","data":[{"action":"login_success","email":"[REDACTED]","ip":"::1","timestamp":"2025-11-03T19:02:20.934Z"}]}
{"timestamp":"2025-11-03T19:02:22.267Z","level":"SECURITY","message":"Token validado com sucesso","data":[{"action":"token_validation","userId":49,"email":"[REDACTED]","ip":"::1","timestamp":"2025-11-03T19:02:22.267Z"}]}
{"timestamp":"2025-11-03T19:03:42.074Z","level":"SECURITY","message":"Login realizado com sucesso","data":[{"action":"login_success","email":"[REDACTED]","ip":"::1","timestamp":"2025-11-03T19:03:42.074Z"}]}
{"timestamp":"2025-11-03T19:03:43.873Z","level":"SECURITY","message":"Token validado com sucesso","data":[{"action":"token_validation","userId":49,"email":"[REDACTED]","ip":"::1","timestamp":"2025-11-03T19:03:43.872Z"}]}
{"timestamp":"2025-11-03T20:26:03.842Z","level":"SECURITY","message":"Login realizado com sucesso","data":[{"action":"login_success","email":"[REDACTED]","ip":"::1","timestamp":"2025-11-03T20:26:03.841Z"}]}
{"timestamp":"2025-11-03T20:26:05.082Z","level":"SECURITY","message":"Token validado com sucesso","data":[{"action":"token_validation","userId":49,"email":"[REDACTED]","ip":"::1","timestamp":"2025-11-03T20:26:05.082Z"}]}
{"timestamp":"2025-11-03T22:28:45.335Z","level":"SECURITY","message":"Login realizado com sucesso","data":[{"action":"login_success","email":"[REDACTED]","ip":"::1","timestamp":"2025-11-03T22:28:45.334Z"}]}
{"timestamp":"2025-11-04T20:44:46.742Z","level":"ERROR","message":"Erro não capturado:","data":[{"error":"post `/documentos`: `middleware` must be a function, not `object`","stack":"Error: post `/documentos`: `middleware` must be a function, not `object`\n    at new Layer (C:\\Users\\Mateus\\Desktop\\Teste Backend Koa\\teste\\server\\node_modules\\koa-router\\lib\\layer.js:35:15)\n    at Router.register (C:\\Users\\Mateus\\Desktop\\Teste Backend Koa\\teste\\server\\node_modules\\koa-router\\lib\\router.js:476:19)\n    at Router.<computed> [as post] (C:\\Users\\Mateus\\Desktop\\Teste Backend Koa\\teste\\server\\node_modules\\koa-router\\lib\\router.js:826:10)\n    at Object.<anonymous> (C:\\Users\\Mateus\\Desktop\\Teste Backend Koa\\teste\\server\\routes\\motoristas\\escolar.js:164:8)\n    at Module._compile (node:internal/modules/cjs/loader:1706:14)\n    at Object..js (node:internal/modules/cjs/loader:1839:10)\n    at Module.load (node:internal/modules/cjs/loader:1441:32)\n    at Function._load (node:internal/modules/cjs/loader:1263:12)\n    at TracingChannel.traceSync (node:diagnostics_channel:322:14)\n    at wrapModuleLoad (node:internal/modules/cjs/loader:237:24)"}]}
{"timestamp":"2025-11-04T22:38:30.394Z","level":"ERROR","message":"Erro não capturado:","data":[{"error":"post `/documentos`: `middleware` must be a function, not `object`","stack":"Error: post `/documentos`: `middleware` must be a function, not `object`\n    at new Layer (C:\\Users\\Mateus\\Desktop\\Teste Backend Koa\\teste\\server\\node_modules\\koa-router\\lib\\layer.js:35:15)\n    at Router.register (C:\\Users\\Mateus\\Desktop\\Teste Backend Koa\\teste\\server\\node_modules\\koa-router\\lib\\router.js:476:19)\n    at Router.<computed> [as post] (C:\\Users\\Mateus\\Desktop\\Teste Backend Koa\\teste\\server\\node_modules\\koa-router\\lib\\router.js:826:10)\n    at Object.<anonymous> (C:\\Users\\Mateus\\Desktop\\Teste Backend Koa\\teste\\server\\routes\\motoristas\\escolar.js:164:8)\n    at Module._compile (node:internal/modules/cjs/loader:1706:14)\n    at Object..js (node:internal/modules/cjs/loader:1839:10)\n    at Module.load (node:internal/modules/cjs/loader:1441:32)\n    at Function._load (node:internal/modules/cjs/loader:1263:12)\n    at TracingChannel.traceSync (node:diagnostics_channel:322:14)\n    at wrapModuleLoad (node:internal/modules/cjs/loader:237:24)"}]}
{"timestamp":"2025-11-05T20:45:27.494Z","level":"SECURITY","message":"Login realizado com sucesso","data":[{"action":"login_success","email":"[REDACTED]","ip":"::1","timestamp":"2025-11-05T20:45:27.494Z"}]}
{"timestamp":"2025-11-05T20:45:29.362Z","level":"SECURITY","message":"Token validado com sucesso","data":[{"action":"token_validation","userId":49,"email":"[REDACTED]","ip":"::1","timestamp":"2025-11-05T20:45:29.362Z"}]}
{"timestamp":"2025-11-07T18:37:47.617Z","level":"SECURITY","message":"Login realizado com sucesso","data":[{"action":"login_success","email":"[REDACTED]","ip":"::1","timestamp":"2025-11-07T18:37:47.617Z"}]}
{"timestamp":"2025-11-07T18:37:48.864Z","level":"SECURITY","message":"Token validado com sucesso","data":[{"action":"token_validation","userId":49,"email":"[REDACTED]","ip":"::1","timestamp":"2025-11-07T18:37:48.864Z"}]}
{"timestamp":"2025-11-07T18:39:40.192Z","level":"SECURITY","message":"Login realizado com sucesso","data":[{"action":"login_success","email":"[REDACTED]","ip":"::1","timestamp":"2025-11-07T18:39:40.191Z"}]}
{"timestamp":"2025-11-07T18:39:41.675Z","level":"SECURITY","message":"Token validado com sucesso","data":[{"action":"token_validation","userId":49,"email":"[REDACTED]","ip":"::1","timestamp":"2025-11-07T18:39:41.675Z"}]}
{"timestamp":"2025-11-07T18:40:07.005Z","level":"SECURITY","message":"Token validado com sucesso","data":[{"action":"token_validation","userId":49,"email":"[REDACTED]","ip":"::1","timestamp":"2025-11-07T18:40:07.004Z"}]}
{"timestamp":"2025-11-07T18:40:19.335Z","level":"SECURITY","message":"Token validado com sucesso","data":[{"action":"token_validation","userId":49,"email":"[REDACTED]","ip":"::1","timestamp":"2025-11-07T18:40:19.335Z"}]}
{"timestamp":"2025-11-07T18:42:16.974Z","level":"SECURITY","message":"Login realizado com sucesso","data":[{"action":"login_success","email":"[REDACTED]","ip":"::1","timestamp":"2025-11-07T18:42:16.974Z"}]}
{"timestamp":"2025-11-07T18:42:18.626Z","level":"SECURITY","message":"Token validado com sucesso","data":[{"action":"token_validation","userId":50,"email":"[REDACTED]","ip":"::1","timestamp":"2025-11-07T18:42:18.626Z"}]}
{"timestamp":"2025-11-08T12:05:43.596Z","level":"WARN","message":"⚠️  Ambiente de teste: truncando tabelas e inserindo dados de teste"}
{"timestamp":"2025-11-08T12:05:44.292Z","level":"SUCCESS","message":"✅ Seed de teste concluído."}
{"timestamp":"2025-11-10T13:37:08.731Z","level":"WARN","message":"⚠️  Ambiente de teste: truncando tabelas e inserindo dados de teste"}
{"timestamp":"2025-11-10T13:37:10.011Z","level":"SUCCESS","message":"✅ Seed de teste concluído."}
{"timestamp":"2025-11-10T13:44:31.086Z","level":"WARN","message":"⚠️  Ambiente de teste: truncando tabelas e inserindo dados de teste"}
{"timestamp":"2025-11-10T13:44:32.313Z","level":"SUCCESS","message":"✅ Seed de teste concluído."}
{"timestamp":"2025-11-10T17:40:53.029Z","level":"WARN","message":"⚠️  Ambiente de teste: truncando tabelas e inserindo dados de teste"}
{"timestamp":"2025-11-10T17:40:53.922Z","level":"ERROR","message":"Erro no seed de teste:","data":[{"length":369,"name":"error","severity":"ERRO","code":"23502","detail":"Registro que falhou contém (1, João da Silva, null, null, 2015-05-15, null, null, null, Rua A, 123, EM Teste, Av B, 456, 8, 9, 1, t, 2025-11-10 14:40:53.133605-03, 2025-11-10 14:40:53.133605-03).","schema":"public","table":"criancas","column":"cpf","file":"execMain.c","line":"1987","routine":"ExecConstraints"}]}
{"timestamp":"2025-11-10T17:42:00.126Z","level":"WARN","message":"⚠️  Ambiente de teste: truncando tabelas e inserindo dados de teste"}
{"timestamp":"2025-11-10T17:42:00.919Z","level":"ERROR","message":"Erro no seed de teste:","data":[{"length":369,"name":"error","severity":"ERRO","code":"23502","detail":"Registro que falhou contém (1, João da Silva, null, null, 2015-05-15, null, null, null, Rua A, 123, EM Teste, Av B, 456, 8, 9, 1, t, 2025-11-10 14:42:00.185858-03, 2025-11-10 14:42:00.185858-03).","schema":"public","table":"criancas","column":"cpf","file":"execMain.c","line":"1987","routine":"ExecConstraints"}]}
{"timestamp":"2025-11-10T17:48:24.207Z","level":"WARN","message":"⚠️  Ambiente de teste: truncando tabelas e inserindo dados de teste"}
{"timestamp":"2025-11-10T17:48:25.058Z","level":"ERROR","message":"Erro no seed de teste:","data":[{"length":126,"name":"error","severity":"ERRO","code":"42703","position":"95","file":"parse_target.c","line":"1070","routine":"checkInsertTargets"}]}
{"timestamp":"2025-11-10T17:56:35.855Z","level":"WARN","message":"⚠️  Ambiente de teste: truncando tabelas e inserindo dados de teste"}
{"timestamp":"2025-11-10T17:56:36.674Z","level":"ERROR","message":"Erro no seed de teste:","data":[{"length":126,"name":"error","severity":"ERRO","code":"42703","position":"95","file":"parse_target.c","line":"1070","routine":"checkInsertTargets"}]}
{"timestamp":"2025-11-10T18:10:43.285Z","level":"WARN","message":"⚠️  Ambiente de teste: truncando tabelas e inserindo dados de teste"}
{"timestamp":"2025-11-10T18:10:44.167Z","level":"ERROR","message":"Erro no seed de teste:","data":[{"length":126,"name":"error","severity":"ERRO","code":"42703","position":"95","file":"parse_target.c","line":"1070","routine":"checkInsertTargets"}]}
{"timestamp":"2025-11-10T18:12:44.646Z","level":"WARN","message":"⚠️  Ambiente de teste: truncando tabelas e inserindo dados de teste"}
{"timestamp":"2025-11-10T18:12:45.585Z","level":"ERROR","message":"Erro no seed de teste:","data":[{"length":126,"name":"error","severity":"ERRO","code":"42703","position":"95","file":"parse_target.c","line":"1070","routine":"checkInsertTargets"}]}
{"timestamp":"2025-11-10T18:13:18.626Z","level":"WARN","message":"⚠️  Ambiente de teste: truncando tabelas e inserindo dados de teste"}
{"timestamp":"2025-11-10T18:13:19.412Z","level":"ERROR","message":"Erro no seed de teste:","data":[{"length":126,"name":"error","severity":"ERRO","code":"42703","position":"95","file":"parse_target.c","line":"1070","routine":"checkInsertTargets"}]}
{"timestamp":"2025-11-10T18:15:13.126Z","level":"WARN","message":"⚠️  Ambiente de teste: truncando tabelas e inserindo dados de teste"}
{"timestamp":"2025-11-10T18:15:14.053Z","level":"ERROR","message":"Erro no seed de teste:","data":[{"length":129,"name":"error","severity":"ERRO","code":"42703","position":"41","file":"parse_target.c","line":"1070","routine":"checkInsertTargets"}]}
{"timestamp":"2025-11-10T18:22:21.581Z","level":"WARN","message":"⚠️  Ambiente de teste: truncando tabelas e inserindo dados de teste"}
{"timestamp":"2025-11-10T18:22:22.419Z","level":"ERROR","message":"Erro no seed de teste:","data":[{"length":129,"name":"error","severity":"ERRO","code":"42703","position":"41","file":"parse_target.c","line":"1070","routine":"checkInsertTargets"}]}
{"timestamp":"2025-11-10T18:29:54.475Z","level":"WARN","message":"⚠️  Ambiente de teste: truncando tabelas e inserindo dados de teste"}
{"timestamp":"2025-11-10T18:29:55.549Z","level":"ERROR","message":"Erro no seed de teste:","data":[{"length":129,"name":"error","severity":"ERRO","code":"42703","position":"41","file":"parse_target.c","line":"1070","routine":"checkInsertTargets"}]}
{"timestamp":"2025-11-10T18:32:00.083Z","level":"WARN","message":"⚠️  Ambiente de teste: truncando tabelas e inserindo dados de teste"}
{"timestamp":"2025-11-10T18:32:00.865Z","level":"ERROR","message":"Erro no seed de teste:","data":[{"length":129,"name":"error","severity":"ERRO","code":"42703","position":"41","file":"parse_target.c","line":"1070","routine":"checkInsertTargets"}]}
{"timestamp":"2025-11-10T18:37:01.554Z","level":"WARN","message":"⚠️  Ambiente de teste: truncando tabelas e inserindo dados de teste"}
{"timestamp":"2025-11-10T18:37:02.360Z","level":"ERROR","message":"Erro no seed de teste:","data":[{"length":129,"name":"error","severity":"ERRO","code":"42703","position":"41","file":"parse_target.c","line":"1070","routine":"checkInsertTargets"}]}
{"timestamp":"2025-11-10T19:43:44.690Z","level":"WARN","message":"⚠️  Ambiente de teste: truncando tabelas e inserindo dados de teste"}
{"timestamp":"2025-11-10T19:43:47.630Z","level":"ERROR","message":"Erro no seed de teste:","data":[{"length":129,"name":"error","severity":"ERRO","code":"42703","position":"41","file":"parse_target.c","line":"1070","routine":"checkInsertTargets"}]}
{"timestamp":"2025-11-10T19:45:50.718Z","level":"WARN","message":"⚠️  Ambiente de teste: truncando tabelas e inserindo dados de teste"}
{"timestamp":"2025-11-10T19:45:52.661Z","level":"ERROR","message":"Erro no seed de teste:","data":[{"length":129,"name":"error","severity":"ERRO","code":"42703","position":"41","file":"parse_target.c","line":"1070","routine":"checkInsertTargets"}]}
{"timestamp":"2025-11-18T18:40:34.959Z","level":"ERROR","message":"❌ Erros de configuração de ambiente:","data":[["REDIS_PASSWORD deve ter pelo menos 16 caracteres em produção"]]}
{"timestamp":"2025-11-18T18:40:34.963Z","level":"ERROR","message":"Falha na validação de ambiente:","data":["Configuração de ambiente inválida. Verifique as variáveis de ambiente."]}
{"timestamp":"2025-11-18T18:41:41.754Z","level":"ERROR","message":"❌ Erros de configuração de ambiente:","data":[["REDIS_PASSWORD deve ter pelo menos 16 caracteres em produção"]]}
{"timestamp":"2025-11-18T18:41:41.755Z","level":"ERROR","message":"Falha na validação de ambiente:","data":["Configuração de ambiente inválida. Verifique as variáveis de ambiente."]}
{"timestamp":"2025-11-18T18:41:48.452Z","level":"ERROR","message":"❌ Erros de configuração de ambiente:","data":[["REDIS_PASSWORD deve ter pelo menos 16 caracteres em produção"]]}
{"timestamp":"2025-11-18T18:41:48.453Z","level":"ERROR","message":"Falha na validação de ambiente:","data":["Configuração de ambiente inválida. Verifique as variáveis de ambiente."]}
{"timestamp":"2025-11-18T18:44:35.579Z","level":"WARN","message":"⚠️  REDIS_URL não configurado. Rate limiting usará fallback em memória (limitado a este processo)."}
{"timestamp":"2025-11-18T18:44:35.580Z","level":"WARN","message":"⚠️  CORS_ORIGINS não configurado. Usando lista padrão restritiva."}
{"timestamp":"2025-11-18T18:44:35.871Z","level":"WARN","message":"⚠️  Redis não configurado. Usando rate limiting em memória (limitado a este processo)"}
{"timestamp":"2025-11-18T18:44:35.872Z","level":"WARN","message":"⚠️  Redis não configurado. Usando rate limiting em memória para API"}
{"timestamp":"2025-11-18T18:44:36.083Z","level":"WARN","message":"⚠️  Redis não configurado. Usando rate limiting em memória para login"}
{"timestamp":"2025-11-18T18:44:46.545Z","level":"ERROR","message":"Erro não tratado:","data":[{}]}
{"timestamp":"2025-11-18T18:45:43.325Z","level":"WARN","message":"⚠️  REDIS_URL não configurado. Rate limiting usará fallback em memória (limitado a este processo)."}
{"timestamp":"2025-11-18T18:45:43.329Z","level":"WARN","message":"⚠️  CORS_ORIGINS não configurado. Usando lista padrão restritiva."}
{"timestamp":"2025-11-18T18:45:43.608Z","level":"WARN","message":"⚠️  Redis não configurado. Usando rate limiting em memória (limitado a este processo)"}
{"timestamp":"2025-11-18T18:45:43.609Z","level":"WARN","message":"⚠️  Redis não configurado. Usando rate limiting em memória para API"}
{"timestamp":"2025-11-18T18:45:43.821Z","level":"WARN","message":"⚠️  Redis não configurado. Usando rate limiting em memória para login"}
{"timestamp":"2025-11-18T18:46:11.845Z","level":"ERROR","message":"Erro não tratado:","data":[{}]}
{"timestamp":"2025-11-18T18:46:11.924Z","level":"ERROR","message":"Erro não tratado:","data":[{}]}
{"timestamp":"2025-11-18T18:46:12.005Z","level":"ERROR","message":"Erro não tratado:","data":[{}]}
{"timestamp":"2025-11-18T18:46:17.628Z","level":"ERROR","message":"Erro não tratado:","data":[{}]}
{"timestamp":"2025-11-18T18:46:30.565Z","level":"ERROR","message":"Erro não tratado:","data":[{}]}
{"timestamp":"2025-11-18T18:47:51.079Z","level":"ERROR","message":"Erro não tratado:","data":[{}]}
{"timestamp":"2025-11-18T18:49:02.808Z","level":"ERROR","message":"Erro não tratado:","data":[{}]}
{"timestamp":"2025-11-18T18:49:28.826Z","level":"WARN","message":"⚠️  REDIS_URL não configurado. Rate limiting usará fallback em memória (limitado a este processo)."}
{"timestamp":"2025-11-18T18:49:28.826Z","level":"WARN","message":"⚠️  CORS_ORIGINS não configurado. Usando lista padrão restritiva."}
{"timestamp":"2025-11-18T18:49:29.067Z","level":"WARN","message":"⚠️  Redis não configurado. Usando rate limiting em memória (limitado a este processo)"}
{"timestamp":"2025-11-18T18:49:29.068Z","level":"WARN","message":"⚠️  Redis não configurado. Usando rate limiting em memória para API"}
{"timestamp":"2025-11-18T18:49:29.268Z","level":"WARN","message":"⚠️  Redis não configurado. Usando rate limiting em memória para login"}
{"timestamp":"2025-11-18T18:50:55.082Z","level":"ERROR","message":"Erro não tratado:","data":[{}]}
{"timestamp":"2025-11-18T18:54:20.418Z","level":"WARN","message":"⚠️  REDIS_URL não configurado. Rate limiting usará fallback em memória (limitado a este processo)."}
{"timestamp":"2025-11-18T18:54:20.424Z","level":"WARN","message":"⚠️  CORS_ORIGINS não configurado. Usando lista padrão restritiva."}
{"timestamp":"2025-11-18T18:54:22.271Z","level":"WARN","message":"⚠️  Redis não configurado. Usando rate limiting em memória (limitado a este processo)"}
{"timestamp":"2025-11-18T18:54:22.276Z","level":"WARN","message":"⚠️  Redis não configurado. Usando rate limiting em memória para API"}
{"timestamp":"2025-11-18T18:54:23.512Z","level":"WARN","message":"⚠️  Redis não configurado. Usando rate limiting em memória para login"}
{"timestamp":"2025-11-18T18:54:42.055Z","level":"ERROR","message":"Erro não tratado:","data":[{"message":"res.setHeader is not a function","stack":"TypeError: res.setHeader is not a function\n    at crossOriginOpenerPolicyMiddleware (C:\\Users\\Mateus\\Desktop\\Teste Backend Koa\\teste\\server\\node_modules\\helmet\\index.cjs:162:7)\n    at internalNext (C:\\Users\\Mateus\\Desktop\\Teste Backend Koa\\teste\\server\\node_modules\\helmet\\index.cjs:535:6)\n    at helmetMiddleware (C:\\Users\\Mateus\\Desktop\\Teste Backend Koa\\teste\\server\\node_modules\\helmet\\index.cjs:539:6)\n    at dispatch (C:\\Users\\Mateus\\Desktop\\Teste Backend Koa\\teste\\server\\node_modules\\koa-compose\\index.js:42:32)\n    at errorHandler (C:\\Users\\Mateus\\Desktop\\Teste Backend Koa\\teste\\server\\utils\\api-response.js:140:15)\n    at dispatch (C:\\Users\\Mateus\\Desktop\\Teste Backend Koa\\teste\\server\\node_modules\\koa-compose\\index.js:42:32)\n    at C:\\Users\\Mateus\\Desktop\\Teste Backend Koa\\teste\\server\\node_modules\\koa-compose\\index.js:34:12\n    at Application.handleRequest (C:\\Users\\Mateus\\Desktop\\Teste Backend Koa\\teste\\server\\node_modules\\koa\\lib\\application.js:193:12)\n    at Server.handleRequest (C:\\Users\\Mateus\\Desktop\\Teste Backend Koa\\teste\\server\\node_modules\\koa\\lib\\application.js:164:21)\n    at Server.emit (node:events:519:28)","path":"/","method":"GET","ip":"::1"}]}
{"timestamp":"2025-11-18T18:56:57.128Z","level":"WARN","message":"⚠️  REDIS_URL não configurado. Rate limiting usará fallback em memória (limitado a este processo)."}
{"timestamp":"2025-11-18T18:56:57.131Z","level":"WARN","message":"⚠️  CORS_ORIGINS não configurado. Usando lista padrão restritiva."}
{"timestamp":"2025-11-18T18:57:52.093Z","level":"WARN","message":"⚠️  REDIS_URL não configurado. Rate limiting usará fallback em memória (limitado a este processo)."}
{"timestamp":"2025-11-18T18:57:52.094Z","level":"WARN","message":"⚠️  CORS_ORIGINS não configurado. Usando lista padrão restritiva."}
{"timestamp":"2025-11-18T19:00:43.695Z","level":"WARN","message":"⚠️  REDIS_URL não configurado. Rate limiting usará fallback em memória (limitado a este processo)."}
{"timestamp":"2025-11-18T19:00:43.697Z","level":"WARN","message":"⚠️  CORS_ORIGINS não configurado. Usando lista padrão restritiva."}
{"timestamp":"2025-11-18T19:01:03.222Z","level":"WARN","message":"⚠️  REDIS_URL não configurado. Rate limiting usará fallback em memória (limitado a este processo)."}
{"timestamp":"2025-11-18T19:01:03.224Z","level":"WARN","message":"⚠️  CORS_ORIGINS não configurado. Usando lista padrão restritiva."}
{"timestamp":"2025-11-18T19:02:23.218Z","level":"WARN","message":"⚠️  REDIS_URL não configurado. Rate limiting usará fallback em memória (limitado a este processo)."}
{"timestamp":"2025-11-18T19:02:23.221Z","level":"WARN","message":"⚠️  CORS_ORIGINS não configurado. Usando lista padrão restritiva."}
{"timestamp":"2025-11-18T19:02:24.547Z","level":"WARN","message":"⚠️  Redis não configurado. Usando rate limiting em memória (limitado a este processo)"}
{"timestamp":"2025-11-18T19:02:24.557Z","level":"WARN","message":"⚠️  Redis não configurado. Usando rate limiting em memória para API"}
{"timestamp":"2025-11-18T19:02:25.860Z","level":"WARN","message":"⚠️  Redis não configurado. Usando rate limiting em memória para login"}
{"timestamp":"2025-11-18T19:02:32.866Z","level":"WARN","message":"CORS bloqueado para origem: ","data":[{"ip":"::1","path":"/"}]}
{"timestamp":"2025-11-18T19:03:00.682Z","level":"WARN","message":"CORS bloqueado para origem: ","data":[{"ip":"::1","path":"/"}]}
{"timestamp":"2025-11-18T19:05:04.767Z","level":"WARN","message":"CORS bloqueado para origem: ","data":[{"ip":"::1","path":"/"}]}
{"timestamp":"2025-11-18T19:05:04.842Z","level":"WARN","message":"CORS bloqueado para origem: ","data":[{"ip":"::1","path":"/assets/css/bundle.min.css"}]}
{"timestamp":"2025-11-18T19:05:04.865Z","level":"WARN","message":"CORS bloqueado para origem: ","data":[{"ip":"::1","path":"/assets/js/bundle.min.js"}]}
{"timestamp":"2025-11-18T19:05:04.893Z","level":"WARN","message":"CORS bloqueado para origem: ","data":[{"ip":"::1","path":"/assets/js/core/app.js"}]}
{"timestamp":"2025-11-18T19:05:04.898Z","level":"WARN","message":"CORS bloqueado para origem: ","data":[{"ip":"::1","path":"/assets/images/logo.png"}]}
{"timestamp":"2025-11-18T19:05:04.905Z","level":"WARN","message":"CORS bloqueado para origem: ","data":[{"ip":"::1","path":"/assets/js/animations/animacoes-index.js"}]}
{"timestamp":"2025-11-18T19:05:04.911Z","level":"WARN","message":"CORS bloqueado para origem: ","data":[{"ip":"::1","path":"/assets/images/mulher%20andando%20na%20cidade.jpg"}]}
{"timestamp":"2025-11-18T19:05:05.184Z","level":"WARN","message":"CORS bloqueado para origem: ","data":[{"ip":"::1","path":"/assets/images/transporte-executivo-de-pessoas-preco.png"}]}
{"timestamp":"2025-11-18T19:05:05.190Z","level":"WARN","message":"CORS bloqueado para origem: ","data":[{"ip":"::1","path":"/assets/images/crian%C3%A7as.png"}]}
{"timestamp":"2025-11-18T19:05:05.198Z","level":"WARN","message":"CORS bloqueado para origem: ","data":[{"ip":"::1","path":"/assets/images/transporte-turismo-viagem-rodoviaria-e-conceito-de-pessoas-grupo-de-passageiros-felizes.png"}]}
{"timestamp":"2025-11-18T19:05:05.204Z","level":"WARN","message":"CORS bloqueado para origem: ","data":[{"ip":"::1","path":"/assets/images/guns2.jpg"}]}
{"timestamp":"2025-11-18T19:05:05.332Z","level":"WARN","message":"CORS bloqueado para origem: ","data":[{"ip":"::1","path":"/api/rastreamento/viagem-ativa"}]}
{"timestamp":"2025-11-18T19:05:05.336Z","level":"WARN","message":"CORS bloqueado para origem: ","data":[{"ip":"::1","path":"/api/rastreamento/estatisticas"}]}
{"timestamp":"2025-11-18T19:05:05.396Z","level":"WARN","message":"CORS bloqueado para origem: ","data":[{"ip":"::1","path":"/assets/images/favicon.ico"}]}
{"timestamp":"2025-11-18T19:05:05.404Z","level":"WARN","message":"CORS bloqueado para origem: ","data":[{"ip":"::1","path":"/manifest.json"}]}
{"timestamp":"2025-11-18T19:05:05.429Z","level":"WARN","message":"CORS bloqueado para origem: ","data":[{"ip":"::1","path":"/assets/images/icon-192.png"}]}
{"timestamp":"2025-11-18T19:05:05.439Z","level":"WARN","message":"CORS bloqueado para origem: ","data":[{"ip":"::1","path":"/assets/images/icon-192.svg"}]}
{"timestamp":"2025-11-18T19:05:05.503Z","level":"WARN","message":"CORS bloqueado para origem: ","data":[{"ip":"::1","path":"/assets/images/icon-512.png"}]}
{"timestamp":"2025-11-18T19:05:08.100Z","level":"WARN","message":"CORS bloqueado para origem: ","data":[{"ip":"::1","path":"/sobre.html"}]}
{"timestamp":"2025-11-18T19:05:08.150Z","level":"WARN","message":"CORS bloqueado para origem: ","data":[{"ip":"::1","path":"/assets/css/bundle.min.css"}]}
{"timestamp":"2025-11-18T19:05:08.156Z","level":"WARN","message":"CORS bloqueado para origem: ","data":[{"ip":"::1","path":"/assets/images/logo.png"}]}
{"timestamp":"2025-11-18T19:05:08.166Z","level":"WARN","message":"CORS bloqueado para origem: ","data":[{"ip":"::1","path":"/assets/js/bundle.min.js"}]}
{"timestamp":"2025-11-18T19:05:08.173Z","level":"WARN","message":"CORS bloqueado para origem: ","data":[{"ip":"::1","path":"/assets/js/animations/animacoes-sobre.js"}]}
{"timestamp":"2025-11-18T19:05:08.177Z","level":"WARN","message":"CORS bloqueado para origem: ","data":[{"ip":"::1","path":"/assets/images/face.png"}]}
{"timestamp":"2025-11-18T19:05:08.181Z","level":"WARN","message":"CORS bloqueado para origem: ","data":[{"ip":"::1","path":"/assets/images/insta.png"}]}
{"timestamp":"2025-11-18T19:05:08.239Z","level":"WARN","message":"CORS bloqueado para origem: ","data":[{"ip":"::1","path":"/assets/images/linkedin.png"}]}
{"timestamp":"2025-11-18T19:05:08.408Z","level":"WARN","message":"CORS bloqueado para origem: ","data":[{"ip":"::1","path":"/api/rastreamento/viagem-ativa"}]}
{"timestamp":"2025-11-18T19:05:08.411Z","level":"WARN","message":"CORS bloqueado para origem: ","data":[{"ip":"::1","path":"/api/rastreamento/estatisticas"}]}
{"timestamp":"2025-11-18T19:05:08.414Z","level":"WARN","message":"CORS bloqueado para origem: ","data":[{"ip":"::1","path":"/assets/images/joao-silva.svg"}]}
{"timestamp":"2025-11-18T19:05:08.417Z","level":"WARN","message":"CORS bloqueado para origem: ","data":[{"ip":"::1","path":"/assets/images/maria-santos.svg"}]}
{"timestamp":"2025-11-18T19:05:08.422Z","level":"WARN","message":"CORS bloqueado para origem: ","data":[{"ip":"::1","path":"/assets/images/carlos-oliveira.svg"}]}
{"timestamp":"2025-11-18T19:05:08.425Z","level":"WARN","message":"CORS bloqueado para origem: ","data":[{"ip":"::1","path":"/assets/images/ana-costa.svg"}]}
{"timestamp":"2025-11-18T19:05:08.488Z","level":"WARN","message":"CORS bloqueado para origem: ","data":[{"ip":"::1","path":"/favicon.ico"}]}
{"timestamp":"2025-11-18T19:05:08.971Z","level":"WARN","message":"CORS bloqueado para origem: ","data":[{"ip":"::1","path":"/encontrar-transporte.html"}]}
{"timestamp":"2025-11-18T19:05:09.041Z","level":"WARN","message":"CORS bloqueado para origem: ","data":[{"ip":"::1","path":"/assets/css/bundle.min.css"}]}
{"timestamp":"2025-11-18T19:05:09.043Z","level":"WARN","message":"CORS bloqueado para origem: ","data":[{"ip":"::1","path":"/assets/css/encontrar-transporte.css"}]}
{"timestamp":"2025-11-18T19:05:09.048Z","level":"WARN","message":"CORS bloqueado para origem: ","data":[{"ip":"::1","path":"/assets/libs/leaflet/leaflet.css"}]}
{"timestamp":"2025-11-18T19:05:09.050Z","level":"WARN","message":"CORS bloqueado para origem: ","data":[{"ip":"::1","path":"/assets/libs/leaflet/leaflet.js"}]}
{"timestamp":"2025-11-18T19:05:09.052Z","level":"WARN","message":"CORS bloqueado para origem: ","data":[{"ip":"::1","path":"/assets/images/logo.png"}]}
{"timestamp":"2025-11-18T19:05:09.055Z","level":"WARN","message":"CORS bloqueado para origem: ","data":[{"ip":"::1","path":"/assets/images/face.png"}]}
{"timestamp":"2025-11-18T19:05:09.181Z","level":"WARN","message":"CORS bloqueado para origem: ","data":[{"ip":"::1","path":"/assets/images/insta.png"}]}
{"timestamp":"2025-11-18T19:05:09.186Z","level":"WARN","message":"CORS bloqueado para origem: ","data":[{"ip":"::1","path":"/assets/images/linkedin.png"}]}
{"timestamp":"2025-11-18T19:05:09.191Z","level":"WARN","message":"CORS bloqueado para origem: ","data":[{"ip":"::1","path":"/assets/js/bundle.min.js"}]}
{"timestamp":"2025-11-18T19:05:09.195Z","level":"WARN","message":"CORS bloqueado para origem: ","data":[{"ip":"::1","path":"/assets/js/google-maps-integration.js"}]}
{"timestamp":"2025-11-18T19:05:09.199Z","level":"WARN","message":"CORS bloqueado para origem: ","data":[{"ip":"::1","path":"/assets/js/encontrar-transporte.js"}]}
{"timestamp":"2025-11-18T19:05:09.365Z","level":"WARN","message":"CORS bloqueado para origem: ","data":[{"ip":"::1","path":"/api/rastreamento/viagem-ativa"}]}
{"timestamp":"2025-11-18T19:05:09.368Z","level":"WARN","message":"CORS bloqueado para origem: ","data":[{"ip":"::1","path":"/api/rastreamento/estatisticas"}]}
{"timestamp":"2025-11-18T19:05:09.468Z","level":"WARN","message":"CORS bloqueado para origem: ","data":[{"ip":"::1","path":"/contato.html"}]}
{"timestamp":"2025-11-18T19:05:09.529Z","level":"WARN","message":"CORS bloqueado para origem: ","data":[{"ip":"::1","path":"/assets/css/bundle.min.css"}]}
{"timestamp":"2025-11-18T19:05:09.533Z","level":"WARN","message":"CORS bloqueado para origem: ","data":[{"ip":"::1","path":"/assets/js/core/app.js"}]}
{"timestamp":"2025-11-18T19:05:09.536Z","level":"WARN","message":"CORS bloqueado para origem: ","data":[{"ip":"::1","path":"/assets/images/logo.png"}]}
{"timestamp":"2025-11-18T19:05:09.538Z","level":"WARN","message":"CORS bloqueado para origem: ","data":[{"ip":"::1","path":"/assets/js/bundle.min.js"}]}
{"timestamp":"2025-11-18T19:05:09.540Z","level":"WARN","message":"CORS bloqueado para origem: ","data":[{"ip":"::1","path":"/assets/js/animations/animacoes-index.js"}]}
{"timestamp":"2025-11-18T19:05:09.663Z","level":"WARN","message":"CORS bloqueado para origem: ","data":[{"ip":"::1","path":"/api/rastreamento/viagem-ativa"}]}
{"timestamp":"2025-11-18T19:05:09.670Z","level":"WARN","message":"CORS bloqueado para origem: ","data":[{"ip":"::1","path":"/api/rastreamento/estatisticas"}]}
{"timestamp":"2025-11-18T19:05:09.722Z","level":"WARN","message":"CORS bloqueado para origem: ","data":[{"ip":"::1","path":"/manifest.json"}]}
{"timestamp":"2025-11-18T19:05:09.726Z","level":"WARN","message":"CORS bloqueado para origem: ","data":[{"ip":"::1","path":"/assets/images/favicon.ico"}]}
{"timestamp":"2025-11-18T19:05:09.744Z","level":"WARN","message":"CORS bloqueado para origem: ","data":[{"ip":"::1","path":"/assets/images/icon-192.svg"}]}
{"timestamp":"2025-11-18T19:05:09.748Z","level":"WARN","message":"CORS bloqueado para origem: ","data":[{"ip":"::1","path":"/assets/images/icon-512.png"}]}
{"timestamp":"2025-11-18T19:05:10.474Z","level":"WARN","message":"CORS bloqueado para origem: ","data":[{"ip":"::1","path":"/planos.html"}]}
{"timestamp":"2025-11-18T19:05:10.562Z","level":"WARN","message":"CORS bloqueado para origem: ","data":[{"ip":"::1","path":"/assets/css/planos.css"}]}
{"timestamp":"2025-11-18T19:05:10.574Z","level":"WARN","message":"CORS bloqueado para origem: ","data":[{"ip":"::1","path":"/assets/css/bundle.min.css"}]}
{"timestamp":"2025-11-18T19:05:10.581Z","level":"WARN","message":"CORS bloqueado para origem: ","data":[{"ip":"::1","path":"/assets/images/logo.png"}]}
{"timestamp":"2025-11-18T19:05:10.588Z","level":"WARN","message":"CORS bloqueado para origem: ","data":[{"ip":"::1","path":"/assets/images/face.png"}]}
{"timestamp":"2025-11-18T19:05:10.593Z","level":"WARN","message":"CORS bloqueado para origem: ","data":[{"ip":"::1","path":"/assets/images/insta.png"}]}
{"timestamp":"2025-11-18T19:05:10.598Z","level":"WARN","message":"CORS bloqueado para origem: ","data":[{"ip":"::1","path":"/assets/images/linkedin.png"}]}
{"timestamp":"2025-11-18T19:05:10.653Z","level":"WARN","message":"CORS bloqueado para origem: ","data":[{"ip":"::1","path":"/assets/js/bundle.min.js"}]}
{"timestamp":"2025-11-18T19:05:10.665Z","level":"WARN","message":"CORS bloqueado para origem: ","data":[{"ip":"::1","path":"/assets/js/planos.js"}]}
{"timestamp":"2025-11-18T19:05:10.696Z","level":"WARN","message":"CORS bloqueado para origem: ","data":[{"ip":"::1","path":"/assets/js/animations/animacoes-planos.js"}]}
{"timestamp":"2025-11-18T19:05:10.836Z","level":"WARN","message":"CORS bloqueado para origem: ","data":[{"ip":"::1","path":"/api/rastreamento/viagem-ativa"}]}
{"timestamp":"2025-11-18T19:05:10.840Z","level":"WARN","message":"CORS bloqueado para origem: ","data":[{"ip":"::1","path":"/api/rastreamento/estatisticas"}]}
{"timestamp":"2025-11-18T19:05:10.849Z","level":"WARN","message":"CORS bloqueado para origem: ","data":[{"ip":"::1","path":"/sw.js"}]}
{"timestamp":"2025-11-18T19:05:11.306Z","level":"WARN","message":"CORS bloqueado para origem: ","data":[{"ip":"::1","path":"/auth/login.html"}]}
{"timestamp":"2025-11-18T19:05:11.380Z","level":"WARN","message":"CORS bloqueado para origem: ","data":[{"ip":"::1","path":"/assets/js/api/mock-api.js"}]}
{"timestamp":"2025-11-18T19:05:11.385Z","level":"WARN","message":"CORS bloqueado para origem: ","data":[{"ip":"::1","path":"/assets/css/bundle.min.css"}]}
{"timestamp":"2025-11-18T19:05:11.390Z","level":"WARN","message":"CORS bloqueado para origem: ","data":[{"ip":"::1","path":"/assets/js/core/cache-manager.js"}]}
{"timestamp":"2025-11-18T19:05:11.394Z","level":"WARN","message":"CORS bloqueado para origem: ","data":[{"ip":"::1","path":"/assets/js/core/ui-utils.js"}]}
{"timestamp":"2025-11-18T19:05:11.401Z","level":"WARN","message":"CORS bloqueado para origem: ","data":[{"ip":"::1","path":"/assets/images/logo.png"}]}
{"timestamp":"2025-11-18T19:05:11.406Z","level":"WARN","message":"CORS bloqueado para origem: ","data":[{"ip":"::1","path":"/assets/images/face.png"}]}
{"timestamp":"2025-11-18T19:05:11.476Z","level":"WARN","message":"CORS bloqueado para origem: ","data":[{"ip":"::1","path":"/assets/images/insta.png"}]}
{"timestamp":"2025-11-18T19:05:11.486Z","level":"WARN","message":"CORS bloqueado para origem: ","data":[{"ip":"::1","path":"/assets/images/linkedin.png"}]}
{"timestamp":"2025-11-18T19:05:11.492Z","level":"WARN","message":"CORS bloqueado para origem: ","data":[{"ip":"::1","path":"/assets/js/core/app.js"}]}
{"timestamp":"2025-11-18T19:14:07.666Z","level":"WARN","message":"⚠️  REDIS_URL não configurado. Rate limiting usará fallback em memória (limitado a este processo)."}
{"timestamp":"2025-11-18T19:14:07.667Z","level":"WARN","message":"⚠️  CORS_ORIGINS não configurado. Usando lista padrão restritiva."}
{"timestamp":"2025-11-18T19:14:07.850Z","level":"WARN","message":"⚠️  Redis não configurado. Usando rate limiting em memória (limitado a este processo)"}
{"timestamp":"2025-11-18T19:14:07.851Z","level":"WARN","message":"⚠️  Redis não configurado. Usando rate limiting em memória para API"}
{"timestamp":"2025-11-18T19:14:08.009Z","level":"WARN","message":"⚠️  Redis não configurado. Usando rate limiting em memória para login"}
{"timestamp":"2025-11-18T19:14:41.112Z","level":"WARN","message":"CORS bloqueado para origem: ","data":[{"ip":"::1","path":"/api/public/transportes"}]}
{"timestamp":"2025-11-18T19:14:41.193Z","level":"WARN","message":"CORS bloqueado para origem: ","data":[{"ip":"::1","path":"/favicon.ico"}]}
{"timestamp":"2025-11-18T19:41:31.076Z","level":"WARN","message":"⚠️  REDIS_URL não configurado. Rate limiting usará fallback em memória (limitado a este processo)."}
{"timestamp":"2025-11-18T19:41:31.078Z","level":"WARN","message":"⚠️  CORS_ORIGINS não configurado. Usando lista padrão restritiva."}
{"timestamp":"2025-11-18T19:41:31.336Z","level":"WARN","message":"⚠️  Redis não configurado. Usando rate limiting em memória (limitado a este processo)"}
{"timestamp":"2025-11-18T19:41:31.336Z","level":"WARN","message":"⚠️  Redis não configurado. Usando rate limiting em memória para API"}
{"timestamp":"2025-11-18T19:41:31.510Z","level":"WARN","message":"⚠️  Redis não configurado. Usando rate limiting em memória para login"}
{"timestamp":"2025-11-18T19:41:40.733Z","level":"WARN","message":"CORS bloqueado para origem: ","data":[{"ip":"::1","path":"/api/public/transportes"}]}
{"timestamp":"2025-11-18T19:41:40.756Z","level":"WARN","message":"⚠️  Redis não configurado. Usando rate limiting em memória para API"}
{"timestamp":"2025-11-18T19:41:40.947Z","level":"ERROR","message":"Erro na API pública de transportes:","data":[{"error":"coluna v.usuario_id não existe","stack":"error: coluna v.usuario_id não existe\n    at C:\\Users\\Mateus\\Desktop\\Teste Backend Koa\\teste\\server\\node_modules\\pg-pool\\index.js:45:11\n    at process.processTicksAndRejections (node:internal/process/task_queues:105:5)\n    at async C:\\Users\\Mateus\\Desktop\\Teste Backend Koa\\teste\\server\\routes\\public-transportes.js:401:20\n    at async serve (C:\\Users\\Mateus\\Desktop\\Teste Backend Koa\\teste\\server\\node_modules\\koa-static\\index.js:53:9)\n    at async serve (C:\\Users\\Mateus\\Desktop\\Teste Backend Koa\\teste\\server\\node_modules\\koa-static\\index.js:53:9)\n    at async serve (C:\\Users\\Mateus\\Desktop\\Teste Backend Koa\\teste\\server\\node_modules\\koa-static\\index.js:53:9)\n    at async C:\\Users\\Mateus\\Desktop\\Teste Backend Koa\\teste\\server\\app.js:164:3\n    at async ratelimit (C:\\Users\\Mateus\\Desktop\\Teste Backend Koa\\teste\\server\\node_modules\\koa-ratelimit\\index.js:108:33)\n    at async ratelimit (C:\\Users\\Mateus\\Desktop\\Teste Backend Koa\\teste\\server\\node_modules\\koa-ratelimit\\index.js:108:33)\n    at async bodyParser (C:\\Users\\Mateus\\Desktop\\Teste Backend Koa\\teste\\server\\node_modules\\koa-bodyparser\\index.js:78:5)","ip":"::1"}]}
{"timestamp":"2025-11-18T20:02:29.091Z","level":"WARN","message":"⚠️  REDIS_URL não configurado. Rate limiting usará fallback em memória (limitado a este processo)."}
{"timestamp":"2025-11-18T20:02:29.093Z","level":"WARN","message":"⚠️  CORS_ORIGINS não configurado. Usando lista padrão restritiva."}
{"timestamp":"2025-11-18T20:02:29.324Z","level":"WARN","message":"⚠️  Redis não configurado. Usando rate limiting em memória (limitado a este processo)"}
{"timestamp":"2025-11-18T20:02:29.325Z","level":"WARN","message":"⚠️  Redis não configurado. Usando rate limiting em memória para API"}
{"timestamp":"2025-11-18T20:02:29.501Z","level":"WARN","message":"⚠️  Redis não configurado. Usando rate limiting em memória para login"}
{"timestamp":"2025-11-18T20:02:42.326Z","level":"WARN","message":"CORS bloqueado para origem: ","data":[{"ip":"::1","path":"/api/public/transportes"}]}
{"timestamp":"2025-11-18T20:02:42.362Z","level":"WARN","message":"⚠️  Redis não configurado. Usando rate limiting em memória para API"}
{"timestamp":"2025-11-18T20:02:42.669Z","level":"ERROR","message":"Erro na API pública de transportes:","data":[{"error":"coluna r.status_rota não existe","stack":"error: coluna r.status_rota não existe\n    at C:\\Users\\Mateus\\Desktop\\Teste Backend Koa\\teste\\server\\node_modules\\pg-pool\\index.js:45:11\n    at process.processTicksAndRejections (node:internal/process/task_queues:105:5)\n    at async C:\\Users\\Mateus\\Desktop\\Teste Backend Koa\\teste\\server\\routes\\public-transportes.js:406:20\n    at async serve (C:\\Users\\Mateus\\Desktop\\Teste Backend Koa\\teste\\server\\node_modules\\koa-static\\index.js:53:9)\n    at async serve (C:\\Users\\Mateus\\Desktop\\Teste Backend Koa\\teste\\server\\node_modules\\koa-static\\index.js:53:9)\n    at async serve (C:\\Users\\Mateus\\Desktop\\Teste Backend Koa\\teste\\server\\node_modules\\koa-static\\index.js:53:9)\n    at async C:\\Users\\Mateus\\Desktop\\Teste Backend Koa\\teste\\server\\app.js:175:3\n    at async ratelimit (C:\\Users\\Mateus\\Desktop\\Teste Backend Koa\\teste\\server\\node_modules\\koa-ratelimit\\index.js:108:33)\n    at async ratelimit (C:\\Users\\Mateus\\Desktop\\Teste Backend Koa\\teste\\server\\node_modules\\koa-ratelimit\\index.js:108:33)\n    at async bodyParser (C:\\Users\\Mateus\\Desktop\\Teste Backend Koa\\teste\\server\\node_modules\\koa-bodyparser\\index.js:78:5)","ip":"::1"}]}
{"timestamp":"2025-11-18T20:28:36.746Z","level":"WARN","message":"⚠️  REDIS_URL não configurado. Rate limiting usará fallback em memória (limitado a este processo)."}
{"timestamp":"2025-11-18T20:28:36.747Z","level":"WARN","message":"⚠️  CORS_ORIGINS não configurado. Usando lista padrão restritiva."}
{"timestamp":"2025-11-18T20:28:37.009Z","level":"WARN","message":"⚠️  Redis não configurado. Usando rate limiting em memória (limitado a este processo)"}
{"timestamp":"2025-11-18T20:28:37.010Z","level":"WARN","message":"⚠️  Redis não configurado. Usando rate limiting em memória para API"}
{"timestamp":"2025-11-18T20:28:37.238Z","level":"WARN","message":"⚠️  Redis não configurado. Usando rate limiting em memória para login"}
{"timestamp":"2025-11-18T20:28:48.426Z","level":"WARN","message":"⚠️  Redis não configurado. Usando rate limiting em memória para API"}
{"timestamp":"2025-11-18T20:28:48.596Z","level":"ERROR","message":"Erro na API pública de transportes:","data":[{"error":"coluna v.lotacao_maxima não existe","stack":"error: coluna v.lotacao_maxima não existe\n    at C:\\Users\\Mateus\\Desktop\\Teste Backend Koa\\teste\\server\\node_modules\\pg-pool\\index.js:45:11\n    at process.processTicksAndRejections (node:internal/process/task_queues:105:5)\n    at async C:\\Users\\Mateus\\Desktop\\Teste Backend Koa\\teste\\server\\routes\\public-transportes.js:392:20\n    at async serve (C:\\Users\\Mateus\\Desktop\\Teste Backend Koa\\teste\\server\\node_modules\\koa-static\\index.js:53:9)\n    at async serve (C:\\Users\\Mateus\\Desktop\\Teste Backend Koa\\teste\\server\\node_modules\\koa-static\\index.js:53:9)\n    at async serve (C:\\Users\\Mateus\\Desktop\\Teste Backend Koa\\teste\\server\\node_modules\\koa-static\\index.js:53:9)\n    at async C:\\Users\\Mateus\\Desktop\\Teste Backend Koa\\teste\\server\\app.js:177:3\n    at async ratelimit (C:\\Users\\Mateus\\Desktop\\Teste Backend Koa\\teste\\server\\node_modules\\koa-ratelimit\\index.js:108:33)\n    at async ratelimit (C:\\Users\\Mateus\\Desktop\\Teste Backend Koa\\teste\\server\\node_modules\\koa-ratelimit\\index.js:108:33)\n    at async bodyParser (C:\\Users\\Mateus\\Desktop\\Teste Backend Koa\\teste\\server\\node_modules\\koa-bodyparser\\index.js:78:5)","ip":"::1"}]}
{"timestamp":"2025-11-18T20:34:13.142Z","level":"WARN","message":"⚠️  REDIS_URL não configurado. Rate limiting usará fallback em memória (limitado a este processo)."}
{"timestamp":"2025-11-18T20:34:13.143Z","level":"WARN","message":"⚠️  CORS_ORIGINS não configurado. Usando lista padrão restritiva."}
{"timestamp":"2025-11-18T20:34:13.337Z","level":"WARN","message":"⚠️  Redis não configurado. Usando rate limiting em memória (limitado a este processo)"}
{"timestamp":"2025-11-18T20:34:13.339Z","level":"WARN","message":"⚠️  Redis não configurado. Usando rate limiting em memória para API"}
{"timestamp":"2025-11-18T20:34:13.495Z","level":"WARN","message":"⚠️  Redis não configurado. Usando rate limiting em memória para login"}
{"timestamp":"2025-11-18T20:34:21.141Z","level":"WARN","message":"⚠️  Redis não configurado. Usando rate limiting em memória para API"}
{"timestamp":"2025-11-18T20:34:21.363Z","level":"ERROR","message":"Erro na API pública de transportes:","data":[{"error":"não foi possível determinar o tipo de dados do parâmetro $2","stack":"error: não foi possível determinar o tipo de dados do parâmetro $2\n    at C:\\Users\\Mateus\\Desktop\\Teste Backend Koa\\teste\\server\\node_modules\\pg-pool\\index.js:45:11\n    at process.processTicksAndRejections (node:internal/process/task_queues:105:5)\n    at async C:\\Users\\Mateus\\Desktop\\Teste Backend Koa\\teste\\server\\routes\\public-transportes.js:397:20\n    at async serve (C:\\Users\\Mateus\\Desktop\\Teste Backend Koa\\teste\\server\\node_modules\\koa-static\\index.js:53:9)\n    at async serve (C:\\Users\\Mateus\\Desktop\\Teste Backend Koa\\teste\\server\\node_modules\\koa-static\\index.js:53:9)\n    at async serve (C:\\Users\\Mateus\\Desktop\\Teste Backend Koa\\teste\\server\\node_modules\\koa-static\\index.js:53:9)\n    at async C:\\Users\\Mateus\\Desktop\\Teste Backend Koa\\teste\\server\\app.js:177:3\n    at async ratelimit (C:\\Users\\Mateus\\Desktop\\Teste Backend Koa\\teste\\server\\node_modules\\koa-ratelimit\\index.js:108:33)\n    at async ratelimit (C:\\Users\\Mateus\\Desktop\\Teste Backend Koa\\teste\\server\\node_modules\\koa-ratelimit\\index.js:108:33)\n    at async bodyParser (C:\\Users\\Mateus\\Desktop\\Teste Backend Koa\\teste\\server\\node_modules\\koa-bodyparser\\index.js:78:5)","ip":"::1"}]}
{"timestamp":"2025-11-18T20:51:21.361Z","level":"WARN","message":"⚠️  REDIS_URL não configurado. Rate limiting usará fallback em memória (limitado a este processo)."}
{"timestamp":"2025-11-18T20:51:21.362Z","level":"WARN","message":"⚠️  CORS_ORIGINS não configurado. Usando lista padrão restritiva."}
{"timestamp":"2025-11-18T20:51:21.550Z","level":"WARN","message":"⚠️  Redis não configurado. Usando rate limiting em memória (limitado a este processo)"}
{"timestamp":"2025-11-18T20:51:21.550Z","level":"WARN","message":"⚠️  Redis não configurado. Usando rate limiting em memória para API"}
{"timestamp":"2025-11-18T20:51:21.695Z","level":"WARN","message":"⚠️  Redis não configurado. Usando rate limiting em memória para login"}
{"timestamp":"2025-11-18T20:51:29.075Z","level":"WARN","message":"⚠️  Redis não configurado. Usando rate limiting em memória para API"}
{"timestamp":"2025-11-18T20:51:29.251Z","level":"ERROR","message":"Erro na API pública de transportes:","data":[{"error":"coluna r.latitude_origem não existe","stack":"error: coluna r.latitude_origem não existe\n    at C:\\Users\\Mateus\\Desktop\\Teste Backend Koa\\teste\\server\\node_modules\\pg-pool\\index.js:45:11\n    at process.processTicksAndRejections (node:internal/process/task_queues:105:5)\n    at async C:\\Users\\Mateus\\Desktop\\Teste Backend Koa\\teste\\server\\routes\\public-transportes.js:506:20\n    at async serve (C:\\Users\\Mateus\\Desktop\\Teste Backend Koa\\teste\\server\\node_modules\\koa-static\\index.js:53:9)\n    at async serve (C:\\Users\\Mateus\\Desktop\\Teste Backend Koa\\teste\\server\\node_modules\\koa-static\\index.js:53:9)\n    at async serve (C:\\Users\\Mateus\\Desktop\\Teste Backend Koa\\teste\\server\\node_modules\\koa-static\\index.js:53:9)\n    at async C:\\Users\\Mateus\\Desktop\\Teste Backend Koa\\teste\\server\\app.js:177:3\n    at async ratelimit (C:\\Users\\Mateus\\Desktop\\Teste Backend Koa\\teste\\server\\node_modules\\koa-ratelimit\\index.js:108:33)\n    at async ratelimit (C:\\Users\\Mateus\\Desktop\\Teste Backend Koa\\teste\\server\\node_modules\\koa-ratelimit\\index.js:108:33)\n    at async bodyParser (C:\\Users\\Mateus\\Desktop\\Teste Backend Koa\\teste\\server\\node_modules\\koa-bodyparser\\index.js:78:5)","ip":"::1"}]}
{"timestamp":"2025-11-18T20:54:08.870Z","level":"WARN","message":"⚠️  REDIS_URL não configurado. Rate limiting usará fallback em memória (limitado a este processo)."}
{"timestamp":"2025-11-18T20:54:08.871Z","level":"WARN","message":"⚠️  CORS_ORIGINS não configurado. Usando lista padrão restritiva."}
{"timestamp":"2025-11-18T20:54:09.058Z","level":"WARN","message":"⚠️  Redis não configurado. Usando rate limiting em memória (limitado a este processo)"}
{"timestamp":"2025-11-18T20:54:09.059Z","level":"WARN","message":"⚠️  Redis não configurado. Usando rate limiting em memória para API"}
{"timestamp":"2025-11-18T20:54:09.209Z","level":"WARN","message":"⚠️  Redis não configurado. Usando rate limiting em memória para login"}
{"timestamp":"2025-11-18T20:54:15.147Z","level":"WARN","message":"⚠️  Redis não configurado. Usando rate limiting em memória para API"}
{"timestamp":"2025-11-18T21:15:29.779Z","level":"WARN","message":"⚠️  REDIS_URL não configurado. Rate limiting usará fallback em memória (limitado a este processo)."}
{"timestamp":"2025-11-18T21:15:29.780Z","level":"WARN","message":"⚠️  CORS_ORIGINS não configurado. Usando lista padrão restritiva."}
{"timestamp":"2025-11-18T21:15:30.059Z","level":"WARN","message":"⚠️  Redis não configurado. Usando rate limiting em memória (limitado a este processo)"}
{"timestamp":"2025-11-18T21:15:30.060Z","level":"WARN","message":"⚠️  Redis não configurado. Usando rate limiting em memória para API"}
{"timestamp":"2025-11-18T21:15:30.387Z","level":"WARN","message":"⚠️  Redis não configurado. Usando rate limiting em memória para login"}
{"timestamp":"2025-11-18T21:19:08.413Z","level":"WARN","message":"⚠️  REDIS_URL não configurado. Rate limiting usará fallback em memória (limitado a este processo)."}
{"timestamp":"2025-11-18T21:19:08.415Z","level":"WARN","message":"⚠️  CORS_ORIGINS não configurado. Usando lista padrão restritiva."}
{"timestamp":"2025-11-18T21:19:08.900Z","level":"WARN","message":"⚠️  Redis não configurado. Usando rate limiting em memória (limitado a este processo)"}
{"timestamp":"2025-11-18T21:19:08.903Z","level":"WARN","message":"⚠️  Redis não configurado. Usando rate limiting em memória para API"}
{"timestamp":"2025-11-18T21:19:09.325Z","level":"WARN","message":"⚠️  Redis não configurado. Usando rate limiting em memória para login"}
{"timestamp":"2025-11-18T21:19:14.035Z","level":"WARN","message":"⚠️  Redis não configurado. Usando rate limiting em memória para API"}
{"timestamp":"2025-11-18T21:27:43.012Z","level":"ERROR","message":"Health check do pool falhou:","data":[{}]}
{"timestamp":"2025-11-18T21:27:43.013Z","level":"WARN","message":"Pool de conexões não está saudável:","data":[{"healthy":false,"error":"Cannot use a pool after calling end on the pool"}]}
{"timestamp":"2025-11-18T21:31:26.407Z","level":"ERROR","message":"Health check do pool falhou:","data":[{}]}
{"timestamp":"2025-11-18T21:31:26.410Z","level":"WARN","message":"Pool de conexões não está saudável:","data":[{"healthy":false,"error":"Cannot use a pool after calling end on the pool"}]}
{"timestamp":"2025-11-18T22:28:46.756Z","level":"ERROR","message":"Health check do pool falhou:","data":[{}]}
{"timestamp":"2025-11-18T22:28:46.761Z","level":"WARN","message":"Pool de conexões não está saudável:","data":[{"healthy":false,"error":"Cannot use a pool after calling end on the pool"}]}
{"timestamp":"2025-11-18T22:31:15.770Z","level":"ERROR","message":"Health check do pool falhou:","data":[{}]}
{"timestamp":"2025-11-18T22:31:15.772Z","level":"WARN","message":"Pool de conexões não está saudável:","data":[{"healthy":false,"error":"Cannot use a pool after calling end on the pool"}]}
{"timestamp":"2025-11-18T22:33:46.749Z","level":"ERROR","message":"Health check do pool falhou:","data":[{}]}
{"timestamp":"2025-11-18T22:33:46.752Z","level":"WARN","message":"Pool de conexões não está saudável:","data":[{"healthy":false,"error":"Cannot use a pool after calling end on the pool"}]}
{"timestamp":"2025-11-18T22:36:15.765Z","level":"ERROR","message":"Health check do pool falhou:","data":[{}]}
{"timestamp":"2025-11-18T22:36:15.769Z","level":"WARN","message":"Pool de conexões não está saudável:","data":[{"healthy":false,"error":"Cannot use a pool after calling end on the pool"}]}
{"timestamp":"2025-11-18T22:38:46.752Z","level":"ERROR","message":"Health check do pool falhou:","data":[{}]}
{"timestamp":"2025-11-18T22:38:46.753Z","level":"WARN","message":"Pool de conexões não está saudável:","data":[{"healthy":false,"error":"Cannot use a pool after calling end on the pool"}]}
{"timestamp":"2025-11-18T22:41:15.768Z","level":"ERROR","message":"Health check do pool falhou:","data":[{}]}
{"timestamp":"2025-11-18T22:41:15.769Z","level":"WARN","message":"Pool de conexões não está saudável:","data":[{"healthy":false,"error":"Cannot use a pool after calling end on the pool"}]}
{"timestamp":"2025-11-18T22:41:18.150Z","level":"ERROR","message":"Health check do pool falhou:","data":[{}]}
{"timestamp":"2025-11-18T22:41:18.151Z","level":"WARN","message":"Pool de conexões não está saudável:","data":[{"healthy":false,"error":"Cannot use a pool after calling end on the pool"}]}
{"timestamp":"2025-11-18T22:42:37.858Z","level":"ERROR","message":"Health check do pool falhou:","data":[{}]}
{"timestamp":"2025-11-18T22:42:37.860Z","level":"WARN","message":"Pool de conexões não está saudável:","data":[{"healthy":false,"error":"Cannot use a pool after calling end on the pool"}]}
{"timestamp":"2025-11-18T22:43:46.764Z","level":"ERROR","message":"Health check do pool falhou:","data":[{}]}
{"timestamp":"2025-11-18T22:43:46.768Z","level":"WARN","message":"Pool de conexões não está saudável:","data":[{"healthy":false,"error":"Cannot use a pool after calling end on the pool"}]}
{"timestamp":"2025-11-18T22:46:15.769Z","level":"ERROR","message":"Health check do pool falhou:","data":[{}]}
{"timestamp":"2025-11-18T22:46:15.771Z","level":"WARN","message":"Pool de conexões não está saudável:","data":[{"healthy":false,"error":"Cannot use a pool after calling end on the pool"}]}
{"timestamp":"2025-11-18T22:46:18.160Z","level":"ERROR","message":"Health check do pool falhou:","data":[{}]}
{"timestamp":"2025-11-18T22:46:18.162Z","level":"WARN","message":"Pool de conexões não está saudável:","data":[{"healthy":false,"error":"Cannot use a pool after calling end on the pool"}]}
{"timestamp":"2025-11-18T22:47:37.868Z","level":"ERROR","message":"Health check do pool falhou:","data":[{}]}
{"timestamp":"2025-11-18T22:47:37.872Z","level":"WARN","message":"Pool de conexões não está saudável:","data":[{"healthy":false,"error":"Cannot use a pool after calling end on the pool"}]}
{"timestamp":"2025-11-18T22:47:52.735Z","level":"WARN","message":"⚠️  REDIS_URL não configurado. Rate limiting usará fallback em memória (limitado a este processo)."}
{"timestamp":"2025-11-18T22:47:52.736Z","level":"WARN","message":"⚠️  CORS_ORIGINS não configurado. Usando lista padrão restritiva."}
{"timestamp":"2025-11-18T22:47:52.967Z","level":"WARN","message":"⚠️  Redis não configurado. Usando rate limiting em memória (limitado a este processo)"}
{"timestamp":"2025-11-18T22:47:52.968Z","level":"WARN","message":"⚠️  Redis não configurado. Usando rate limiting em memória para API"}
{"timestamp":"2025-11-18T22:47:53.144Z","level":"WARN","message":"⚠️  Redis não configurado. Usando rate limiting em memória para login"}
{"timestamp":"2025-11-18T22:48:21.069Z","level":"WARN","message":"⚠️  Redis não configurado. Usando rate limiting em memória para API"}
{"timestamp":"2025-11-18T22:48:42.729Z","level":"ERROR","message":"Health check do pool falhou:","data":[{}]}
{"timestamp":"2025-11-18T22:48:42.732Z","level":"WARN","message":"Pool de conexões não está saudável:","data":[{"healthy":false,"error":"Cannot use a pool after calling end on the pool"}]}
{"timestamp":"2025-11-18T22:48:46.780Z","level":"ERROR","message":"Health check do pool falhou:","data":[{}]}
{"timestamp":"2025-11-18T22:48:46.783Z","level":"WARN","message":"Pool de conexões não está saudável:","data":[{"healthy":false,"error":"Cannot use a pool after calling end on the pool"}]}
{"timestamp":"2025-11-18T22:51:15.779Z","level":"ERROR","message":"Health check do pool falhou:","data":[{}]}
{"timestamp":"2025-11-18T22:51:15.783Z","level":"WARN","message":"Pool de conexões não está saudável:","data":[{"healthy":false,"error":"Cannot use a pool after calling end on the pool"}]}
{"timestamp":"2025-11-18T22:51:18.178Z","level":"ERROR","message":"Health check do pool falhou:","data":[{}]}
{"timestamp":"2025-11-18T22:51:18.183Z","level":"WARN","message":"Pool de conexões não está saudável:","data":[{"healthy":false,"error":"Cannot use a pool after calling end on the pool"}]}
{"timestamp":"2025-11-18T22:52:37.871Z","level":"ERROR","message":"Health check do pool falhou:","data":[{}]}
{"timestamp":"2025-11-18T22:52:37.872Z","level":"WARN","message":"Pool de conexões não está saudável:","data":[{"healthy":false,"error":"Cannot use a pool after calling end on the pool"}]}
{"timestamp":"2025-11-18T22:53:42.742Z","level":"ERROR","message":"Health check do pool falhou:","data":[{}]}
{"timestamp":"2025-11-18T22:53:42.745Z","level":"WARN","message":"Pool de conexões não está saudável:","data":[{"healthy":false,"error":"Cannot use a pool after calling end on the pool"}]}
{"timestamp":"2025-11-18T22:53:46.790Z","level":"ERROR","message":"Health check do pool falhou:","data":[{}]}
{"timestamp":"2025-11-18T22:53:46.792Z","level":"WARN","message":"Pool de conexões não está saudável:","data":[{"healthy":false,"error":"Cannot use a pool after calling end on the pool"}]}
{"timestamp":"2025-11-18T22:54:19.853Z","level":"ERROR","message":"Health check do pool falhou:","data":[{}]}
{"timestamp":"2025-11-18T22:54:19.854Z","level":"WARN","message":"Pool de conexões não está saudável:","data":[{"healthy":false,"error":"Cannot use a pool after calling end on the pool"}]}
{"timestamp":"2025-11-18T22:55:37.391Z","level":"ERROR","message":"Health check do pool falhou:","data":[{}]}
{"timestamp":"2025-11-18T22:55:37.394Z","level":"WARN","message":"Pool de conexões não está saudável:","data":[{"healthy":false,"error":"Cannot use a pool after calling end on the pool"}]}
{"timestamp":"2025-11-18T22:56:15.782Z","level":"ERROR","message":"Health check do pool falhou:","data":[{}]}
{"timestamp":"2025-11-18T22:56:15.783Z","level":"WARN","message":"Pool de conexões não está saudável:","data":[{"healthy":false,"error":"Cannot use a pool after calling end on the pool"}]}
{"timestamp":"2025-11-18T22:56:18.182Z","level":"ERROR","message":"Health check do pool falhou:","data":[{}]}
{"timestamp":"2025-11-18T22:56:18.183Z","level":"WARN","message":"Pool de conexões não está saudável:","data":[{"healthy":false,"error":"Cannot use a pool after calling end on the pool"}]}
{"timestamp":"2025-11-18T22:56:50.757Z","level":"ERROR","message":"Health check do pool falhou:","data":[{}]}
{"timestamp":"2025-11-18T22:56:50.758Z","level":"WARN","message":"Pool de conexões não está saudável:","data":[{"healthy":false,"error":"Cannot use a pool after calling end on the pool"}]}
{"timestamp":"2025-11-18T22:57:37.883Z","level":"ERROR","message":"Health check do pool falhou:","data":[{}]}
{"timestamp":"2025-11-18T22:57:37.888Z","level":"WARN","message":"Pool de conexões não está saudável:","data":[{"healthy":false,"error":"Cannot use a pool after calling end on the pool"}]}
{"timestamp":"2025-11-18T22:57:43.701Z","level":"ERROR","message":"Health check do pool falhou:","data":[{}]}
{"timestamp":"2025-11-18T22:57:43.704Z","level":"WARN","message":"Pool de conexões não está saudável:","data":[{"healthy":false,"error":"Cannot use a pool after calling end on the pool"}]}
{"timestamp":"2025-11-18T22:58:42.745Z","level":"ERROR","message":"Health check do pool falhou:","data":[{}]}
{"timestamp":"2025-11-18T22:58:42.749Z","level":"WARN","message":"Pool de conexões não está saudável:","data":[{"healthy":false,"error":"Cannot use a pool after calling end on the pool"}]}
{"timestamp":"2025-11-18T22:58:46.795Z","level":"ERROR","message":"Health check do pool falhou:","data":[{}]}
{"timestamp":"2025-11-18T22:58:46.799Z","level":"WARN","message":"Pool de conexões não está saudável:","data":[{"healthy":false,"error":"Cannot use a pool after calling end on the pool"}]}
{"timestamp":"2025-11-18T22:59:19.864Z","level":"ERROR","message":"Health check do pool falhou:","data":[{}]}
{"timestamp":"2025-11-18T22:59:19.870Z","level":"WARN","message":"Pool de conexões não está saudável:","data":[{"healthy":false,"error":"Cannot use a pool after calling end on the pool"}]}
{"timestamp":"2025-11-18T23:00:37.406Z","level":"ERROR","message":"Health check do pool falhou:","data":[{}]}
{"timestamp":"2025-11-18T23:00:37.410Z","level":"WARN","message":"Pool de conexões não está saudável:","data":[{"healthy":false,"error":"Cannot use a pool after calling end on the pool"}]}
{"timestamp":"2025-11-18T23:01:15.796Z","level":"ERROR","message":"Health check do pool falhou:","data":[{}]}
{"timestamp":"2025-11-18T23:01:15.798Z","level":"WARN","message":"Pool de conexões não está saudável:","data":[{"healthy":false,"error":"Cannot use a pool after calling end on the pool"}]}
{"timestamp":"2025-11-18T23:01:18.191Z","level":"ERROR","message":"Health check do pool falhou:","data":[{}]}
{"timestamp":"2025-11-18T23:01:18.194Z","level":"WARN","message":"Pool de conexões não está saudável:","data":[{"healthy":false,"error":"Cannot use a pool after calling end on the pool"}]}
{"timestamp":"2025-11-18T23:01:50.763Z","level":"ERROR","message":"Health check do pool falhou:","data":[{}]}
{"timestamp":"2025-11-18T23:01:50.768Z","level":"WARN","message":"Pool de conexões não está saudável:","data":[{"healthy":false,"error":"Cannot use a pool after calling end on the pool"}]}
{"timestamp":"2025-11-18T23:01:54.617Z","level":"ERROR","message":"Health check do pool falhou:","data":[{}]}
{"timestamp":"2025-11-18T23:01:54.619Z","level":"WARN","message":"Pool de conexões não está saudável:","data":[{"healthy":false,"error":"Cannot use a pool after calling end on the pool"}]}
{"timestamp":"2025-11-18T23:02:37.882Z","level":"ERROR","message":"Health check do pool falhou:","data":[{}]}
{"timestamp":"2025-11-18T23:02:37.884Z","level":"WARN","message":"Pool de conexões não está saudável:","data":[{"healthy":false,"error":"Cannot use a pool after calling end on the pool"}]}
{"timestamp":"2025-11-18T23:02:43.701Z","level":"ERROR","message":"Health check do pool falhou:","data":[{}]}
{"timestamp":"2025-11-18T23:02:43.703Z","level":"WARN","message":"Pool de conexões não está saudável:","data":[{"healthy":false,"error":"Cannot use a pool after calling end on the pool"}]}
{"timestamp":"2025-11-18T23:03:21.666Z","level":"ERROR","message":"Health check do pool falhou:","data":[{}]}
{"timestamp":"2025-11-18T23:03:21.668Z","level":"WARN","message":"Pool de conexões não está saudável:","data":[{"healthy":false,"error":"Cannot use a pool after calling end on the pool"}]}
{"timestamp":"2025-11-18T23:03:42.746Z","level":"ERROR","message":"Health check do pool falhou:","data":[{}]}
{"timestamp":"2025-11-18T23:03:42.747Z","level":"WARN","message":"Pool de conexões não está saudável:","data":[{"healthy":false,"error":"Cannot use a pool after calling end on the pool"}]}
{"timestamp":"2025-11-18T23:03:46.798Z","level":"ERROR","message":"Health check do pool falhou:","data":[{}]}
{"timestamp":"2025-11-18T23:03:46.800Z","level":"WARN","message":"Pool de conexões não está saudável:","data":[{"healthy":false,"error":"Cannot use a pool after calling end on the pool"}]}
{"timestamp":"2025-11-18T23:04:19.867Z","level":"ERROR","message":"Health check do pool falhou:","data":[{}]}
{"timestamp":"2025-11-18T23:04:19.869Z","level":"WARN","message":"Pool de conexões não está saudável:","data":[{"healthy":false,"error":"Cannot use a pool after calling end on the pool"}]}
{"timestamp":"2025-11-18T23:05:37.411Z","level":"ERROR","message":"Health check do pool falhou:","data":[{}]}
{"timestamp":"2025-11-18T23:05:37.412Z","level":"WARN","message":"Pool de conexões não está saudável:","data":[{"healthy":false,"error":"Cannot use a pool after calling end on the pool"}]}
{"timestamp":"2025-11-18T23:06:15.805Z","level":"ERROR","message":"Health check do pool falhou:","data":[{}]}
{"timestamp":"2025-11-18T23:06:15.807Z","level":"WARN","message":"Pool de conexões não está saudável:","data":[{"healthy":false,"error":"Cannot use a pool after calling end on the pool"}]}
{"timestamp":"2025-11-18T23:06:18.205Z","level":"ERROR","message":"Health check do pool falhou:","data":[{}]}
{"timestamp":"2025-11-18T23:06:18.207Z","level":"WARN","message":"Pool de conexões não está saudável:","data":[{"healthy":false,"error":"Cannot use a pool after calling end on the pool"}]}
{"timestamp":"2025-11-18T23:06:30.186Z","level":"ERROR","message":"Health check do pool falhou:","data":[{}]}
{"timestamp":"2025-11-18T23:06:30.187Z","level":"WARN","message":"Pool de conexões não está saudável:","data":[{"healthy":false,"error":"Cannot use a pool after calling end on the pool"}]}
{"timestamp":"2025-11-18T23:06:50.777Z","level":"ERROR","message":"Health check do pool falhou:","data":[{}]}
{"timestamp":"2025-11-18T23:06:50.778Z","level":"WARN","message":"Pool de conexões não está saudável:","data":[{"healthy":false,"error":"Cannot use a pool after calling end on the pool"}]}
{"timestamp":"2025-11-18T23:06:54.625Z","level":"ERROR","message":"Health check do pool falhou:","data":[{}]}
{"timestamp":"2025-11-18T23:06:54.627Z","level":"WARN","message":"Pool de conexões não está saudável:","data":[{"healthy":false,"error":"Cannot use a pool after calling end on the pool"}]}
{"timestamp":"2025-11-18T23:07:37.897Z","level":"ERROR","message":"Health check do pool falhou:","data":[{}]}
{"timestamp":"2025-11-18T23:07:37.900Z","level":"WARN","message":"Pool de conexões não está saudável:","data":[{"healthy":false,"error":"Cannot use a pool after calling end on the pool"}]}
{"timestamp":"2025-11-18T23:07:43.709Z","level":"ERROR","message":"Health check do pool falhou:","data":[{}]}
{"timestamp":"2025-11-18T23:07:43.712Z","level":"WARN","message":"Pool de conexões não está saudável:","data":[{"healthy":false,"error":"Cannot use a pool after calling end on the pool"}]}
{"timestamp":"2025-11-18T23:08:21.670Z","level":"ERROR","message":"Health check do pool falhou:","data":[{}]}
{"timestamp":"2025-11-18T23:08:21.672Z","level":"WARN","message":"Pool de conexões não está saudável:","data":[{"healthy":false,"error":"Cannot use a pool after calling end on the pool"}]}
{"timestamp":"2025-11-18T23:08:42.759Z","level":"ERROR","message":"Health check do pool falhou:","data":[{}]}
{"timestamp":"2025-11-18T23:08:42.762Z","level":"WARN","message":"Pool de conexões não está saudável:","data":[{"healthy":false,"error":"Cannot use a pool after calling end on the pool"}]}
{"timestamp":"2025-11-18T23:08:46.801Z","level":"ERROR","message":"Health check do pool falhou:","data":[{}]}
{"timestamp":"2025-11-18T23:08:46.803Z","level":"WARN","message":"Pool de conexões não está saudável:","data":[{"healthy":false,"error":"Cannot use a pool after calling end on the pool"}]}
{"timestamp":"2025-11-18T23:09:19.869Z","level":"ERROR","message":"Health check do pool falhou:","data":[{}]}
{"timestamp":"2025-11-18T23:09:19.871Z","level":"WARN","message":"Pool de conexões não está saudável:","data":[{"healthy":false,"error":"Cannot use a pool after calling end on the pool"}]}
{"timestamp":"2025-11-18T23:10:37.417Z","level":"ERROR","message":"Health check do pool falhou:","data":[{}]}
{"timestamp":"2025-11-18T23:10:37.419Z","level":"WARN","message":"Pool de conexões não está saudável:","data":[{"healthy":false,"error":"Cannot use a pool after calling end on the pool"}]}
{"timestamp":"2025-11-18T23:11:15.818Z","level":"ERROR","message":"Health check do pool falhou:","data":[{}]}
{"timestamp":"2025-11-18T23:11:15.820Z","level":"WARN","message":"Pool de conexões não está saudável:","data":[{"healthy":false,"error":"Cannot use a pool after calling end on the pool"}]}
{"timestamp":"2025-11-18T23:11:18.222Z","level":"ERROR","message":"Health check do pool falhou:","data":[{}]}
{"timestamp":"2025-11-18T23:11:18.224Z","level":"WARN","message":"Pool de conexões não está saudável:","data":[{"healthy":false,"error":"Cannot use a pool after calling end on the pool"}]}
{"timestamp":"2025-11-18T23:11:30.199Z","level":"ERROR","message":"Health check do pool falhou:","data":[{}]}
{"timestamp":"2025-11-18T23:11:30.201Z","level":"WARN","message":"Pool de conexões não está saudável:","data":[{"healthy":false,"error":"Cannot use a pool after calling end on the pool"}]}
{"timestamp":"2025-11-18T23:11:50.782Z","level":"ERROR","message":"Health check do pool falhou:","data":[{}]}
{"timestamp":"2025-11-18T23:11:50.783Z","level":"WARN","message":"Pool de conexões não está saudável:","data":[{"healthy":false,"error":"Cannot use a pool after calling end on the pool"}]}
{"timestamp":"2025-11-18T23:11:54.639Z","level":"ERROR","message":"Health check do pool falhou:","data":[{}]}
{"timestamp":"2025-11-18T23:11:54.640Z","level":"WARN","message":"Pool de conexões não está saudável:","data":[{"healthy":false,"error":"Cannot use a pool after calling end on the pool"}]}
{"timestamp":"2025-11-18T23:12:37.910Z","level":"ERROR","message":"Health check do pool falhou:","data":[{}]}
{"timestamp":"2025-11-18T23:12:37.912Z","level":"WARN","message":"Pool de conexões não está saudável:","data":[{"healthy":false,"error":"Cannot use a pool after calling end on the pool"}]}
{"timestamp":"2025-11-18T23:12:43.720Z","level":"ERROR","message":"Health check do pool falhou:","data":[{}]}
{"timestamp":"2025-11-18T23:12:43.722Z","level":"WARN","message":"Pool de conexões não está saudável:","data":[{"healthy":false,"error":"Cannot use a pool after calling end on the pool"}]}
{"timestamp":"2025-11-18T23:13:21.674Z","level":"ERROR","message":"Health check do pool falhou:","data":[{}]}
{"timestamp":"2025-11-18T23:13:21.675Z","level":"WARN","message":"Pool de conexões não está saudável:","data":[{"healthy":false,"error":"Cannot use a pool after calling end on the pool"}]}
{"timestamp":"2025-11-18T23:13:42.766Z","level":"ERROR","message":"Health check do pool falhou:","data":[{}]}
{"timestamp":"2025-11-18T23:13:42.769Z","level":"WARN","message":"Pool de conexões não está saudável:","data":[{"healthy":false,"error":"Cannot use a pool after calling end on the pool"}]}
{"timestamp":"2025-11-18T23:13:46.809Z","level":"ERROR","message":"Health check do pool falhou:","data":[{}]}
{"timestamp":"2025-11-18T23:13:46.812Z","level":"WARN","message":"Pool de conexões não está saudável:","data":[{"healthy":false,"error":"Cannot use a pool after calling end on the pool"}]}
{"timestamp":"2025-11-18T23:14:19.880Z","level":"ERROR","message":"Health check do pool falhou:","data":[{}]}
{"timestamp":"2025-11-18T23:14:19.881Z","level":"WARN","message":"Pool de conexões não está saudável:","data":[{"healthy":false,"error":"Cannot use a pool after calling end on the pool"}]}
{"timestamp":"2025-11-18T23:15:37.418Z","level":"ERROR","message":"Health check do pool falhou:","data":[{}]}
{"timestamp":"2025-11-18T23:15:37.420Z","level":"WARN","message":"Pool de conexões não está saudável:","data":[{"healthy":false,"error":"Cannot use a pool after calling end on the pool"}]}
{"timestamp":"2025-11-18T23:16:15.832Z","level":"ERROR","message":"Health check do pool falhou:","data":[{}]}
{"timestamp":"2025-11-18T23:16:15.833Z","level":"WARN","message":"Pool de conexões não está saudável:","data":[{"healthy":false,"error":"Cannot use a pool after calling end on the pool"}]}
{"timestamp":"2025-11-18T23:16:18.236Z","level":"ERROR","message":"Health check do pool falhou:","data":[{}]}
{"timestamp":"2025-11-18T23:16:18.238Z","level":"WARN","message":"Pool de conexões não está saudável:","data":[{"healthy":false,"error":"Cannot use a pool after calling end on the pool"}]}
{"timestamp":"2025-11-18T23:16:30.203Z","level":"ERROR","message":"Health check do pool falhou:","data":[{}]}
{"timestamp":"2025-11-18T23:16:30.204Z","level":"WARN","message":"Pool de conexões não está saudável:","data":[{"healthy":false,"error":"Cannot use a pool after calling end on the pool"}]}
{"timestamp":"2025-11-18T23:16:50.795Z","level":"ERROR","message":"Health check do pool falhou:","data":[{}]}
{"timestamp":"2025-11-18T23:16:50.797Z","level":"WARN","message":"Pool de conexões não está saudável:","data":[{"healthy":false,"error":"Cannot use a pool after calling end on the pool"}]}
{"timestamp":"2025-11-18T23:16:54.642Z","level":"ERROR","message":"Health check do pool falhou:","data":[{}]}
{"timestamp":"2025-11-18T23:16:54.643Z","level":"WARN","message":"Pool de conexões não está saudável:","data":[{"healthy":false,"error":"Cannot use a pool after calling end on the pool"}]}
{"timestamp":"2025-11-18T23:17:37.922Z","level":"ERROR","message":"Health check do pool falhou:","data":[{}]}
{"timestamp":"2025-11-18T23:17:37.924Z","level":"WARN","message":"Pool de conexões não está saudável:","data":[{"healthy":false,"error":"Cannot use a pool after calling end on the pool"}]}
{"timestamp":"2025-11-18T23:17:43.735Z","level":"ERROR","message":"Health check do pool falhou:","data":[{}]}
{"timestamp":"2025-11-18T23:17:43.737Z","level":"WARN","message":"Pool de conexões não está saudável:","data":[{"healthy":false,"error":"Cannot use a pool after calling end on the pool"}]}
{"timestamp":"2025-11-18T23:18:21.690Z","level":"ERROR","message":"Health check do pool falhou:","data":[{}]}
{"timestamp":"2025-11-18T23:18:21.692Z","level":"WARN","message":"Pool de conexões não está saudável:","data":[{"healthy":false,"error":"Cannot use a pool after calling end on the pool"}]}
{"timestamp":"2025-11-18T23:18:42.780Z","level":"ERROR","message":"Health check do pool falhou:","data":[{}]}
{"timestamp":"2025-11-18T23:18:42.782Z","level":"WARN","message":"Pool de conexões não está saudável:","data":[{"healthy":false,"error":"Cannot use a pool after calling end on the pool"}]}
{"timestamp":"2025-11-18T23:18:46.810Z","level":"ERROR","message":"Health check do pool falhou:","data":[{}]}
{"timestamp":"2025-11-18T23:18:46.812Z","level":"WARN","message":"Pool de conexões não está saudável:","data":[{"healthy":false,"error":"Cannot use a pool after calling end on the pool"}]}
{"timestamp":"2025-11-18T23:19:19.893Z","level":"ERROR","message":"Health check do pool falhou:","data":[{}]}
{"timestamp":"2025-11-18T23:19:19.895Z","level":"WARN","message":"Pool de conexões não está saudável:","data":[{"healthy":false,"error":"Cannot use a pool after calling end on the pool"}]}
{"timestamp":"2025-11-18T23:20:37.425Z","level":"ERROR","message":"Health check do pool falhou:","data":[{}]}
{"timestamp":"2025-11-18T23:20:37.425Z","level":"WARN","message":"Pool de conexões não está saudável:","data":[{"healthy":false,"error":"Cannot use a pool after calling end on the pool"}]}
{"timestamp":"2025-11-18T23:21:15.847Z","level":"ERROR","message":"Health check do pool falhou:","data":[{}]}
{"timestamp":"2025-11-18T23:21:15.849Z","level":"WARN","message":"Pool de conexões não está saudável:","data":[{"healthy":false,"error":"Cannot use a pool after calling end on the pool"}]}
{"timestamp":"2025-11-18T23:21:18.238Z","level":"ERROR","message":"Health check do pool falhou:","data":[{}]}
{"timestamp":"2025-11-18T23:21:18.239Z","level":"WARN","message":"Pool de conexões não está saudável:","data":[{"healthy":false,"error":"Cannot use a pool after calling end on the pool"}]}
{"timestamp":"2025-11-18T23:21:30.216Z","level":"ERROR","message":"Health check do pool falhou:","data":[{}]}
{"timestamp":"2025-11-18T23:21:30.218Z","level":"WARN","message":"Pool de conexões não está saudável:","data":[{"healthy":false,"error":"Cannot use a pool after calling end on the pool"}]}
{"timestamp":"2025-11-18T23:21:50.805Z","level":"ERROR","message":"Health check do pool falhou:","data":[{}]}
{"timestamp":"2025-11-18T23:21:50.806Z","level":"WARN","message":"Pool de conexões não está saudável:","data":[{"healthy":false,"error":"Cannot use a pool after calling end on the pool"}]}
{"timestamp":"2025-11-18T23:21:54.654Z","level":"ERROR","message":"Health check do pool falhou:","data":[{}]}
{"timestamp":"2025-11-18T23:21:54.656Z","level":"WARN","message":"Pool de conexões não está saudável:","data":[{"healthy":false,"error":"Cannot use a pool after calling end on the pool"}]}
{"timestamp":"2025-11-18T23:22:37.923Z","level":"ERROR","message":"Health check do pool falhou:","data":[{}]}
{"timestamp":"2025-11-18T23:22:37.925Z","level":"WARN","message":"Pool de conexões não está saudável:","data":[{"healthy":false,"error":"Cannot use a pool after calling end on the pool"}]}
{"timestamp":"2025-11-18T23:22:43.739Z","level":"ERROR","message":"Health check do pool falhou:","data":[{}]}
{"timestamp":"2025-11-18T23:22:43.740Z","level":"WARN","message":"Pool de conexões não está saudável:","data":[{"healthy":false,"error":"Cannot use a pool after calling end on the pool"}]}
{"timestamp":"2025-11-21T17:48:05.212Z","level":"WARN","message":"⚠️  REDIS_URL não configurado. Rate limiting usará fallback em memória (limitado a este processo)."}
{"timestamp":"2025-11-21T17:48:05.214Z","level":"WARN","message":"⚠️  CORS_ORIGINS não configurado. Usando lista padrão restritiva."}
{"timestamp":"2025-11-21T17:48:05.566Z","level":"WARN","message":"⚠️  Redis não configurado. Usando rate limiting em memória (limitado a este processo)"}
{"timestamp":"2025-11-21T17:48:05.567Z","level":"WARN","message":"⚠️  Redis não configurado. Usando rate limiting em memória para API"}
{"timestamp":"2025-11-21T17:48:05.795Z","level":"WARN","message":"⚠️  Redis não configurado. Usando rate limiting em memória para login"}
{"timestamp":"2025-11-21T17:49:36.517Z","level":"WARN","message":"CORS bloqueado para origem: http://localhost:3000","data":[{"ip":"::1","path":"/login"}]}
{"timestamp":"2025-11-21T17:49:38.544Z","level":"WARN","message":"CORS bloqueado para origem: http://localhost:3000","data":[{"ip":"::1","path":"/api/validate-token"}]}
{"timestamp":"2025-11-21T17:51:43.369Z","level":"WARN","message":"CORS bloqueado para origem: http://localhost:3000","data":[{"ip":"::1","path":"/login"}]}
{"timestamp":"2025-11-21T17:54:48.561Z","level":"WARN","message":"⚠️  REDIS_URL não configurado. Rate limiting usará fallback em memória (limitado a este processo)."}
{"timestamp":"2025-11-21T17:54:48.562Z","level":"WARN","message":"⚠️  CORS_ORIGINS não configurado. Usando lista padrão restritiva."}
{"timestamp":"2025-11-21T17:54:48.718Z","level":"WARN","message":"⚠️  Redis não configurado. Usando rate limiting em memória (limitado a este processo)"}
{"timestamp":"2025-11-21T17:54:48.719Z","level":"WARN","message":"⚠️  Redis não configurado. Usando rate limiting em memória para API"}
{"timestamp":"2025-11-21T17:54:48.852Z","level":"WARN","message":"⚠️  Redis não configurado. Usando rate limiting em memória para login"}
{"timestamp":"2025-11-21T18:09:02.006Z","level":"WARN","message":"⚠️  REDIS_URL não configurado. Rate limiting usará fallback em memória (limitado a este processo)."}
{"timestamp":"2025-11-21T18:09:02.007Z","level":"WARN","message":"⚠️  CORS_ORIGINS não configurado. Usando lista padrão restritiva."}
{"timestamp":"2025-11-21T18:09:02.252Z","level":"WARN","message":"⚠️  Redis não configurado. Usando rate limiting em memória (limitado a este processo)"}
{"timestamp":"2025-11-21T18:09:02.252Z","level":"WARN","message":"⚠️  Redis não configurado. Usando rate limiting em memória para API"}
{"timestamp":"2025-11-21T18:09:02.447Z","level":"WARN","message":"⚠️  Redis não configurado. Usando rate limiting em memória para login"}
{"timestamp":"2025-11-21T18:09:32.953Z","level":"WARN","message":"CORS bloqueado para origem: http://localhost:3000","data":[{"ip":"::1","path":"/login"}]}
{"timestamp":"2025-11-21T18:09:39.920Z","level":"WARN","message":"CORS bloqueado para origem: http://localhost:3000","data":[{"ip":"::1","path":"/login"}]}
{"timestamp":"2025-11-21T18:09:41.777Z","level":"WARN","message":"CORS bloqueado para origem: http://localhost:3000","data":[{"ip":"::1","path":"/api/validate-token"}]}
{"timestamp":"2025-11-21T18:13:11.167Z","level":"WARN","message":"⚠️  REDIS_URL não configurado. Rate limiting usará fallback em memória (limitado a este processo)."}
{"timestamp":"2025-11-21T18:13:11.321Z","level":"WARN","message":"⚠️  Redis não configurado. Usando rate limiting em memória (limitado a este processo)"}
{"timestamp":"2025-11-21T18:13:11.322Z","level":"WARN","message":"⚠️  Redis não configurado. Usando rate limiting em memória para API"}
{"timestamp":"2025-11-21T18:13:11.459Z","level":"WARN","message":"⚠️  Redis não configurado. Usando rate limiting em memória para login"}
{"timestamp":"2025-11-21T18:18:45.905Z","level":"WARN","message":"⚠️  Redis não configurado. Usando rate limiting em memória (limitado a este processo)"}
{"timestamp":"2025-11-21T18:18:45.906Z","level":"WARN","message":"⚠️  Redis não configurado. Usando rate limiting em memória para API"}
{"timestamp":"2025-11-21T18:18:46.036Z","level":"WARN","message":"⚠️  Redis não configurado. Usando rate limiting em memória para login"}
{"timestamp":"2025-11-21T18:24:03.855Z","level":"WARN","message":"⚠️  Redis não configurado. Usando rate limiting em memória (limitado a este processo)"}
{"timestamp":"2025-11-21T18:24:03.856Z","level":"WARN","message":"⚠️  Redis não configurado. Usando rate limiting em memória para API"}
{"timestamp":"2025-11-21T18:24:03.992Z","level":"WARN","message":"⚠️  Redis não configurado. Usando rate limiting em memória para login"}
{"timestamp":"2025-11-21T18:24:49.504Z","level":"WARN","message":"⚠️  Token de desenvolvimento usado","data":[{"ip":"::1","path":"/api/responsavel/crianca","timestamp":"2025-11-21T18:24:49.504Z"}]}
{"timestamp":"2025-11-21T18:24:49.506Z","level":"ERROR","message":"Erro getFirstChild:","data":[{}]}
{"timestamp":"2025-11-21T18:30:33.444Z","level":"WARN","message":"⚠️  Redis não configurado. Usando rate limiting em memória (limitado a este processo)"}
{"timestamp":"2025-11-21T18:30:33.445Z","level":"WARN","message":"⚠️  Redis não configurado. Usando rate limiting em memória para API"}
{"timestamp":"2025-11-21T18:30:33.580Z","level":"WARN","message":"⚠️  Redis não configurado. Usando rate limiting em memória para login"}
{"timestamp":"2025-11-21T18:30:50.491Z","level":"WARN","message":"⚠️  Token de desenvolvimento usado","data":[{"ip":"::1","path":"/api/responsavel/crianca","timestamp":"2025-11-21T18:30:50.491Z"}]}
{"timestamp":"2025-11-21T18:30:50.493Z","level":"ERROR","message":"Erro getFirstChild:","data":[{}]}
