{"timestamp":"2025-11-04T22:39:54.112Z","requestId":"7d7636ab-8f35-4d6a-9485-840ab7ae3772","operation":"http_request","duration":27.1214,"method":"GET","url":"/","status":200}
{"timestamp":"2025-11-04T22:39:54.161Z","requestId":"86092153-8871-4692-9830-4933e5263270","operation":"http_request","duration":14.1593,"method":"GET","url":"/assets/css/bundle.min.css","status":200}
{"timestamp":"2025-11-04T22:39:54.165Z","requestId":"4f70ae15-8889-45fe-b871-8c8aef0792e0","operation":"http_request","duration":12.4459,"method":"GET","url":"/assets/images/mulher%20andando%20na%20cidade.jpg","status":200}
{"timestamp":"2025-11-04T22:39:54.169Z","requestId":"6d7cbc91-d5ac-4eb7-9f59-23efa9a1b498","operation":"http_request","duration":12.3538,"method":"GET","url":"/assets/js/core/app.js","status":200}
{"timestamp":"2025-11-04T22:39:54.253Z","requestId":"2dfbf1af-48fd-41c8-aff4-73953bcbc5e5","operation":"http_request","duration":10.639,"method":"GET","url":"/assets/images/logo.png","status":200}
{"timestamp":"2025-11-04T22:39:54.258Z","requestId":"94766994-9e0d-451f-a76a-9f708d7c6189","operation":"http_request","duration":11.7287,"method":"GET","url":"/assets/js/bundle.min.js","status":200}
{"timestamp":"2025-11-04T22:39:54.260Z","requestId":"82c2820c-48ac-42eb-bc2d-a9bf50eec32c","operation":"http_request","duration":11.4511,"method":"GET","url":"/assets/images/crian%C3%A7as.png","status":200}
{"timestamp":"2025-11-04T22:39:54.290Z","requestId":"91c912d2-6123-4afc-a585-865cdde87612","operation":"http_request","duration":9.1585,"method":"GET","url":"/assets/images/transporte-turismo-viagem-rodoviaria-e-conceito-de-pessoas-grupo-de-passageiros-felizes.png","status":200}
{"timestamp":"2025-11-04T22:39:54.299Z","requestId":"12c0317d-7f0a-40ce-adfb-b1d71178caee","operation":"http_request","duration":15.2155,"method":"GET","url":"/assets/images/transporte-executivo-de-pessoas-preco.png","status":200}
{"timestamp":"2025-11-04T22:39:54.321Z","requestId":"07daf42b-cd57-4cdd-ad9a-31cd0dba0a26","operation":"http_request","duration":6.0085,"method":"GET","url":"/assets/images/guns2.jpg","status":200}
{"timestamp":"2025-11-04T22:39:54.338Z","requestId":"3137c210-ee54-4ffa-974c-0ebf3cde3b60","operation":"http_request","duration":28.6321,"method":"GET","url":"/assets/js/animations/animacoes-index.js","status":404}
{"timestamp":"2025-11-04T22:39:54.350Z","requestId":"8086c34f-8de7-40bf-8187-b6df29584985","operation":"http_request","duration":6.1471,"method":"GET","url":"/assets/images/face.png","status":200}
{"timestamp":"2025-11-04T22:39:54.360Z","requestId":"44af1bea-1d8d-43b2-ac47-681f1b56a729","operation":"http_request","duration":6.0037,"method":"GET","url":"/assets/images/insta.png","status":200}
{"timestamp":"2025-11-04T22:39:54.402Z","requestId":"9d2467d7-a841-422a-9df5-b4b6a6298d6c","operation":"http_request","duration":13.5387,"method":"GET","url":"/api/rastreamento/viagem-ativa","status":404}
{"timestamp":"2025-11-04T22:39:54.406Z","requestId":"78e22bf7-dd8b-4069-926d-c95303612f75","operation":"http_request","duration":14.4708,"method":"GET","url":"/api/rastreamento/estatisticas","status":404}
{"timestamp":"2025-11-04T22:39:54.714Z","requestId":"40fda6c7-9f0b-4f89-9b7c-b023b919376d","operation":"http_request","duration":4.523,"method":"GET","url":"/assets/images/linkedin.png","status":200}
{"timestamp":"2025-11-04T22:39:56.196Z","requestId":"18ddf22d-97aa-4230-95ec-96104c7c98be","operation":"http_request","duration":6.295,"method":"GET","url":"/manifest.json","status":200}
{"timestamp":"2025-11-04T22:39:56.221Z","requestId":"b07eff38-8d1f-4dda-a821-c96a7a57194e","operation":"http_request","duration":3.396,"method":"GET","url":"/assets/images/favicon.ico","status":200}
{"timestamp":"2025-11-04T22:39:56.231Z","requestId":"6422a0f6-6369-4868-bc5a-a221d629abcd","operation":"http_request","duration":6.3782,"method":"GET","url":"/assets/images/icon-192.svg","status":200}
{"timestamp":"2025-11-04T22:39:56.242Z","requestId":"33b1dd59-cc18-4b4b-bceb-2d573062c93a","operation":"http_request","duration":6.9184,"method":"GET","url":"/assets/images/icon-192.png","status":404}
{"timestamp":"2025-11-04T22:39:56.254Z","requestId":"1e61097b-73b8-4045-b90d-4f73770e1b07","operation":"http_request","duration":2.9523,"method":"GET","url":"/assets/images/icon-512.png","status":200}
{"timestamp":"2025-11-04T22:50:46.480Z","requestId":"b602bf8e-342d-4930-adb4-fb17f922915d","operation":"http_request","duration":32.8938,"method":"GET","url":"/index.html","status":200}
{"timestamp":"2025-11-04T22:50:46.562Z","requestId":"79b4a38a-cd99-48b1-bf09-fd4a4388992d","operation":"http_request","duration":7.7691,"method":"GET","url":"/assets/css/bundle.min.css","status":200}
{"timestamp":"2025-11-04T22:50:46.594Z","requestId":"1ee433cb-0a25-4eac-9d59-6a13ef276e2d","operation":"http_request","duration":25.2568,"method":"GET","url":"/assets/images/mulher%20andando%20na%20cidade.jpg","status":200}
{"timestamp":"2025-11-04T22:50:46.602Z","requestId":"4363992c-4d0c-41ac-950d-e4b7ecdf0d04","operation":"http_request","duration":24.5373,"method":"GET","url":"/assets/css/core/color-fix.css","status":200}
{"timestamp":"2025-11-04T22:50:46.606Z","requestId":"2678f71c-f1b5-4cf7-9de2-a450d4dd905f","operation":"http_request","duration":25.4589,"method":"GET","url":"/assets/js/core/app.js","status":200}
{"timestamp":"2025-11-04T22:50:46.609Z","requestId":"26d2461d-dc88-47b6-8f3a-7b604836d612","operation":"http_request","duration":25.7317,"method":"GET","url":"/assets/images/logo.png","status":200}
{"timestamp":"2025-11-04T22:50:46.613Z","requestId":"f88426d0-ea04-4da6-882a-361780820bcd","operation":"http_request","duration":26.2514,"method":"GET","url":"/assets/js/bundle.min.js","status":200}
{"timestamp":"2025-11-04T22:50:46.658Z","requestId":"6ca83be6-949b-42b8-916b-63f5c7f1c8ae","operation":"http_request","duration":31.597,"method":"GET","url":"/assets/js/animations/animacoes-index.js","status":404}
{"timestamp":"2025-11-04T22:50:46.737Z","requestId":"a32ecf39-f381-4769-b3b1-1101c349207f","operation":"http_request","duration":14.2586,"method":"GET","url":"/assets/images/crian%C3%A7as.png","status":200}
{"timestamp":"2025-11-04T22:50:46.740Z","requestId":"0ce452f9-3b2e-4e22-8199-53fb1f877ec7","operation":"http_request","duration":12.7858,"method":"GET","url":"/assets/images/transporte-turismo-viagem-rodoviaria-e-conceito-de-pessoas-grupo-de-passageiros-felizes.png","status":200}
{"timestamp":"2025-11-04T22:50:46.746Z","requestId":"80415a1a-30b1-40d2-bd6a-70377433a3c0","operation":"http_request","duration":15.3076,"method":"GET","url":"/assets/images/transporte-executivo-de-pessoas-preco.png","status":200}
{"timestamp":"2025-11-04T22:50:46.751Z","requestId":"da9fed86-0038-41e3-908e-4e581133320b","operation":"http_request","duration":18.7932,"method":"GET","url":"/assets/images/guns2.jpg","status":200}
{"timestamp":"2025-11-04T22:50:46.792Z","requestId":"6b37d345-4bb2-431f-883d-ce733dcd256f","operation":"http_request","duration":15.4174,"method":"GET","url":"/api/rastreamento/viagem-ativa","status":404}
{"timestamp":"2025-11-04T22:50:46.796Z","requestId":"518dec74-126c-4f82-b60d-7e35c6297189","operation":"http_request","duration":16.7858,"method":"GET","url":"/api/rastreamento/estatisticas","status":404}
{"timestamp":"2025-11-04T22:50:46.813Z","requestId":"73425cae-1728-451b-91f1-d47f0525354f","operation":"http_request","duration":11.9863,"method":"GET","url":"/assets/images/favicon.ico","status":200}
{"timestamp":"2025-11-04T22:50:46.817Z","requestId":"70ba8af1-33e6-487d-a077-35610329622b","operation":"http_request","duration":11.4026,"method":"GET","url":"/manifest.json","status":200}
{"timestamp":"2025-11-04T22:50:46.838Z","requestId":"c42a520d-0c9d-4251-8b54-404de581e12f","operation":"http_request","duration":7.6278,"method":"GET","url":"/assets/images/icon-512.png","status":200}
{"timestamp":"2025-11-04T22:50:46.844Z","requestId":"c5cf8525-e269-4a73-94a7-ccea68a26612","operation":"http_request","duration":10.5995,"method":"GET","url":"/assets/images/icon-192.svg","status":200}
{"timestamp":"2025-11-04T22:50:51.499Z","requestId":"f18879c0-7fcb-4ed2-93da-1cfd07426045","operation":"http_request","duration":19.1926,"method":"GET","url":"/assets/images/insta.png","status":200}
{"timestamp":"2025-11-04T22:50:51.506Z","requestId":"be6b6bca-3fd2-4b5f-8802-e748c120355e","operation":"http_request","duration":30.3597,"method":"GET","url":"/assets/images/face.png","status":200}
{"timestamp":"2025-11-04T22:50:51.512Z","requestId":"a5d19809-3cc8-4085-b586-54f011fe6cc8","operation":"http_request","duration":27.4459,"method":"GET","url":"/assets/images/linkedin.png","status":200}
{"timestamp":"2025-11-04T22:51:01.344Z","requestId":"b39b45b7-d6d7-4902-8f22-13505a074e29","operation":"http_request","duration":13.8851,"method":"GET","url":"/planos.html","status":200}
{"timestamp":"2025-11-04T22:51:01.398Z","requestId":"84711593-20cf-4f1e-9d8d-197ca04f1ad0","operation":"http_request","duration":6.6397,"method":"GET","url":"/assets/css/bundle.min.css","status":200}
{"timestamp":"2025-11-04T22:51:01.432Z","requestId":"57f55f31-88f6-464c-beca-846252802500","operation":"http_request","duration":27.7333,"method":"GET","url":"/assets/css/core/color-fix.css","status":200}
{"timestamp":"2025-11-04T22:51:01.440Z","requestId":"bbffe3fd-925f-46ed-a479-f676ad201046","operation":"http_request","duration":28.1933,"method":"GET","url":"/assets/css/planos.css","status":200}
{"timestamp":"2025-11-04T22:51:01.447Z","requestId":"4d0d7405-2191-42df-83c6-671e45973bbf","operation":"http_request","duration":30.1609,"method":"GET","url":"/assets/js/bundle.min.js","status":200}
{"timestamp":"2025-11-04T22:51:01.451Z","requestId":"fa0246df-2a9c-49e5-afe5-d5caab24c103","operation":"http_request","duration":31.2337,"method":"GET","url":"/assets/images/logo.png","status":200}
{"timestamp":"2025-11-04T22:51:01.455Z","requestId":"2223bbd5-9921-4d9e-ba5c-1caaa5c7fa5d","operation":"http_request","duration":31.3962,"method":"GET","url":"/assets/images/face.png","status":200}
{"timestamp":"2025-11-04T22:51:01.517Z","requestId":"7785eeaa-2391-460d-927f-aa541eb394e1","operation":"http_request","duration":33.0818,"method":"GET","url":"/assets/images/insta.png","status":200}
{"timestamp":"2025-11-04T22:51:01.525Z","requestId":"be520710-7788-4c9b-93a6-54d4f29ccfc7","operation":"http_request","duration":25.9447,"method":"GET","url":"/assets/images/linkedin.png","status":200}
{"timestamp":"2025-11-04T22:51:01.554Z","requestId":"c6353bf7-a5ac-4358-94d2-823018ee1065","operation":"http_request","duration":44.5368,"method":"GET","url":"/assets/js/planos.js","status":404}
{"timestamp":"2025-11-04T22:51:01.563Z","requestId":"d6cd893f-99ad-43aa-98f5-c088965f8b7e","operation":"http_request","duration":20.145,"method":"GET","url":"/assets/css/core/variables.css","status":200}
{"timestamp":"2025-11-04T22:51:01.605Z","requestId":"15c234ed-3d4e-4f34-a6f6-0237286a9263","operation":"http_request","duration":30.6152,"method":"GET","url":"/assets/js/animations/animacoes-planos.js","status":404}
{"timestamp":"2025-11-04T22:51:01.720Z","requestId":"5394d2a0-f910-449b-9caf-3225924126af","operation":"http_request","duration":17.8439,"method":"GET","url":"/api/rastreamento/viagem-ativa","status":404}
{"timestamp":"2025-11-04T22:51:01.725Z","requestId":"de147ba9-5b94-4090-b7d1-6b4e1b221ca5","operation":"http_request","duration":18.7213,"method":"GET","url":"/api/rastreamento/estatisticas","status":404}
{"timestamp":"2025-11-04T22:51:01.735Z","requestId":"d169ca06-4aef-4af8-b81a-ece79ed04007","operation":"http_request","duration":20.6694,"method":"GET","url":"/favicon.ico","status":404}
{"timestamp":"2025-11-04T22:51:14.181Z","requestId":"2c909ede-0cfa-404a-9b66-6127f8e50052","operation":"http_request","duration":20.8671,"method":"GET","url":"/contato.html","status":200}
{"timestamp":"2025-11-04T22:51:14.237Z","requestId":"52736ba9-b42b-4bd9-a797-ebf3b5977aea","operation":"http_request","duration":5.0966,"method":"GET","url":"/assets/css/bundle.min.css","status":200}
{"timestamp":"2025-11-04T22:51:14.272Z","requestId":"b067abf2-d8ba-4dbc-8305-1646e6eef92e","operation":"http_request","duration":29.9028,"method":"GET","url":"/assets/js/core/app.js","status":200}
{"timestamp":"2025-11-04T22:51:14.280Z","requestId":"5dd3440d-d6fb-47f2-bd81-1e788eb3beea","operation":"http_request","duration":29.4492,"method":"GET","url":"/assets/css/core/color-fix.css","status":200}
{"timestamp":"2025-11-04T22:51:14.285Z","requestId":"2c87c341-8b1b-45f3-97f5-b267b631fa01","operation":"http_request","duration":31.2751,"method":"GET","url":"/assets/js/bundle.min.js","status":200}
{"timestamp":"2025-11-04T22:51:14.291Z","requestId":"72cb329f-43c8-418b-b04f-a6b72dd273cf","operation":"http_request","duration":33.4967,"method":"GET","url":"/assets/images/logo.png","status":200}
{"timestamp":"2025-11-04T22:51:14.312Z","requestId":"e7e797ce-ac64-4522-b8ba-0c6a2462c08d","operation":"http_request","duration":49.4304,"method":"GET","url":"/assets/js/animations/animacoes-index.js","status":404}
{"timestamp":"2025-11-04T22:51:14.415Z","requestId":"23174d5a-6a61-4b4b-aa96-94fbbb9d6765","operation":"http_request","duration":30.2339,"method":"GET","url":"/api/rastreamento/viagem-ativa","status":404}
{"timestamp":"2025-11-04T22:51:14.421Z","requestId":"5b5fb1ea-2cfe-49ec-8302-6036023b217e","operation":"http_request","duration":31.8204,"method":"GET","url":"/api/rastreamento/estatisticas","status":404}
{"timestamp":"2025-11-04T22:51:14.427Z","requestId":"ab3cc170-c99b-4bab-9cd2-9d28d7944982","operation":"http_request","duration":23.6469,"method":"GET","url":"/assets/images/favicon.ico","status":200}
{"timestamp":"2025-11-04T22:51:14.432Z","requestId":"40e8f5b0-c1fa-4d39-89d2-cbb601c8ac49","operation":"http_request","duration":22.4462,"method":"GET","url":"/manifest.json","status":200}
{"timestamp":"2025-11-04T22:51:14.468Z","requestId":"fd329539-0ad1-469d-af05-519ee3efc8a7","operation":"http_request","duration":17.5292,"method":"GET","url":"/assets/images/icon-512.png","status":200}
{"timestamp":"2025-11-04T22:51:14.476Z","requestId":"ee1e7d7d-9987-4edc-be58-5baf01ba0a79","operation":"http_request","duration":22.9744,"method":"GET","url":"/assets/images/icon-192.svg","status":200}
{"timestamp":"2025-11-04T22:51:16.835Z","requestId":"cf9084c6-f9d8-4452-a4c6-12d8dffafa8b","operation":"http_request","duration":13.4299,"method":"GET","url":"/assets/images/face.png","status":200}
{"timestamp":"2025-11-04T22:51:16.839Z","requestId":"70027f13-211b-4247-bd7e-5180f777a408","operation":"http_request","duration":14.1597,"method":"GET","url":"/assets/images/insta.png","status":200}
{"timestamp":"2025-11-04T22:51:16.844Z","requestId":"0fad0d20-1df3-4a68-a618-fa38dfcf6e13","operation":"http_request","duration":14.4256,"method":"GET","url":"/assets/images/linkedin.png","status":200}
{"timestamp":"2025-11-04T22:51:23.538Z","requestId":"a068d41c-6be4-4c76-bcb8-2e8db2030d3d","operation":"http_request","duration":5.506,"method":"GET","url":"/encontrar-transporte.html","status":200}
{"timestamp":"2025-11-04T22:51:23.648Z","requestId":"24c0bd78-4493-4f9f-b5c3-f11853fc1159","operation":"http_request","duration":29.4657,"method":"GET","url":"/assets/css/bundle.min.css","status":200}
{"timestamp":"2025-11-04T22:51:23.652Z","requestId":"19370d94-e90a-4dbf-bf3e-1b8604c51ecc","operation":"http_request","duration":23.9132,"method":"GET","url":"/assets/libs/leaflet/leaflet.css","status":200}
{"timestamp":"2025-11-04T22:51:23.658Z","requestId":"a901ef8c-d700-4de6-a886-a18bfcad53ab","operation":"http_request","duration":24.8283,"method":"GET","url":"/assets/css/core/color-fix.css","status":200}
{"timestamp":"2025-11-04T22:51:23.663Z","requestId":"565ba7ab-4e57-4ba7-9480-4083191f1a4c","operation":"http_request","duration":26.3922,"method":"GET","url":"/assets/css/encontrar-transporte.css","status":200}
{"timestamp":"2025-11-04T22:51:23.669Z","requestId":"08309340-1278-462f-8a3b-92643ed24a16","operation":"http_request","duration":29.2278,"method":"GET","url":"/assets/libs/leaflet/leaflet.js","status":200}
{"timestamp":"2025-11-04T22:51:23.675Z","requestId":"fa6eef87-ead8-41ca-8002-78312bbd29b1","operation":"http_request","duration":31.5703,"method":"GET","url":"/assets/images/logo.png","status":200}
{"timestamp":"2025-11-04T22:51:23.715Z","requestId":"74fb9592-51a2-4d55-a727-915a5355122d","operation":"http_request","duration":18.1536,"method":"GET","url":"/assets/images/face.png","status":200}
{"timestamp":"2025-11-04T22:51:23.731Z","requestId":"67ef0bdc-9b57-4421-a086-e5bec0b9fecc","operation":"http_request","duration":22.5107,"method":"GET","url":"/assets/css/core/variables.css","status":200}
{"timestamp":"2025-11-04T22:51:23.796Z","requestId":"7eb2b66b-dcf9-4b94-8a2a-e15eda45ccc6","operation":"http_request","duration":13.1734,"method":"GET","url":"/assets/images/insta.png","status":200}
{"timestamp":"2025-11-04T22:51:23.799Z","requestId":"e085961f-9942-404d-a783-a21f45df022f","operation":"http_request","duration":13.2432,"method":"GET","url":"/assets/images/linkedin.png","status":200}
{"timestamp":"2025-11-04T22:51:23.803Z","requestId":"390504bc-7135-482b-8953-1e97a37c70ba","operation":"http_request","duration":14.0404,"method":"GET","url":"/assets/js/bundle.min.js","status":200}
{"timestamp":"2025-11-04T22:51:23.816Z","requestId":"90b57ff2-f9f3-498a-b0a0-40c6e2591c8e","operation":"http_request","duration":40.7903,"method":"GET","url":"/assets/js/google-maps-integration.js","status":404}
{"timestamp":"2025-11-04T22:51:23.819Z","requestId":"b5d91b67-859e-472b-bfb6-aa6f035a4352","operation":"http_request","duration":39.2919,"method":"GET","url":"/assets/js/encontrar-transporte.js","status":404}
{"timestamp":"2025-11-04T22:51:23.963Z","requestId":"2b2c4b7c-63e4-4b12-90c2-3ccc13303eb0","operation":"http_request","duration":4.2889,"method":"GET","url":"/assets/images/favicon.ico","status":200}
{"timestamp":"2025-11-04T22:51:23.966Z","requestId":"bc3cc8cc-ef18-4e62-a41b-358db1d6b88a","operation":"http_request","duration":13.8473,"method":"GET","url":"/api/rastreamento/viagem-ativa","status":404}
{"timestamp":"2025-11-04T22:51:23.972Z","requestId":"230570e2-67e3-4ab4-b5eb-ea114b15792c","operation":"http_request","duration":17.4787,"method":"GET","url":"/api/rastreamento/estatisticas","status":404}
{"timestamp":"2025-11-04T22:52:28.406Z","requestId":"d29679f6-059c-48c1-bd75-6f49c37b8e58","operation":"http_request","duration":12.1245,"method":"GET","url":"/index.html","status":200}
{"timestamp":"2025-11-04T22:52:28.458Z","requestId":"043a178c-e829-4beb-a62a-0baba2ad9479","operation":"http_request","duration":5.2038,"method":"GET","url":"/assets/css/bundle.min.css","status":200}
{"timestamp":"2025-11-04T22:52:28.478Z","requestId":"30f1c9f4-de4d-4ac0-ab8b-96c2e2946129","operation":"http_request","duration":6.7555,"method":"GET","url":"/assets/images/mulher%20andando%20na%20cidade.jpg","status":200}
{"timestamp":"2025-11-04T22:52:28.483Z","requestId":"c19439c8-1860-456c-9e1e-9f64e9e89e2b","operation":"http_request","duration":8.5339,"method":"GET","url":"/assets/js/core/app.js","status":200}
{"timestamp":"2025-11-04T22:52:28.508Z","requestId":"956f8528-9af5-40a1-ac54-1626b8fc1277","operation":"http_request","duration":9.9859,"method":"GET","url":"/assets/css/core/color-fix.css","status":200}
{"timestamp":"2025-11-04T22:52:28.510Z","requestId":"149d72ce-a8b4-4f11-8975-f7fa0f7b82bc","operation":"http_request","duration":8.2928,"method":"GET","url":"/assets/js/bundle.min.js","status":200}
{"timestamp":"2025-11-04T22:52:28.511Z","requestId":"79543cc6-12d9-400a-8898-72088d9dbcc2","operation":"http_request","duration":6.4495,"method":"GET","url":"/assets/images/logo.png","status":200}
{"timestamp":"2025-11-04T22:52:28.512Z","requestId":"2d89472a-cf04-4fd7-a1ac-2eb8fce9564a","operation":"http_request","duration":5.5939,"method":"GET","url":"/assets/images/crian%C3%A7as.png","status":200}
{"timestamp":"2025-11-04T22:52:28.538Z","requestId":"db96e6f3-4687-416a-8e91-1cf5d091c145","operation":"http_request","duration":5.8864,"method":"GET","url":"/assets/images/transporte-turismo-viagem-rodoviaria-e-conceito-de-pessoas-grupo-de-passageiros-felizes.png","status":200}
{"timestamp":"2025-11-04T22:52:28.542Z","requestId":"2658f42b-a266-4536-8420-6caac2ecbcd3","operation":"http_request","duration":2.3158,"method":"GET","url":"/assets/images/transporte-executivo-de-pessoas-preco.png","status":200}
{"timestamp":"2025-11-04T22:52:28.560Z","requestId":"a4b4046a-92f3-431e-b9e4-19bb315a0ec1","operation":"http_request","duration":1.4386,"method":"GET","url":"/assets/images/guns2.jpg","status":200}
{"timestamp":"2025-11-04T22:52:28.565Z","requestId":"21b2f212-fb30-4497-af10-d834a8acabe7","operation":"http_request","duration":7.0069,"method":"GET","url":"/assets/js/animations/animacoes-index.js","status":404}
{"timestamp":"2025-11-04T22:52:28.571Z","requestId":"245417ce-9010-406e-851b-352d4a449a54","operation":"http_request","duration":3.2216,"method":"GET","url":"/assets/images/face.png","status":200}
{"timestamp":"2025-11-04T22:52:28.575Z","requestId":"6419cad6-63bf-49a2-b58c-74cc8e211d52","operation":"http_request","duration":1.0028,"method":"GET","url":"/assets/images/insta.png","status":200}
{"timestamp":"2025-11-04T22:52:28.635Z","requestId":"c3d186ce-7117-4d7d-89d1-5a3eed5775e2","operation":"http_request","duration":7.457,"method":"GET","url":"/api/rastreamento/viagem-ativa","status":404}
{"timestamp":"2025-11-04T22:52:28.636Z","requestId":"d2d797d9-c4da-4267-9b7b-d25421d4919e","operation":"http_request","duration":7.6931,"method":"GET","url":"/api/rastreamento/estatisticas","status":404}
{"timestamp":"2025-11-04T22:52:28.957Z","requestId":"699990a0-b4e2-47cc-9144-2b60a6867f2d","operation":"http_request","duration":2.8001,"method":"GET","url":"/assets/images/linkedin.png","status":200}
{"timestamp":"2025-11-04T22:52:29.135Z","requestId":"98cb10fe-4e82-4b4e-9142-fea118575660","operation":"http_request","duration":8.4181,"method":"GET","url":"/manifest.json","status":200}
{"timestamp":"2025-11-04T22:52:29.140Z","requestId":"6bc353b8-6422-44da-bd2a-072bc8e13897","operation":"http_request","duration":9.4433,"method":"GET","url":"/assets/images/favicon.ico","status":200}
{"timestamp":"2025-11-04T22:52:29.160Z","requestId":"594155b4-e20f-4f75-bf21-938ff962f1f3","operation":"http_request","duration":8.5378,"method":"GET","url":"/assets/images/icon-512.png","status":200}
{"timestamp":"2025-11-04T22:52:29.165Z","requestId":"bbb7f982-76a7-443c-aa2f-4e262c5da745","operation":"http_request","duration":10.7324,"method":"GET","url":"/assets/images/icon-192.svg","status":200}
{"timestamp":"2025-11-04T22:53:10.725Z","requestId":"a8716605-31d3-4dfe-8064-b66001dd98ae","operation":"http_request","duration":11.4341,"method":"GET","url":"/planos.html","status":200}
{"timestamp":"2025-11-04T22:53:10.790Z","requestId":"af3c5550-2bff-446f-b430-7f667f3f4bb9","operation":"http_request","duration":22.7813,"method":"GET","url":"/assets/css/bundle.min.css","status":200}
{"timestamp":"2025-11-04T22:53:10.800Z","requestId":"216dd14f-9a55-4021-874a-a0c6500951fc","operation":"http_request","duration":28.0814,"method":"GET","url":"/assets/css/core/color-fix.css","status":200}
{"timestamp":"2025-11-04T22:53:10.804Z","requestId":"b1ba24e6-5d36-43a1-ad14-3cff28e10a62","operation":"http_request","duration":27.1321,"method":"GET","url":"/assets/css/planos.css","status":200}
{"timestamp":"2025-11-04T22:53:10.807Z","requestId":"dff17443-895f-4289-aefa-9f0879c10f01","operation":"http_request","duration":25.7846,"method":"GET","url":"/assets/images/face.png","status":200}
{"timestamp":"2025-11-04T22:53:10.810Z","requestId":"29975ba1-ce3f-4966-a948-908e314f7b7e","operation":"http_request","duration":31.4365,"method":"GET","url":"/assets/images/logo.png","status":200}
{"timestamp":"2025-11-04T22:53:10.815Z","requestId":"c8e6a48e-fcb5-45b1-9301-76f4b2ea7231","operation":"http_request","duration":29.1528,"method":"GET","url":"/assets/images/insta.png","status":200}
{"timestamp":"2025-11-04T22:53:10.856Z","requestId":"575f5dc4-9b04-464d-9415-eb950bd4b3f1","operation":"http_request","duration":22.0913,"method":"GET","url":"/assets/js/bundle.min.js","status":200}
{"timestamp":"2025-11-04T22:53:10.865Z","requestId":"81f807ee-9123-443d-b3d8-c49c486890d1","operation":"http_request","duration":23.0819,"method":"GET","url":"/assets/images/linkedin.png","status":200}
{"timestamp":"2025-11-04T22:53:10.879Z","requestId":"ebc0c703-93e5-4855-a6ae-e167b0151eec","operation":"http_request","duration":16.9255,"method":"GET","url":"/assets/css/core/variables.css","status":200}
{"timestamp":"2025-11-04T22:53:10.936Z","requestId":"aceccf3e-c1bd-47e7-b4bb-df84c7fc9715","operation":"http_request","duration":28.8228,"method":"GET","url":"/assets/js/planos.js","status":404}
{"timestamp":"2025-11-04T22:53:10.944Z","requestId":"d0e54ebb-fbdc-46dd-863d-3d1f964d6091","operation":"http_request","duration":21.1295,"method":"GET","url":"/assets/js/animations/animacoes-planos.js","status":404}
{"timestamp":"2025-11-04T22:53:10.983Z","requestId":"e12bbbdb-0ac5-4605-aa5a-25968f5e67f0","operation":"http_request","duration":8.0042,"method":"GET","url":"/api/rastreamento/viagem-ativa","status":404}
{"timestamp":"2025-11-04T22:53:10.988Z","requestId":"98560c89-bf74-4c70-a65e-6655482f5cad","operation":"http_request","duration":10.6322,"method":"GET","url":"/api/rastreamento/estatisticas","status":404}
{"timestamp":"2025-11-04T22:53:42.460Z","requestId":"35439b1c-ef5c-44ae-be5d-bdc33a885e56","operation":"http_request","duration":6.9011,"method":"GET","url":"/contato.html","status":200}
{"timestamp":"2025-11-04T22:53:42.499Z","requestId":"929749e0-7b8b-49b2-8f81-fd872373150a","operation":"http_request","duration":4.7291,"method":"GET","url":"/assets/css/bundle.min.css","status":200}
{"timestamp":"2025-11-04T22:53:42.522Z","requestId":"49d373b5-061b-4f67-bee0-1ac40d908eae","operation":"http_request","duration":19.8081,"method":"GET","url":"/assets/js/core/app.js","status":200}
{"timestamp":"2025-11-04T22:53:42.526Z","requestId":"d5dedf2b-b790-47eb-9037-b493e23c6547","operation":"http_request","duration":21.0749,"method":"GET","url":"/assets/css/core/color-fix.css","status":200}
{"timestamp":"2025-11-04T22:53:42.529Z","requestId":"2db351a6-e3ef-4cd7-9ea4-2b04737bb3ad","operation":"http_request","duration":21.4095,"method":"GET","url":"/assets/images/logo.png","status":200}
{"timestamp":"2025-11-04T22:53:42.532Z","requestId":"d74812e6-133d-41d8-af69-526f686bc68e","operation":"http_request","duration":21.5302,"method":"GET","url":"/assets/js/bundle.min.js","status":200}
{"timestamp":"2025-11-04T22:53:42.547Z","requestId":"6ca5d432-bec6-4962-9122-45bacfb16ea1","operation":"http_request","duration":30.9394,"method":"GET","url":"/assets/js/animations/animacoes-index.js","status":404}
{"timestamp":"2025-11-04T22:53:42.588Z","requestId":"c5f9308c-f9f8-4360-a800-dd89c573f393","operation":"http_request","duration":3.3561,"method":"GET","url":"/assets/images/favicon.ico","status":200}
{"timestamp":"2025-11-04T22:53:42.590Z","requestId":"f28032f4-7753-4bf1-9528-276d12354ffb","operation":"http_request","duration":8.8102,"method":"GET","url":"/manifest.json","status":200}
{"timestamp":"2025-11-04T22:53:42.593Z","requestId":"ba760491-4127-4487-9b40-49dcb61b649a","operation":"http_request","duration":15.5395,"method":"GET","url":"/api/rastreamento/estatisticas","status":404}
{"timestamp":"2025-11-04T22:53:42.595Z","requestId":"37801e60-2b8c-4f66-beea-2947f1ef45ee","operation":"http_request","duration":19.1171,"method":"GET","url":"/api/rastreamento/viagem-ativa","status":404}
{"timestamp":"2025-11-04T22:53:42.610Z","requestId":"cbbb7fee-eba3-4e1b-9c75-e3c83b40fe57","operation":"http_request","duration":5.2035,"method":"GET","url":"/assets/images/icon-512.png","status":200}
{"timestamp":"2025-11-04T22:53:42.612Z","requestId":"5a70528c-5eb8-417a-87e9-5d52e934ce78","operation":"http_request","duration":4.427,"method":"GET","url":"/assets/images/icon-192.svg","status":200}
{"timestamp":"2025-11-04T22:53:45.033Z","requestId":"486f06c7-cc17-4d12-957b-6113df86d964","operation":"http_request","duration":3.7494,"method":"GET","url":"/encontrar-transporte.html","status":200}
{"timestamp":"2025-11-04T22:53:45.066Z","requestId":"64f92a6f-0ba9-418d-8c53-82eb633b4785","operation":"http_request","duration":4.0777,"method":"GET","url":"/assets/css/bundle.min.css","status":200}
{"timestamp":"2025-11-04T22:53:45.097Z","requestId":"95c90501-8519-4010-91fb-3fb8a20201ab","operation":"http_request","duration":17.749,"method":"GET","url":"/assets/css/core/color-fix.css","status":200}
{"timestamp":"2025-11-04T22:53:45.100Z","requestId":"007a5957-9569-4ce9-9e02-c0bea3320241","operation":"http_request","duration":18.3204,"method":"GET","url":"/assets/css/encontrar-transporte.css","status":200}
{"timestamp":"2025-11-04T22:53:45.103Z","requestId":"e0daddf9-380f-428c-95fe-4bebd8fe673d","operation":"http_request","duration":18.8427,"method":"GET","url":"/assets/libs/leaflet/leaflet.css","status":200}
{"timestamp":"2025-11-04T22:53:45.107Z","requestId":"e6a88337-fd6e-4bf4-8e30-86cf59ab072a","operation":"http_request","duration":20.2744,"method":"GET","url":"/assets/libs/leaflet/leaflet.js","status":200}
{"timestamp":"2025-11-04T22:53:45.110Z","requestId":"c7d7e94f-5e9b-4d8a-b107-c694958691ae","operation":"http_request","duration":20.8085,"method":"GET","url":"/assets/images/logo.png","status":200}
{"timestamp":"2025-11-04T22:53:45.136Z","requestId":"41893ef7-e1a0-4974-8112-422cb4b79158","operation":"http_request","duration":14.784,"method":"GET","url":"/assets/images/face.png","status":200}
{"timestamp":"2025-11-04T22:53:45.165Z","requestId":"16f227ad-5105-4b18-92df-ed17477b1392","operation":"http_request","duration":12.6729,"method":"GET","url":"/assets/css/core/variables.css","status":200}
{"timestamp":"2025-11-04T22:53:45.218Z","requestId":"2c49419f-1455-433d-b245-7770f60f77dc","operation":"http_request","duration":16.5351,"method":"GET","url":"/assets/images/insta.png","status":200}
{"timestamp":"2025-11-04T22:53:45.221Z","requestId":"51a69a3b-a616-45f7-b23a-1e19b1e5498d","operation":"http_request","duration":16.6662,"method":"GET","url":"/assets/images/linkedin.png","status":200}
{"timestamp":"2025-11-04T22:53:45.225Z","requestId":"037d64a5-ae54-4cdb-b449-e14aab0b8d88","operation":"http_request","duration":15.6799,"method":"GET","url":"/assets/js/bundle.min.js","status":200}
{"timestamp":"2025-11-04T22:53:45.234Z","requestId":"182a8682-ec3d-4e96-ab2f-a37247e2c7a2","operation":"http_request","duration":20.8616,"method":"GET","url":"/assets/js/google-maps-integration.js","status":404}
{"timestamp":"2025-11-04T22:53:45.236Z","requestId":"86c1d840-5765-4ddf-9547-8e734f2c1353","operation":"http_request","duration":21.1631,"method":"GET","url":"/assets/js/encontrar-transporte.js","status":404}
{"timestamp":"2025-11-04T22:53:45.303Z","requestId":"6db22544-f32c-4817-b332-ca87ee74c63e","operation":"http_request","duration":4.8124,"method":"GET","url":"/assets/images/favicon.ico","status":200}
{"timestamp":"2025-11-04T22:53:45.307Z","requestId":"eeda0640-e9f9-4c8c-83f1-4d50ccc07d94","operation":"http_request","duration":12.7157,"method":"GET","url":"/api/rastreamento/viagem-ativa","status":404}
{"timestamp":"2025-11-04T22:53:45.310Z","requestId":"841de06a-48b5-40d1-9e5a-dd0afaaa97b3","operation":"http_request","duration":13.7125,"method":"GET","url":"/api/rastreamento/estatisticas","status":404}
{"timestamp":"2025-11-04T22:53:53.475Z","requestId":"aedf5257-ebee-4925-ae91-0247b7a2f85a","operation":"http_request","duration":7.4982,"method":"GET","url":"/sobre.html","status":200}
{"timestamp":"2025-11-04T22:53:53.534Z","requestId":"b7c1b5e5-5363-4904-ab61-01e8b9cd5a1f","operation":"http_request","duration":20.4031,"method":"GET","url":"/assets/css/bundle.min.css","status":200}
{"timestamp":"2025-11-04T22:53:53.538Z","requestId":"25584b10-5fca-4b54-8805-e3a516bc588c","operation":"http_request","duration":22.5376,"method":"GET","url":"/assets/css/core/color-fix.css","status":200}
{"timestamp":"2025-11-04T22:53:53.542Z","requestId":"2e291b4b-7706-4cb7-b9a7-d6222db5dca0","operation":"http_request","duration":22.4535,"method":"GET","url":"/assets/images/logo.png","status":200}
{"timestamp":"2025-11-04T22:53:53.548Z","requestId":"214a20bb-b018-4033-8ca1-cd2d0f75dee6","operation":"http_request","duration":19.3143,"method":"GET","url":"/assets/js/bundle.min.js","status":200}
{"timestamp":"2025-11-04T22:53:53.552Z","requestId":"f464800a-d1b0-42e1-a44c-c77a77eb0f5a","operation":"http_request","duration":20.7357,"method":"GET","url":"/assets/images/face.png","status":200}
{"timestamp":"2025-11-04T22:53:53.563Z","requestId":"f1a35378-c10f-45b3-9825-d55b171e2c5e","operation":"http_request","duration":38.2685,"method":"GET","url":"/assets/js/animations/animacoes-sobre.js","status":404}
{"timestamp":"2025-11-04T22:53:53.580Z","requestId":"678ba045-5075-448a-bfb1-1ecb2831c824","operation":"http_request","duration":13.1685,"method":"GET","url":"/assets/images/insta.png","status":200}
{"timestamp":"2025-11-04T22:53:53.586Z","requestId":"47801016-80c4-475e-a130-d2c032c6c31c","operation":"http_request","duration":11.1249,"method":"GET","url":"/assets/images/linkedin.png","status":200}
{"timestamp":"2025-11-04T22:53:53.663Z","requestId":"7ca0cc0d-f8a5-440a-97f3-c1f616030407","operation":"http_request","duration":6.8525,"method":"GET","url":"/api/rastreamento/viagem-ativa","status":404}
{"timestamp":"2025-11-04T22:53:53.668Z","requestId":"8b782d65-a729-427a-bf2c-9c76f2371e61","operation":"http_request","duration":7.5854,"method":"GET","url":"/api/rastreamento/estatisticas","status":404}
{"timestamp":"2025-11-04T22:53:58.667Z","requestId":"6092e5e7-e181-4436-9581-cc940e6c3030","operation":"http_request","duration":7.1958,"method":"GET","url":"/assets/images/joao-silva.svg","status":200}
{"timestamp":"2025-11-04T22:53:58.671Z","requestId":"55db2a9a-3e07-4a58-99fe-b287b6e5f902","operation":"http_request","duration":8.5045,"method":"GET","url":"/assets/images/maria-santos.svg","status":200}
{"timestamp":"2025-11-04T22:53:58.717Z","requestId":"c0edba55-b815-4de2-b33f-43ef24a554f3","operation":"http_request","duration":8.2342,"method":"GET","url":"/assets/images/carlos-oliveira.svg","status":200}
{"timestamp":"2025-11-04T22:53:58.720Z","requestId":"10bbd540-1be3-4ac4-9233-e145811286b8","operation":"http_request","duration":8.5039,"method":"GET","url":"/assets/images/ana-costa.svg","status":200}
{"timestamp":"2025-11-04T22:54:16.584Z","requestId":"cd218d96-120a-4b0f-a27e-1441bdf977c7","operation":"http_request","duration":6.514,"method":"GET","url":"/auth/login.html","status":200}
{"timestamp":"2025-11-04T22:54:16.628Z","requestId":"7e5dcb19-df44-47e1-a0ec-fa617d0df376","operation":"http_request","duration":4.0004,"method":"GET","url":"/assets/css/bundle.min.css","status":200}
{"timestamp":"2025-11-04T22:54:16.650Z","requestId":"7a51e568-a7ce-4d12-bc4f-21d69a601fb8","operation":"http_request","duration":18.561,"method":"GET","url":"/assets/css/components/loading.css","status":200}
{"timestamp":"2025-11-04T22:54:16.654Z","requestId":"2181880f-e6c9-4a9e-9ace-1b272c3e7e4e","operation":"http_request","duration":15.8417,"method":"GET","url":"/assets/css/core/color-fix.css","status":200}
{"timestamp":"2025-11-04T22:54:16.657Z","requestId":"67fed200-fdec-4f9e-96ba-bf2e3616e7d1","operation":"http_request","duration":15.5009,"method":"GET","url":"/assets/js/core/config.js","status":200}
{"timestamp":"2025-11-04T22:54:16.661Z","requestId":"1890566b-1a1e-4cb1-ba38-b9b19ed8ed8e","operation":"http_request","duration":16.9069,"method":"GET","url":"/assets/js/core/routes.js","status":200}
{"timestamp":"2025-11-04T22:54:16.664Z","requestId":"79b72290-b04b-4010-8c0d-c083f522f16b","operation":"http_request","duration":18.1125,"method":"GET","url":"/assets/js/core/auth-manager.js","status":200}
{"timestamp":"2025-11-04T22:54:16.707Z","requestId":"18991e0b-6f46-4973-bc36-f2e77454232b","operation":"http_request","duration":25.6047,"method":"GET","url":"/assets/js/core/form-validator.js","status":200}
{"timestamp":"2025-11-04T22:54:16.711Z","requestId":"1a73b727-29ae-4c0c-8c54-6ccd53f2feba","operation":"http_request","duration":20.6785,"method":"GET","url":"/assets/js/api/mock-api.js","status":200}
{"timestamp":"2025-11-04T22:54:16.714Z","requestId":"23a85fca-5309-460e-b2dc-3af21f3ad7b0","operation":"http_request","duration":18.5323,"method":"GET","url":"/assets/js/core/ui-utils.js","status":200}
{"timestamp":"2025-11-04T22:54:16.720Z","requestId":"2c699154-921a-4eb4-badd-819ef5cc06fa","operation":"http_request","duration":27.5899,"method":"GET","url":"/assets/js/core/cache-manager.js","status":200}
{"timestamp":"2025-11-04T22:54:16.725Z","requestId":"7880a2f7-a165-4108-9f6c-104b5b4f4730","operation":"http_request","duration":24.0281,"method":"GET","url":"/assets/images/logo.png","status":200}
{"timestamp":"2025-11-04T22:54:16.728Z","requestId":"ffa00704-1b78-4de8-be55-1f391054ee46","operation":"http_request","duration":23.9642,"method":"GET","url":"/assets/images/face.png","status":200}
{"timestamp":"2025-11-04T22:54:16.811Z","requestId":"1982bc3f-056a-48be-ae17-8d59cf9662a3","operation":"http_request","duration":22.4577,"method":"GET","url":"/assets/js/components/loading.js","status":200}
{"timestamp":"2025-11-04T22:54:16.820Z","requestId":"41143f64-31fb-4aa0-b812-5ca378844741","operation":"http_request","duration":27.3581,"method":"GET","url":"/assets/images/insta.png","status":200}
{"timestamp":"2025-11-04T22:54:16.823Z","requestId":"21a97212-9073-43a6-99f4-c6cc8104e3c4","operation":"http_request","duration":27.3803,"method":"GET","url":"/assets/images/linkedin.png","status":200}
{"timestamp":"2025-11-04T22:54:16.826Z","requestId":"3a995f36-10bc-41f0-b426-105742b8c35d","operation":"http_request","duration":25.6543,"method":"GET","url":"/assets/js/core/app.js","status":200}
{"timestamp":"2025-11-04T22:54:16.868Z","requestId":"c99b8bac-763d-4715-b7ad-d23f87fca9dc","operation":"http_request","duration":4.8518,"method":"GET","url":"/assets/js/core/api-client.js","status":200}
{"timestamp":"2025-11-04T22:54:16.888Z","requestId":"3c64fdd0-5eb7-4669-89cf-67c96ad609b2","operation":"http_request","duration":3.7805,"method":"GET","url":"/assets/js/core/config.js","status":200}
{"timestamp":"2025-11-04T22:54:22.767Z","requestId":"5cb68287-e34b-4eef-aa40-4aeed9ebbade","operation":"http_request","duration":4.7943,"method":"GET","url":"/index.html","status":200}
{"timestamp":"2025-11-04T22:54:22.806Z","requestId":"d510b681-167c-4b1c-ac3c-d4602d09eb8e","operation":"http_request","duration":3.5106,"method":"GET","url":"/assets/css/bundle.min.css","status":200}
{"timestamp":"2025-11-04T22:54:22.834Z","requestId":"3c8f0dcb-b0c7-487f-aa39-34b95e1e0fcb","operation":"http_request","duration":17.9968,"method":"GET","url":"/assets/css/core/color-fix.css","status":200}
{"timestamp":"2025-11-04T22:54:22.838Z","requestId":"867c1478-28d8-4207-a81b-c81638a21a8e","operation":"http_request","duration":16.5628,"method":"GET","url":"/assets/images/mulher%20andando%20na%20cidade.jpg","status":200}
{"timestamp":"2025-11-04T22:54:22.841Z","requestId":"9d64419a-3ae6-4e1b-84b5-832de6067d59","operation":"http_request","duration":16.2796,"method":"GET","url":"/assets/js/core/app.js","status":200}
{"timestamp":"2025-11-04T22:54:22.843Z","requestId":"1dc87179-0bb3-41aa-89a7-e6d918611a97","operation":"http_request","duration":15.5641,"method":"GET","url":"/assets/images/logo.png","status":200}
{"timestamp":"2025-11-04T22:54:22.846Z","requestId":"20f9d2f9-77ce-4462-a4b6-00c1f32d20d8","operation":"http_request","duration":16.4651,"method":"GET","url":"/assets/js/bundle.min.js","status":200}
{"timestamp":"2025-11-04T22:54:22.866Z","requestId":"9617b8f6-edfb-49b7-832f-06e7e5733f0b","operation":"http_request","duration":10.8034,"method":"GET","url":"/assets/js/animations/animacoes-index.js","status":404}
{"timestamp":"2025-11-04T22:54:22.909Z","requestId":"ea972a19-2f6a-43f8-a4a6-df6c91463a5b","operation":"http_request","duration":15.7568,"method":"GET","url":"/assets/images/crian%C3%A7as.png","status":200}
{"timestamp":"2025-11-04T22:54:22.913Z","requestId":"0c4e54b0-e1d8-4a48-80b7-1bde9de23173","operation":"http_request","duration":14.9903,"method":"GET","url":"/assets/images/transporte-turismo-viagem-rodoviaria-e-conceito-de-pessoas-grupo-de-passageiros-felizes.png","status":200}
{"timestamp":"2025-11-04T22:54:22.916Z","requestId":"e9d8db5c-fd11-4ad0-ade4-b3612c749d7b","operation":"http_request","duration":13.599,"method":"GET","url":"/assets/images/transporte-executivo-de-pessoas-preco.png","status":200}
{"timestamp":"2025-11-04T22:54:22.919Z","requestId":"7f8b47b9-a168-42dc-ba67-5fd744579d42","operation":"http_request","duration":13.2155,"method":"GET","url":"/assets/images/guns2.jpg","status":200}
{"timestamp":"2025-11-04T22:54:22.943Z","requestId":"5a84c818-5996-41ca-963f-381444350311","operation":"http_request","duration":20.2617,"method":"GET","url":"/api/rastreamento/viagem-ativa","status":404}
{"timestamp":"2025-11-04T22:54:22.963Z","requestId":"1f59922b-8988-4ffb-9e29-396b566425e6","operation":"http_request","duration":6.6008,"method":"GET","url":"/manifest.json","status":200}
{"timestamp":"2025-11-04T22:54:22.966Z","requestId":"faed107a-f06c-47ee-b36a-e8e989071ada","operation":"http_request","duration":7.4852,"method":"GET","url":"/assets/images/favicon.ico","status":200}
{"timestamp":"2025-11-04T22:54:22.984Z","requestId":"25ab6fdd-8889-4643-bdee-ab82ce296af9","operation":"http_request","duration":7.7397,"method":"GET","url":"/assets/images/icon-512.png","status":200}
{"timestamp":"2025-11-04T22:54:22.987Z","requestId":"512752d8-2961-4bfe-9adb-bb18454c9907","operation":"http_request","duration":7.3841,"method":"GET","url":"/assets/images/icon-192.svg","status":200}
{"timestamp":"2025-11-04T22:54:26.020Z","requestId":"9d5cc267-5a13-4c9c-bbd5-19ecf44bc3e0","operation":"http_request","duration":9.2093,"method":"GET","url":"/cadastro-escolar.html","status":200}
{"timestamp":"2025-11-04T22:54:26.094Z","requestId":"b032226e-8889-4b20-ab9d-21ae3e3b7f84","operation":"http_request","duration":5.9593,"method":"GET","url":"/assets/css/bundle.min.css","status":200}
{"timestamp":"2025-11-04T22:54:26.114Z","requestId":"ffb94cea-efbd-45bc-bff9-780b1d6f49c5","operation":"http_request","duration":16.4732,"method":"GET","url":"/assets/css/core/color-fix.css","status":200}
{"timestamp":"2025-11-04T22:54:26.119Z","requestId":"1a75c12a-a751-40a0-a794-776516d08437","operation":"http_request","duration":18.3089,"method":"GET","url":"/assets/css/components/loading.css","status":200}
{"timestamp":"2025-11-04T22:54:26.122Z","requestId":"99ed3643-44ca-40f4-b732-a6ef1d524335","operation":"http_request","duration":19.1641,"method":"GET","url":"/assets/js/core/form-validator.js","status":200}
{"timestamp":"2025-11-04T22:54:26.125Z","requestId":"45e09a32-961e-4771-9f69-bca79a28b889","operation":"http_request","duration":19.4073,"method":"GET","url":"/assets/images/logo.png","status":200}
{"timestamp":"2025-11-04T22:54:26.127Z","requestId":"73b88a42-1a57-4dc9-947e-0f12c9da04f1","operation":"http_request","duration":19.975,"method":"GET","url":"/assets/images/face.png","status":200}
{"timestamp":"2025-11-04T22:54:26.154Z","requestId":"5529bedd-8a24-44b3-a12e-9fc42464a311","operation":"http_request","duration":11.2948,"method":"GET","url":"/assets/images/linkedin.png","status":200}
{"timestamp":"2025-11-04T22:54:26.163Z","requestId":"455e0487-6818-44ed-a88a-93f098307e2e","operation":"http_request","duration":14.341,"method":"GET","url":"/assets/images/insta.png","status":200}
{"timestamp":"2025-11-04T22:54:26.197Z","requestId":"9e329cc6-9e4a-42d7-a6dc-6c034561b0c6","operation":"http_request","duration":22.7055,"method":"GET","url":"/assets/js/bundle.min.js","status":200}
{"timestamp":"2025-11-04T22:54:26.200Z","requestId":"0034af7b-880b-4437-86fd-be903ab6b944","operation":"http_request","duration":21.4928,"method":"GET","url":"/assets/js/components/loading.js","status":200}
{"timestamp":"2025-11-04T22:54:26.283Z","requestId":"2d061188-376d-4415-9b32-5cfbd9d4e39c","operation":"http_request","duration":5.2545,"method":"GET","url":"/api/rastreamento/viagem-ativa","status":404}
{"timestamp":"2025-11-04T22:54:36.612Z","requestId":"a93ba59b-7e8b-4edd-9850-f59a837622df","operation":"http_request","duration":9.1963,"method":"GET","url":"/cadastro-excursao.html","status":200}
{"timestamp":"2025-11-04T22:54:36.687Z","requestId":"4de068a9-4289-471b-9b00-cfa078bd1e7e","operation":"http_request","duration":5.8425,"method":"GET","url":"/assets/css/bundle.min.css","status":200}
{"timestamp":"2025-11-04T22:54:36.709Z","requestId":"d2e2e7d5-fa90-47e5-87e2-a2f8cd425fda","operation":"http_request","duration":18.6377,"method":"GET","url":"/assets/css/core/color-fix.css","status":200}
{"timestamp":"2025-11-04T22:54:36.714Z","requestId":"d5a954f2-4ec8-4039-b779-66bd8c67f3ec","operation":"http_request","duration":16.8097,"method":"GET","url":"/assets/css/components/loading.css","status":200}
{"timestamp":"2025-11-04T22:54:36.716Z","requestId":"b707a36b-9053-40c2-9faa-b201218b3f80","operation":"http_request","duration":17.5076,"method":"GET","url":"/assets/js/core/form-validator.js","status":200}
{"timestamp":"2025-11-04T22:54:36.719Z","requestId":"2936169b-81d2-4a54-9f24-51c935af6c2a","operation":"http_request","duration":16.4062,"method":"GET","url":"/assets/images/logo.png","status":200}
{"timestamp":"2025-11-04T22:54:36.721Z","requestId":"6c97ae4d-ff96-4af7-b0ff-767464aa89c4","operation":"http_request","duration":16.2309,"method":"GET","url":"/assets/images/face.png","status":200}
{"timestamp":"2025-11-04T22:54:36.752Z","requestId":"195e1cb5-adb6-4582-b3b4-90d55e4122b4","operation":"http_request","duration":14.6136,"method":"GET","url":"/assets/images/insta.png","status":200}
{"timestamp":"2025-11-04T22:54:36.755Z","requestId":"0ae8b1f4-6812-4070-a85c-1dcdd6132ffb","operation":"http_request","duration":14.8464,"method":"GET","url":"/assets/images/linkedin.png","status":200}
{"timestamp":"2025-11-04T22:54:36.758Z","requestId":"f3857c27-462e-4998-9b77-ca9bdf32035e","operation":"http_request","duration":14.7637,"method":"GET","url":"/assets/js/bundle.min.js","status":200}
{"timestamp":"2025-11-04T22:54:36.760Z","requestId":"558fd646-5bda-4f75-a1fe-fe14bc28404c","operation":"http_request","duration":15.2066,"method":"GET","url":"/assets/js/components/loading.js","status":200}
{"timestamp":"2025-11-04T22:54:36.825Z","requestId":"9f92fcc0-8ef6-4c10-9b5a-a616b3f8941e","operation":"http_request","duration":7.5204,"method":"GET","url":"/api/rastreamento/viagem-ativa","status":404}
{"timestamp":"2025-11-04T22:54:50.385Z","requestId":"18c6d200-06a3-4e9e-befd-f49d9ff378ff","operation":"http_request","duration":6.9467,"method":"GET","url":"/index.html","status":200}
{"timestamp":"2025-11-04T22:54:50.443Z","requestId":"d86613b1-baa3-4ec5-9187-f5c043e6cc05","operation":"http_request","duration":3.8752,"method":"GET","url":"/assets/css/bundle.min.css","status":200}
{"timestamp":"2025-11-04T22:54:50.462Z","requestId":"484961d3-a5a0-4996-a0ae-1956ece2ef9c","operation":"http_request","duration":17.2642,"method":"GET","url":"/assets/images/mulher%20andando%20na%20cidade.jpg","status":200}
{"timestamp":"2025-11-04T22:54:50.466Z","requestId":"32667158-afb9-49e3-84dd-72ae7d6cd6f3","operation":"http_request","duration":17.7913,"method":"GET","url":"/assets/css/core/color-fix.css","status":200}
{"timestamp":"2025-11-04T22:54:50.470Z","requestId":"8d898d6d-46f2-478e-941e-ee47368cb667","operation":"http_request","duration":15.0036,"method":"GET","url":"/assets/images/logo.png","status":200}
{"timestamp":"2025-11-04T22:54:50.474Z","requestId":"f999f8aa-fdff-44d5-9cd2-1be0ddcece67","operation":"http_request","duration":21.6514,"method":"GET","url":"/assets/js/core/app.js","status":200}
{"timestamp":"2025-11-04T22:54:50.477Z","requestId":"f0cf5981-ee73-4849-be9e-3eaeb49e63ca","operation":"http_request","duration":19.7488,"method":"GET","url":"/assets/js/bundle.min.js","status":200}
{"timestamp":"2025-11-04T22:54:50.505Z","requestId":"fa31de79-ead1-4d9c-96df-07aa58accfaa","operation":"http_request","duration":11.5285,"method":"GET","url":"/assets/js/animations/animacoes-index.js","status":404}
{"timestamp":"2025-11-04T22:54:50.543Z","requestId":"3d50f851-c2eb-4cd3-8864-c670e63c15c2","operation":"http_request","duration":23.0355,"method":"GET","url":"/assets/images/crian%C3%A7as.png","status":200}
{"timestamp":"2025-11-04T22:54:50.546Z","requestId":"4a288abc-1e71-472c-9384-b5d9b686c50a","operation":"http_request","duration":21.5016,"method":"GET","url":"/assets/images/transporte-turismo-viagem-rodoviaria-e-conceito-de-pessoas-grupo-de-passageiros-felizes.png","status":200}
{"timestamp":"2025-11-04T22:54:50.549Z","requestId":"806a8fd0-6f3a-439a-a3a2-2009832398e4","operation":"http_request","duration":20.6711,"method":"GET","url":"/assets/images/transporte-executivo-de-pessoas-preco.png","status":200}
{"timestamp":"2025-11-04T22:54:50.552Z","requestId":"ae9dc908-606b-4d9c-8970-5fff8a273ad3","operation":"http_request","duration":20.7378,"method":"GET","url":"/assets/images/guns2.jpg","status":200}
{"timestamp":"2025-11-04T22:54:50.571Z","requestId":"705f63de-3caf-4acb-804f-10830d7e5cec","operation":"http_request","duration":15.0464,"method":"GET","url":"/api/rastreamento/viagem-ativa","status":404}
{"timestamp":"2025-11-04T22:54:50.591Z","requestId":"956a8801-7891-454a-bf01-396f89e37d31","operation":"http_request","duration":8.7704,"method":"GET","url":"/manifest.json","status":200}
{"timestamp":"2025-11-04T22:54:50.594Z","requestId":"f48f33b3-47ab-434b-adb4-1e2323a35d0f","operation":"http_request","duration":9.8485,"method":"GET","url":"/assets/images/favicon.ico","status":200}
{"timestamp":"2025-11-04T22:54:50.612Z","requestId":"cbebafa8-eacd-41c4-9a29-56a009b5acac","operation":"http_request","duration":6.6485,"method":"GET","url":"/assets/images/icon-512.png","status":200}
{"timestamp":"2025-11-04T22:54:50.615Z","requestId":"aecd88be-e6d1-4431-a74e-8ca26f41e2b7","operation":"http_request","duration":6.5975,"method":"GET","url":"/assets/images/icon-192.svg","status":200}
{"timestamp":"2025-11-04T23:39:11.674Z","requestId":"6551f76c-04e0-4029-88f0-02ff5dd0e22e","operation":"http_request","duration":26.2885,"method":"GET","url":"/index.html","status":200}
{"timestamp":"2025-11-04T23:39:11.741Z","requestId":"bcbe26c9-dd8c-4ade-a373-e07f76d27163","operation":"http_request","duration":29.4131,"method":"GET","url":"/assets/css/bundle.min.css","status":200}
{"timestamp":"2025-11-04T23:39:11.747Z","requestId":"8be08ebe-b783-42c5-836e-82c304a884fd","operation":"http_request","duration":28.776,"method":"GET","url":"/assets/images/mulher%20andando%20na%20cidade.jpg","status":200}
{"timestamp":"2025-11-04T23:39:11.752Z","requestId":"76d05d7e-b8fc-4e9c-827b-cfccd8dadb0c","operation":"http_request","duration":27.7974,"method":"GET","url":"/assets/css/core/force-visibility.css","status":200}
{"timestamp":"2025-11-04T23:39:11.757Z","requestId":"870bd24a-de2e-411d-924c-e8aec7b904cb","operation":"http_request","duration":30.1413,"method":"GET","url":"/assets/css/core/emergency-fix.css","status":200}
{"timestamp":"2025-11-04T23:39:11.761Z","requestId":"06d9b48e-a6af-4fcc-ae9d-86f416976a32","operation":"http_request","duration":31.0894,"method":"GET","url":"/assets/css/core/color-fix.css","status":200}
{"timestamp":"2025-11-04T23:39:11.768Z","requestId":"a37ac8a7-a4fc-4253-bb0c-c5b69b1cfa08","operation":"http_request","duration":32.0014,"method":"GET","url":"/assets/js/core/app.js","status":200}
{"timestamp":"2025-11-04T23:39:11.820Z","requestId":"8e535b8d-105f-4f6a-af29-46cb7f7c9194","operation":"http_request","duration":31.5991,"method":"GET","url":"/assets/js/core/page-detector.js","status":200}
{"timestamp":"2025-11-04T23:39:11.829Z","requestId":"062a9394-66b3-4515-847d-99d9d94276ef","operation":"http_request","duration":27.6324,"method":"GET","url":"/assets/images/logo.png","status":200}
{"timestamp":"2025-11-04T23:39:11.833Z","requestId":"ab11775c-f531-466c-844e-fcefa8eb91ed","operation":"http_request","duration":28.4436,"method":"GET","url":"/assets/js/bundle.min.js","status":200}
{"timestamp":"2025-11-04T23:39:11.856Z","requestId":"d1bc1721-17cd-4e49-92ff-eee4b34ec3a6","operation":"http_request","duration":40.9691,"method":"GET","url":"/assets/js/animations/animacoes-index.js","status":404}
{"timestamp":"2025-11-04T23:39:11.880Z","requestId":"cef854f8-8bd6-4221-9c0c-3dabf2b1f6ee","operation":"http_request","duration":17.2923,"method":"GET","url":"/assets/images/crian%C3%A7as.png","status":200}
{"timestamp":"2025-11-04T23:39:11.882Z","requestId":"b578e199-3032-4c51-a19d-d4ea3b283166","operation":"http_request","duration":16.5623,"method":"GET","url":"/assets/images/transporte-turismo-viagem-rodoviaria-e-conceito-de-pessoas-grupo-de-passageiros-felizes.png","status":200}
{"timestamp":"2025-11-04T23:39:11.885Z","requestId":"bfdb24e4-34ba-4036-a1e8-c5363dd0ae32","operation":"http_request","duration":17.3561,"method":"GET","url":"/assets/images/transporte-executivo-de-pessoas-preco.png","status":200}
{"timestamp":"2025-11-04T23:39:11.890Z","requestId":"530d1809-0228-4317-a8fc-a58c1d01f686","operation":"http_request","duration":18.3456,"method":"GET","url":"/assets/images/guns2.jpg","status":200}
{"timestamp":"2025-11-04T23:39:11.937Z","requestId":"e9814995-8d1d-41f6-9132-8dcbe15a57d9","operation":"http_request","duration":12.9638,"method":"GET","url":"/api/rastreamento/viagem-ativa","status":404}
{"timestamp":"2025-11-04T23:39:11.941Z","requestId":"c4d2af57-74df-4f80-978d-b16519547ff5","operation":"http_request","duration":14.3209,"method":"GET","url":"/api/rastreamento/estatisticas","status":404}
{"timestamp":"2025-11-04T23:39:11.949Z","requestId":"0fab9855-bd14-4eea-911a-bcfee2fcf002","operation":"http_request","duration":5.3074,"method":"GET","url":"/assets/images/favicon.ico","status":200}
{"timestamp":"2025-11-04T23:39:11.953Z","requestId":"20663220-0497-4e70-a047-e99c4b8ef936","operation":"http_request","duration":6.9976,"method":"GET","url":"/manifest.json","status":200}
{"timestamp":"2025-11-04T23:39:11.968Z","requestId":"531cbc9c-f21c-4756-9f8c-7917cbd8256d","operation":"http_request","duration":5.6765,"method":"GET","url":"/assets/images/icon-512.png","status":200}
{"timestamp":"2025-11-04T23:39:11.972Z","requestId":"604449c8-b31e-493e-af89-2eb8762b0996","operation":"http_request","duration":6.5274,"method":"GET","url":"/assets/images/icon-192.svg","status":200}
{"timestamp":"2025-11-04T23:39:20.963Z","requestId":"a6d494eb-d8d8-430d-aaa8-84f8aee457fc","operation":"http_request","duration":5.8698,"method":"GET","url":"/assets/images/ccxp1.jpg","status":200}
{"timestamp":"2025-11-04T23:39:22.530Z","requestId":"63a32575-af9f-4706-9c0e-07a40aec4fc6","operation":"http_request","duration":4.5235,"method":"GET","url":"/assets/images/Imagem_lollapalooza-brasil-2025.jpg","status":200}
{"timestamp":"2025-11-04T23:39:24.895Z","requestId":"b079cc40-41a7-4854-86a1-e7d88680a072","operation":"http_request","duration":18.1059,"method":"GET","url":"/assets/images/face.png","status":200}
{"timestamp":"2025-11-04T23:39:24.899Z","requestId":"829cce44-557c-4fad-bddc-902db3273c06","operation":"http_request","duration":13.5544,"method":"GET","url":"/assets/images/insta.png","status":200}
{"timestamp":"2025-11-04T23:39:24.905Z","requestId":"f1b9a398-f90b-4780-902d-1f9840e30b65","operation":"http_request","duration":15.9781,"method":"GET","url":"/assets/images/linkedin.png","status":200}
{"timestamp":"2025-11-04T23:39:29.118Z","requestId":"787bde4f-1224-4d62-8f4b-3074a4a4fdde","operation":"http_request","duration":6.4652,"method":"GET","url":"/index.html","status":200}
{"timestamp":"2025-11-04T23:39:29.176Z","requestId":"a289fc83-a699-445e-8f29-f52b00f0de75","operation":"http_request","duration":23.409,"method":"GET","url":"/assets/css/bundle.min.css","status":200}
{"timestamp":"2025-11-04T23:39:29.179Z","requestId":"d12705ba-0efc-49e4-bf62-6adf06fb365b","operation":"http_request","duration":23.5068,"method":"GET","url":"/assets/images/mulher%20andando%20na%20cidade.jpg","status":200}
{"timestamp":"2025-11-04T23:39:29.183Z","requestId":"11a7b716-979a-4383-bbd6-490b1bf61e49","operation":"http_request","duration":24.7709,"method":"GET","url":"/assets/js/core/app.js","status":200}
{"timestamp":"2025-11-04T23:39:29.187Z","requestId":"20fbb2b9-a830-4874-87a8-7d8a466ec06e","operation":"http_request","duration":25.5753,"method":"GET","url":"/assets/css/core/color-fix.css","status":200}
{"timestamp":"2025-11-04T23:39:29.190Z","requestId":"1ca4a4cf-2d36-495c-b6b5-8440debe486e","operation":"http_request","duration":22.8135,"method":"GET","url":"/assets/css/core/force-visibility.css","status":200}
{"timestamp":"2025-11-04T23:39:29.197Z","requestId":"a9345ee8-dbe6-4b3e-a761-5149561b124b","operation":"http_request","duration":24.5554,"method":"GET","url":"/assets/css/core/emergency-fix.css","status":200}
{"timestamp":"2025-11-04T23:39:29.232Z","requestId":"d884fa13-7f49-4151-a1f2-8d1351397665","operation":"http_request","duration":11.9704,"method":"GET","url":"/assets/js/core/page-detector.js","status":200}
{"timestamp":"2025-11-04T23:39:29.237Z","requestId":"dfc1f0ce-d8c2-4461-b42b-4eb36fea1803","operation":"http_request","duration":13.1585,"method":"GET","url":"/assets/images/logo.png","status":200}
{"timestamp":"2025-11-04T23:39:29.239Z","requestId":"b28665d1-6827-4039-9708-89d480dedf92","operation":"http_request","duration":13.5256,"method":"GET","url":"/assets/js/bundle.min.js","status":200}
{"timestamp":"2025-11-04T23:39:29.254Z","requestId":"672ba96f-e16f-4ee9-8035-12ed65c9a43a","operation":"http_request","duration":25.7245,"method":"GET","url":"/assets/js/animations/animacoes-index.js","status":404}
{"timestamp":"2025-11-04T23:39:29.278Z","requestId":"d0c6484a-fc51-4f8c-8a1e-ae6108690915","operation":"http_request","duration":17.3887,"method":"GET","url":"/assets/images/crian%C3%A7as.png","status":200}
{"timestamp":"2025-11-04T23:39:29.280Z","requestId":"c1db9fc4-5597-404e-9ce1-551abdb12185","operation":"http_request","duration":17.6842,"method":"GET","url":"/assets/images/transporte-turismo-viagem-rodoviaria-e-conceito-de-pessoas-grupo-de-passageiros-felizes.png","status":200}
{"timestamp":"2025-11-04T23:39:29.283Z","requestId":"f31da997-badc-4aa5-8e79-e5d72ab091c1","operation":"http_request","duration":18.1396,"method":"GET","url":"/assets/images/transporte-executivo-de-pessoas-preco.png","status":200}
{"timestamp":"2025-11-04T23:39:29.294Z","requestId":"948297da-ef47-4baf-9eff-e44be60d7d87","operation":"http_request","duration":22.2929,"method":"GET","url":"/assets/images/guns2.jpg","status":200}
{"timestamp":"2025-11-04T23:39:29.360Z","requestId":"f99f9acb-b0b6-4320-aa3e-97f1823110ca","operation":"http_request","duration":14.5114,"method":"GET","url":"/api/rastreamento/viagem-ativa","status":404}
{"timestamp":"2025-11-04T23:39:29.363Z","requestId":"4683937e-11b0-425c-8025-9522bd6d3706","operation":"http_request","duration":12.7791,"method":"GET","url":"/api/rastreamento/estatisticas","status":404}
{"timestamp":"2025-11-04T23:39:29.374Z","requestId":"c57024ec-d799-411d-bba2-82d5014e7c8c","operation":"http_request","duration":8.4366,"method":"GET","url":"/manifest.json","status":200}
{"timestamp":"2025-11-04T23:39:29.377Z","requestId":"e0460e2f-af5b-4b95-8da8-5a6fe30a6d19","operation":"http_request","duration":8.0368,"method":"GET","url":"/assets/images/favicon.ico","status":200}
{"timestamp":"2025-11-04T23:39:29.397Z","requestId":"3a2ce0ad-92e8-41e8-88ce-135fa973b6fe","operation":"http_request","duration":7.1252,"method":"GET","url":"/assets/images/icon-512.png","status":200}
{"timestamp":"2025-11-04T23:39:29.401Z","requestId":"1f2d4ae2-2957-4c43-877c-aa00cf78f887","operation":"http_request","duration":8.5515,"method":"GET","url":"/assets/images/icon-192.svg","status":200}
{"timestamp":"2025-11-04T23:39:31.927Z","requestId":"791f0e79-2e58-4665-a402-c226180374bf","operation":"http_request","duration":6.0247,"method":"GET","url":"/planos.html","status":200}
{"timestamp":"2025-11-04T23:39:31.990Z","requestId":"ae817f41-ecf0-45c1-8a01-4fd785b92dda","operation":"http_request","duration":18.6554,"method":"GET","url":"/assets/css/bundle.min.css","status":200}
{"timestamp":"2025-11-04T23:39:31.993Z","requestId":"e3846962-73d6-4e56-839f-ef54f78a6203","operation":"http_request","duration":18.6719,"method":"GET","url":"/assets/css/core/color-fix.css","status":200}
{"timestamp":"2025-11-04T23:39:32.000Z","requestId":"45535390-f8fc-4b35-a3ca-cbc7e08d7a9f","operation":"http_request","duration":22.388,"method":"GET","url":"/assets/css/core/force-visibility.css","status":200}
{"timestamp":"2025-11-04T23:39:32.003Z","requestId":"da25a3c4-685f-40df-9ca8-5c84e73163ba","operation":"http_request","duration":23.0523,"method":"GET","url":"/assets/css/core/emergency-fix.css","status":200}
{"timestamp":"2025-11-04T23:39:32.005Z","requestId":"34ef56ac-fd55-48e8-8197-b969dcc45b49","operation":"http_request","duration":22.1349,"method":"GET","url":"/assets/css/planos.css","status":200}
{"timestamp":"2025-11-04T23:39:32.010Z","requestId":"9af59ece-4951-4121-aa8e-907a2e78b59a","operation":"http_request","duration":24.5336,"method":"GET","url":"/assets/images/logo.png","status":200}
{"timestamp":"2025-11-04T23:39:32.046Z","requestId":"117eafb5-ee04-4582-8678-45879261a13d","operation":"http_request","duration":22.1855,"method":"GET","url":"/assets/js/core/page-detector.js","status":200}
{"timestamp":"2025-11-04T23:39:32.056Z","requestId":"5e5e0c41-3321-4215-ab5e-86040ca2e843","operation":"http_request","duration":19.6474,"method":"GET","url":"/assets/images/face.png","status":200}
{"timestamp":"2025-11-04T23:39:32.066Z","requestId":"13cd4b80-211e-4a6d-af0d-78baf3ca9e5f","operation":"http_request","duration":27.0105,"method":"GET","url":"/assets/images/insta.png","status":200}
{"timestamp":"2025-11-04T23:39:32.072Z","requestId":"2cc19510-d2bf-4bc1-9ffb-df799d40382d","operation":"http_request","duration":29.2922,"method":"GET","url":"/assets/images/linkedin.png","status":200}
{"timestamp":"2025-11-04T23:39:32.082Z","requestId":"bc90d632-07c1-4cfd-93a8-9a277cb1fd79","operation":"http_request","duration":19.1312,"method":"GET","url":"/assets/css/core/variables.css","status":200}
{"timestamp":"2025-11-04T23:39:32.106Z","requestId":"d610aaf9-9614-4b20-a156-b3777eebcc2f","operation":"http_request","duration":12.7802,"method":"GET","url":"/assets/js/bundle.min.js","status":200}
{"timestamp":"2025-11-04T23:39:32.139Z","requestId":"c8fd67cb-994b-4edb-bb96-0479c31798f5","operation":"http_request","duration":25.8752,"method":"GET","url":"/assets/js/planos.js","status":404}
{"timestamp":"2025-11-04T23:39:32.170Z","requestId":"f9867848-be8c-46c8-8952-ecbe295301d1","operation":"http_request","duration":20.1413,"method":"GET","url":"/assets/js/animations/animacoes-planos.js","status":404}
{"timestamp":"2025-11-04T23:39:32.203Z","requestId":"9c17fcd0-52e0-4c83-8b5e-25347689e6d5","operation":"http_request","duration":9.3587,"method":"GET","url":"/api/rastreamento/viagem-ativa","status":404}
{"timestamp":"2025-11-04T23:39:32.206Z","requestId":"26192086-508e-4415-b041-0d7e5577ef4a","operation":"http_request","duration":9.7534,"method":"GET","url":"/api/rastreamento/estatisticas","status":404}
{"timestamp":"2025-11-04T23:39:35.599Z","requestId":"7c9534c1-35ae-4851-affd-05863164b9ad","operation":"http_request","duration":4.7347,"method":"GET","url":"/contato.html","status":200}
{"timestamp":"2025-11-04T23:39:35.637Z","requestId":"353ed9c5-cc5b-4984-88c7-9b9efc231025","operation":"http_request","duration":3.6606,"method":"GET","url":"/assets/css/bundle.min.css","status":200}
{"timestamp":"2025-11-04T23:39:35.660Z","requestId":"9154cb3d-1d00-4b76-8060-9a7ec423bbca","operation":"http_request","duration":20.3015,"method":"GET","url":"/assets/js/core/app.js","status":200}
{"timestamp":"2025-11-04T23:39:35.665Z","requestId":"c62f9a64-8243-406b-8036-837ad1b19f82","operation":"http_request","duration":21.6587,"method":"GET","url":"/assets/css/core/color-fix.css","status":200}
{"timestamp":"2025-11-04T23:39:35.669Z","requestId":"01754754-acff-457e-b348-cabb5766e9f4","operation":"http_request","duration":22.1107,"method":"GET","url":"/assets/css/core/force-visibility.css","status":200}
{"timestamp":"2025-11-04T23:39:35.673Z","requestId":"d91d0643-1331-4d07-899e-313783bd34bf","operation":"http_request","duration":22.7297,"method":"GET","url":"/assets/css/core/emergency-fix.css","status":200}
{"timestamp":"2025-11-04T23:39:35.677Z","requestId":"29beb60e-bc06-453b-967e-31ae4f419cd9","operation":"http_request","duration":23.4557,"method":"GET","url":"/assets/images/logo.png","status":200}
{"timestamp":"2025-11-04T23:39:35.701Z","requestId":"4847d267-6a58-4902-911d-56245e44c634","operation":"http_request","duration":7.6457,"method":"GET","url":"/assets/js/bundle.min.js","status":200}
{"timestamp":"2025-11-04T23:39:35.707Z","requestId":"5124c99b-84ae-4a01-b7ac-03a6d3070100","operation":"http_request","duration":10.3947,"method":"GET","url":"/assets/js/animations/animacoes-index.js","status":404}
{"timestamp":"2025-11-04T23:39:35.739Z","requestId":"67d8172a-e809-46c1-a5d9-ac0bf2341030","operation":"http_request","duration":5.8756,"method":"GET","url":"/api/rastreamento/viagem-ativa","status":404}
{"timestamp":"2025-11-04T23:39:35.742Z","requestId":"ed160703-4f76-4520-a874-e84d8e6c619f","operation":"http_request","duration":6.0655,"method":"GET","url":"/api/rastreamento/estatisticas","status":404}
{"timestamp":"2025-11-04T23:39:35.752Z","requestId":"3042f87b-b795-4a48-9c3a-616a9bd76cd6","operation":"http_request","duration":6.5594,"method":"GET","url":"/manifest.json","status":200}
{"timestamp":"2025-11-04T23:39:35.755Z","requestId":"1c8380ae-52df-478b-9eea-71e7e7e11025","operation":"http_request","duration":7.6504,"method":"GET","url":"/assets/images/favicon.ico","status":200}
{"timestamp":"2025-11-04T23:39:35.775Z","requestId":"0d294045-477a-4175-9fe7-6185aabe55c0","operation":"http_request","duration":6.2257,"method":"GET","url":"/assets/images/icon-512.png","status":200}
{"timestamp":"2025-11-04T23:39:35.778Z","requestId":"26572a0e-03dd-46b2-98fa-35dd73eaf9ea","operation":"http_request","duration":6.8604,"method":"GET","url":"/assets/images/icon-192.svg","status":200}
{"timestamp":"2025-11-04T23:39:37.351Z","requestId":"0aaa4542-9fd1-480a-b572-e759dcef862f","operation":"http_request","duration":11.6347,"method":"GET","url":"/assets/images/face.png","status":200}
{"timestamp":"2025-11-04T23:39:37.353Z","requestId":"2d0b2257-fbb9-43ae-a189-b3fea65ad2aa","operation":"http_request","duration":11.0016,"method":"GET","url":"/assets/images/insta.png","status":200}
{"timestamp":"2025-11-04T23:39:37.355Z","requestId":"ce243535-ad47-406f-a7d1-e55ebaedd47e","operation":"http_request","duration":10.8134,"method":"GET","url":"/assets/images/linkedin.png","status":200}
{"timestamp":"2025-11-04T23:39:43.392Z","requestId":"11a53bcf-b029-4733-886c-5c56364560b1","operation":"http_request","duration":2.8486,"method":"GET","url":"/encontrar-transporte.html","status":200}
{"timestamp":"2025-11-04T23:39:43.435Z","requestId":"fcab7a55-b55a-4ca1-a8e1-323de4ed2cc4","operation":"http_request","duration":4.1492,"method":"GET","url":"/assets/css/bundle.min.css","status":200}
{"timestamp":"2025-11-04T23:39:43.462Z","requestId":"7511890a-0028-40ac-ae71-5c2e1e19e862","operation":"http_request","duration":22.5088,"method":"GET","url":"/assets/css/core/color-fix.css","status":200}
{"timestamp":"2025-11-04T23:39:43.466Z","requestId":"ab0f697a-2c05-4fb0-8a27-c57fb43d46f9","operation":"http_request","duration":19.9406,"method":"GET","url":"/assets/css/core/force-visibility.css","status":200}
{"timestamp":"2025-11-04T23:39:43.469Z","requestId":"d85c860f-dda1-42e9-899a-285729d82916","operation":"http_request","duration":17.6446,"method":"GET","url":"/assets/css/core/emergency-fix.css","status":200}
{"timestamp":"2025-11-04T23:39:43.472Z","requestId":"c020ab71-4b81-4c77-8985-dc3a7d9ce8c5","operation":"http_request","duration":17.427,"method":"GET","url":"/assets/css/encontrar-transporte.css","status":200}
{"timestamp":"2025-11-04T23:39:43.475Z","requestId":"febff62a-3522-400d-8b0c-87905d4a7b32","operation":"http_request","duration":17.8783,"method":"GET","url":"/assets/libs/leaflet/leaflet.css","status":200}
{"timestamp":"2025-11-04T23:39:43.506Z","requestId":"5aa45aa8-b229-4d40-8e91-75deb15b21cb","operation":"http_request","duration":15.2419,"method":"GET","url":"/assets/libs/leaflet/leaflet.js","status":200}
{"timestamp":"2025-11-04T23:39:43.509Z","requestId":"b648f5bb-c45e-4c6b-8367-a78c93ce927f","operation":"http_request","duration":11.6208,"method":"GET","url":"/assets/images/logo.png","status":200}
{"timestamp":"2025-11-04T23:39:43.512Z","requestId":"9760b65f-a964-49ce-9444-52bfe6894ad5","operation":"http_request","duration":12.5249,"method":"GET","url":"/assets/images/face.png","status":200}
{"timestamp":"2025-11-04T23:39:43.517Z","requestId":"4c2b42ce-f73d-48d0-a93f-2f742d9091a1","operation":"http_request","duration":14.6292,"method":"GET","url":"/assets/css/core/variables.css","status":200}
{"timestamp":"2025-11-04T23:39:43.577Z","requestId":"89c1abbd-0f7b-4861-90f9-021f96ba8318","operation":"http_request","duration":13.1135,"method":"GET","url":"/assets/images/insta.png","status":200}
{"timestamp":"2025-11-04T23:39:43.582Z","requestId":"cd4434fe-1ca2-4b2e-8841-99e2544b5e4a","operation":"http_request","duration":14.0771,"method":"GET","url":"/assets/images/linkedin.png","status":200}
{"timestamp":"2025-11-04T23:39:43.585Z","requestId":"6bb6620f-657f-4715-9252-ec0964461645","operation":"http_request","duration":14.7598,"method":"GET","url":"/assets/js/bundle.min.js","status":200}
{"timestamp":"2025-11-04T23:39:43.595Z","requestId":"62c2151c-c78b-4c55-9ca1-d6c9d4124249","operation":"http_request","duration":20.2832,"method":"GET","url":"/assets/js/encontrar-transporte.js","status":404}
{"timestamp":"2025-11-04T23:39:43.599Z","requestId":"a6273918-67b8-45e8-bc41-1f899141f458","operation":"http_request","duration":25.7725,"method":"GET","url":"/assets/js/google-maps-integration.js","status":404}
{"timestamp":"2025-11-04T23:39:43.687Z","requestId":"02fa3d41-1c14-4aef-9bb6-b0487d0f28c1","operation":"http_request","duration":4.6572,"method":"GET","url":"/assets/images/favicon.ico","status":200}
{"timestamp":"2025-11-04T23:39:43.691Z","requestId":"c3b8639b-3e8f-4758-a421-b57a03adff23","operation":"http_request","duration":16.9209,"method":"GET","url":"/api/rastreamento/viagem-ativa","status":404}
{"timestamp":"2025-11-04T23:39:43.695Z","requestId":"8bec5905-c13b-489e-b100-f299156ea448","operation":"http_request","duration":19.0694,"method":"GET","url":"/api/rastreamento/estatisticas","status":404}
{"timestamp":"2025-11-04T23:39:49.249Z","requestId":"7702135b-445a-4000-a5bf-c1ea15c551b1","operation":"http_request","duration":3.605,"method":"GET","url":"/sobre.html","status":200}
{"timestamp":"2025-11-04T23:39:49.303Z","requestId":"7a050ec3-3758-428d-aee5-217e315771c7","operation":"http_request","duration":18.8994,"method":"GET","url":"/assets/css/bundle.min.css","status":200}
{"timestamp":"2025-11-04T23:39:49.306Z","requestId":"f8d6ffcb-b706-4570-9370-3fff8d3dca37","operation":"http_request","duration":18.629,"method":"GET","url":"/assets/css/core/color-fix.css","status":200}
{"timestamp":"2025-11-04T23:39:49.309Z","requestId":"ccfdc008-e012-478f-931a-031a9a12d356","operation":"http_request","duration":19.0774,"method":"GET","url":"/assets/css/core/force-visibility.css","status":200}
{"timestamp":"2025-11-04T23:39:49.312Z","requestId":"1e1220c8-d365-46de-8f03-8ba4d196f396","operation":"http_request","duration":18.341,"method":"GET","url":"/assets/css/core/emergency-fix.css","status":200}
{"timestamp":"2025-11-04T23:39:49.314Z","requestId":"8b72739a-c4b4-435f-9519-a0de7cdf9a47","operation":"http_request","duration":18.7567,"method":"GET","url":"/assets/images/logo.png","status":200}
{"timestamp":"2025-11-04T23:39:49.320Z","requestId":"f0a67cea-de0a-4f33-b84e-ddc61c644a47","operation":"http_request","duration":20.9465,"method":"GET","url":"/assets/js/core/page-detector.js","status":200}
{"timestamp":"2025-11-04T23:39:49.350Z","requestId":"9f7b86cb-79bc-4b8a-aca1-1d3450a1cbe0","operation":"http_request","duration":15.8199,"method":"GET","url":"/assets/js/bundle.min.js","status":200}
{"timestamp":"2025-11-04T23:39:49.356Z","requestId":"de89cde6-14a4-4a6c-a40c-b5f04731afc5","operation":"http_request","duration":14.3426,"method":"GET","url":"/assets/images/face.png","status":200}
{"timestamp":"2025-11-04T23:39:49.359Z","requestId":"cc61b4d1-3df3-48ed-ba30-5cafdff55a77","operation":"http_request","duration":15.955,"method":"GET","url":"/assets/images/insta.png","status":200}
{"timestamp":"2025-11-04T23:39:49.373Z","requestId":"e0e2e262-4786-4842-9765-f812ae73afda","operation":"http_request","duration":36.0443,"method":"GET","url":"/assets/js/animations/animacoes-sobre.js","status":404}
{"timestamp":"2025-11-04T23:39:49.384Z","requestId":"fc40e401-b6f4-415c-a12e-3144ef088625","operation":"http_request","duration":15.2762,"method":"GET","url":"/assets/images/linkedin.png","status":200}
{"timestamp":"2025-11-04T23:39:49.476Z","requestId":"96291a17-d266-4ffc-b009-b9b92c6bbd5e","operation":"http_request","duration":10.9617,"method":"GET","url":"/api/rastreamento/viagem-ativa","status":404}
{"timestamp":"2025-11-04T23:39:49.481Z","requestId":"f6d90380-3008-45e4-a196-6352210d66ba","operation":"http_request","duration":14.1343,"method":"GET","url":"/api/rastreamento/estatisticas","status":404}
{"timestamp":"2025-11-04T23:39:50.814Z","requestId":"087af723-633d-4c59-b37d-61797bddf929","operation":"http_request","duration":11.5733,"method":"GET","url":"/assets/images/joao-silva.svg","status":200}
{"timestamp":"2025-11-04T23:39:50.818Z","requestId":"d7fdc0a8-33b1-4c87-8ff1-ffed8b8ad857","operation":"http_request","duration":11.9397,"method":"GET","url":"/assets/images/maria-santos.svg","status":200}
{"timestamp":"2025-11-04T23:39:50.893Z","requestId":"eba44cb5-836c-4075-80ae-b2363801e4b9","operation":"http_request","duration":7.4418,"method":"GET","url":"/assets/images/carlos-oliveira.svg","status":200}
{"timestamp":"2025-11-04T23:39:50.897Z","requestId":"ebedf022-0768-4d88-a389-2d4882d4b122","operation":"http_request","duration":8.2423,"method":"GET","url":"/assets/images/ana-costa.svg","status":200}
{"timestamp":"2025-11-04T23:39:55.459Z","requestId":"665350ca-fa81-4a8c-84aa-6992d41ea765","operation":"http_request","duration":9.1338,"method":"GET","url":"/auth/login.html","status":200}
{"timestamp":"2025-11-04T23:39:55.500Z","requestId":"3a3da8d0-13fb-459e-862b-fac827ddf4d0","operation":"http_request","duration":4.0984,"method":"GET","url":"/assets/css/bundle.min.css","status":200}
{"timestamp":"2025-11-04T23:39:55.517Z","requestId":"4d183bd5-b70c-44fc-aacc-3469037d937e","operation":"http_request","duration":15.4089,"method":"GET","url":"/assets/css/core/color-fix.css","status":200}
{"timestamp":"2025-11-04T23:39:55.522Z","requestId":"228663a6-b651-4309-a77c-34b7a65fad1b","operation":"http_request","duration":12.55,"method":"GET","url":"/assets/css/components/loading.css","status":200}
{"timestamp":"2025-11-04T23:39:55.525Z","requestId":"fb5ebdd5-e590-4f39-ad96-3116f33dc723","operation":"http_request","duration":18.2908,"method":"GET","url":"/assets/css/core/force-visibility.css","status":200}
{"timestamp":"2025-11-04T23:39:55.530Z","requestId":"cad1237e-adb3-4c28-99ca-d887ced1ea21","operation":"http_request","duration":18.8077,"method":"GET","url":"/assets/js/api/mock-api.js","status":200}
{"timestamp":"2025-11-04T23:39:55.533Z","requestId":"66436fd7-e1a5-48d9-8c63-761e8004d807","operation":"http_request","duration":19.7342,"method":"GET","url":"/assets/js/core/cache-manager.js","status":200}
{"timestamp":"2025-11-04T23:39:55.569Z","requestId":"8f9dbfbb-62d1-46bd-885e-8e3a45486b36","operation":"http_request","duration":20.7169,"method":"GET","url":"/assets/js/core/config.js","status":200}
{"timestamp":"2025-11-04T23:39:55.578Z","requestId":"91f33c71-a8fd-4ab2-9e9c-9383601d530e","operation":"http_request","duration":23.7601,"method":"GET","url":"/assets/js/core/routes.js","status":200}
{"timestamp":"2025-11-04T23:39:55.581Z","requestId":"66679037-fe69-4ec5-a3ec-a6abe2d75441","operation":"http_request","duration":23.6481,"method":"GET","url":"/assets/js/core/auth-manager.js","status":200}
{"timestamp":"2025-11-04T23:39:55.584Z","requestId":"1435aa17-9a51-438b-8134-bff3c9705752","operation":"http_request","duration":24.0432,"method":"GET","url":"/assets/js/core/form-validator.js","status":200}
{"timestamp":"2025-11-04T23:39:55.589Z","requestId":"f48988f1-a63a-499e-9591-9022f51eb783","operation":"http_request","duration":25.4931,"method":"GET","url":"/assets/js/core/ui-utils.js","status":200}
{"timestamp":"2025-11-04T23:39:55.592Z","requestId":"f54fb1e8-eb65-45b4-a55e-7f788c290b9c","operation":"http_request","duration":26.1724,"method":"GET","url":"/assets/images/logo.png","status":200}
{"timestamp":"2025-11-04T23:39:55.615Z","requestId":"36c2acb0-dd5e-45fd-afa1-9607a9d88e83","operation":"http_request","duration":5.8659,"method":"GET","url":"/assets/images/face.png","status":200}
{"timestamp":"2025-11-04T23:39:55.648Z","requestId":"1e4d4004-a2bd-4cb5-b5e7-e8c7abbcd7e2","operation":"http_request","duration":25.9966,"method":"GET","url":"/assets/images/insta.png","status":200}
{"timestamp":"2025-11-04T23:39:55.652Z","requestId":"b70d597c-48e2-4592-b49f-15547f725df6","operation":"http_request","duration":25.355,"method":"GET","url":"/assets/images/linkedin.png","status":200}
{"timestamp":"2025-11-04T23:39:55.657Z","requestId":"3175a305-96bf-407e-ac8f-4f5638e096ab","operation":"http_request","duration":24.7614,"method":"GET","url":"/assets/js/core/app.js","status":200}
{"timestamp":"2025-11-04T23:39:55.662Z","requestId":"2ae95d62-4618-4e88-8edc-1b6eff9c4e9f","operation":"http_request","duration":27.5846,"method":"GET","url":"/assets/js/components/loading.js","status":200}
{"timestamp":"2025-11-04T23:39:55.760Z","requestId":"0a4cbf7d-c317-415f-b610-430ef3ed544e","operation":"http_request","duration":6.7236,"method":"GET","url":"/assets/js/core/api-client.js","status":200}
{"timestamp":"2025-11-04T23:39:55.784Z","requestId":"0724cbe0-63e4-4a99-b54e-3fb38cc91ad9","operation":"http_request","duration":3.4823,"method":"GET","url":"/assets/js/core/config.js","status":200}
{"timestamp":"2025-11-04T23:40:11.241Z","requestId":"c0529e59-62de-44c1-8099-89df21fc1558","operation":"http_request","duration":41.1322,"method":"POST","url":"/auth/login.html","status":404}
{"timestamp":"2025-11-04T23:40:14.441Z","requestId":"3910ff8a-7ff3-4247-9086-b85e4e0e4cf2","operation":"http_request","duration":5.3383,"method":"GET","url":"/assets/js/core/config.js","status":200}
{"timestamp":"2025-11-04T23:40:14.469Z","requestId":"9f014e11-dc31-4969-a608-23c75bc957fa","operation":"http_request","duration":2.3987,"method":"GET","url":"/assets/js/core/config.js","status":200}
{"timestamp":"2025-11-04T23:40:16.697Z","requestId":"8ab65d2b-ff1f-46ff-b7be-c28d60b49182","operation":"http_request","duration":3.457,"method":"GET","url":"/index.html","status":200}
{"timestamp":"2025-11-04T23:40:16.747Z","requestId":"8202fb22-fbbe-4ac4-b8ce-6d2db5aaf671","operation":"http_request","duration":18.3375,"method":"GET","url":"/assets/images/mulher%20andando%20na%20cidade.jpg","status":200}
{"timestamp":"2025-11-04T23:40:16.749Z","requestId":"03b8b741-1232-412b-b8a3-acd4237ce25d","operation":"http_request","duration":23.2007,"method":"GET","url":"/assets/css/bundle.min.css","status":200}
{"timestamp":"2025-11-04T23:40:16.756Z","requestId":"f812be99-a9fe-4087-b40d-678214630f34","operation":"http_request","duration":23.5773,"method":"GET","url":"/assets/js/core/app.js","status":200}
{"timestamp":"2025-11-04T23:40:16.758Z","requestId":"6fa600f3-eaf0-44a2-9a69-252169ef49a5","operation":"http_request","duration":23.852,"method":"GET","url":"/assets/css/core/color-fix.css","status":200}
{"timestamp":"2025-11-04T23:40:16.761Z","requestId":"d1dd9c90-dbec-4c1b-ad3d-3a9d83644e75","operation":"http_request","duration":20.8225,"method":"GET","url":"/assets/css/core/force-visibility.css","status":200}
{"timestamp":"2025-11-04T23:40:16.763Z","requestId":"aa664919-62e8-4d42-a57b-4595df8bd5de","operation":"http_request","duration":21.0697,"method":"GET","url":"/assets/css/core/emergency-fix.css","status":200}
{"timestamp":"2025-11-04T23:40:16.797Z","requestId":"a1ceb197-a207-4ff9-9ea2-3bd41b05e01c","operation":"http_request","duration":23.5506,"method":"GET","url":"/assets/images/logo.png","status":200}
{"timestamp":"2025-11-04T23:40:16.811Z","requestId":"e4136c88-2637-4c8b-a3d9-7e1ba4463fc9","operation":"http_request","duration":17.8876,"method":"GET","url":"/assets/js/core/page-detector.js","status":200}
{"timestamp":"2025-11-04T23:40:16.817Z","requestId":"31817e5e-5639-4a65-9de1-dfa456d42ae8","operation":"http_request","duration":17.6765,"method":"GET","url":"/assets/js/bundle.min.js","status":200}
{"timestamp":"2025-11-04T23:40:16.827Z","requestId":"80b0e016-a86c-4257-a875-9a31eaa678a3","operation":"http_request","duration":25.0103,"method":"GET","url":"/assets/js/animations/animacoes-index.js","status":404}
{"timestamp":"2025-11-04T23:40:16.872Z","requestId":"44ac2d73-1ee2-48f8-8619-9e4e482b837a","operation":"http_request","duration":15.8732,"method":"GET","url":"/assets/images/crian%C3%A7as.png","status":200}
{"timestamp":"2025-11-04T23:40:16.876Z","requestId":"d8c4b1cf-bcd4-4fb8-908a-4fe7125cd846","operation":"http_request","duration":16.2815,"method":"GET","url":"/assets/images/transporte-turismo-viagem-rodoviaria-e-conceito-de-pessoas-grupo-de-passageiros-felizes.png","status":200}
{"timestamp":"2025-11-04T23:40:16.880Z","requestId":"677ea8d8-a233-44af-ad2b-2dcbc4a07406","operation":"http_request","duration":17.2961,"method":"GET","url":"/assets/images/transporte-executivo-de-pessoas-preco.png","status":200}
{"timestamp":"2025-11-04T23:40:16.883Z","requestId":"9b9e2c73-a935-4387-8af7-830ab97cf9d6","operation":"http_request","duration":17.6866,"method":"GET","url":"/assets/images/guns2.jpg","status":200}
{"timestamp":"2025-11-04T23:40:16.914Z","requestId":"f2c853ff-d5ea-4450-b730-7f122c13ffb9","operation":"http_request","duration":22.0143,"method":"GET","url":"/assets/images/favicon.ico","status":200}
{"timestamp":"2025-11-04T23:40:16.917Z","requestId":"33142837-17d5-482e-a5eb-9817b8b66e23","operation":"http_request","duration":20.8494,"method":"GET","url":"/manifest.json","status":200}
{"timestamp":"2025-11-04T23:40:16.926Z","requestId":"fdc066f7-1fce-4263-bcf1-ca282ad52043","operation":"http_request","duration":37.5454,"method":"GET","url":"/api/rastreamento/viagem-ativa","status":404}
{"timestamp":"2025-11-04T23:40:16.946Z","requestId":"2ae8939c-771f-446b-ad22-f1012476fca6","operation":"http_request","duration":7.6251,"method":"GET","url":"/assets/images/icon-512.png","status":200}
{"timestamp":"2025-11-04T23:40:16.950Z","requestId":"d94c217e-bfd8-458f-9da2-1bfbf5857743","operation":"http_request","duration":6.7555,"method":"GET","url":"/assets/images/icon-192.svg","status":200}
{"timestamp":"2025-11-05T16:32:45.227Z","requestId":"66e81313-b12a-4387-af8f-267a6936c70b","operation":"http_request","duration":10.3298,"method":"GET","url":"/","status":200}
{"timestamp":"2025-11-05T16:32:45.258Z","requestId":"70e6aca3-07c1-47c6-96ae-05bfed6394ea","operation":"http_request","duration":9.4537,"method":"GET","url":"/assets/css/bundle.min.css","status":200}
{"timestamp":"2025-11-05T16:32:45.260Z","requestId":"21a2f76a-5615-437f-8f4c-d46b77c4ccbd","operation":"http_request","duration":4.8968,"method":"GET","url":"/assets/images/mulher%20andando%20na%20cidade.jpg","status":200}
{"timestamp":"2025-11-05T16:32:45.263Z","requestId":"048fbcf4-830a-440c-8eb4-97f813ea8796","operation":"http_request","duration":6.6424,"method":"GET","url":"/assets/js/core/app.js","status":200}
{"timestamp":"2025-11-05T16:32:45.293Z","requestId":"203ce4d8-1e2f-4711-b1dd-7f2e05fb5be4","operation":"http_request","duration":11.3424,"method":"GET","url":"/assets/css/core/color-fix.css","status":404}
{"timestamp":"2025-11-05T16:32:45.301Z","requestId":"69943a47-03ff-435c-9ebd-147891c840b8","operation":"http_request","duration":16.1112,"method":"GET","url":"/assets/css/core/force-visibility.css","status":404}
{"timestamp":"2025-11-05T16:32:45.306Z","requestId":"53d932ab-da2f-4ead-bb87-3d98076017f1","operation":"http_request","duration":19.2566,"method":"GET","url":"/assets/css/core/emergency-fix.css","status":404}
{"timestamp":"2025-11-05T16:32:45.313Z","requestId":"9c4cb4f4-abde-459e-a566-d2c930e864c4","operation":"http_request","duration":9.0931,"method":"GET","url":"/assets/js/core/page-detector.js","status":200}
{"timestamp":"2025-11-05T16:32:45.317Z","requestId":"cd4aadeb-10ba-44e7-b8a7-545aad30ad13","operation":"http_request","duration":7.6623,"method":"GET","url":"/assets/images/crian%C3%A7as.png","status":200}
{"timestamp":"2025-11-05T16:32:45.318Z","requestId":"7931e1dc-3bbe-4abe-82ce-7d104bffc5c0","operation":"http_request","duration":7.6345,"method":"GET","url":"/assets/images/logo.png","status":200}
{"timestamp":"2025-11-05T16:32:45.351Z","requestId":"1a7723d5-70d9-4cab-b178-0ae0e889a3ef","operation":"http_request","duration":10.0703,"method":"GET","url":"/assets/images/transporte-turismo-viagem-rodoviaria-e-conceito-de-pessoas-grupo-de-passageiros-felizes.png","status":200}
{"timestamp":"2025-11-05T16:32:45.352Z","requestId":"f83087fa-a62f-486c-a447-23b7697ff1ac","operation":"http_request","duration":8.5756,"method":"GET","url":"/assets/images/transporte-executivo-de-pessoas-preco.png","status":200}
{"timestamp":"2025-11-05T16:32:45.355Z","requestId":"2815bb98-99fb-4807-9ad3-a45d43fc4642","operation":"http_request","duration":8.5326,"method":"GET","url":"/assets/js/bundle.min.js","status":200}
{"timestamp":"2025-11-05T16:32:45.373Z","requestId":"16c56946-3edc-471b-bd35-9f37f0296553","operation":"http_request","duration":8.6321,"method":"GET","url":"/assets/js/animations/animacoes-index.js","status":404}
{"timestamp":"2025-11-05T16:32:45.375Z","requestId":"60ddf1bb-995d-400f-a9bf-ad484f543999","operation":"http_request","duration":5.1958,"method":"GET","url":"/assets/images/guns2.jpg","status":200}
{"timestamp":"2025-11-05T16:32:45.381Z","requestId":"aaac7245-32ff-46ee-bfe0-787e17cb1c5e","operation":"http_request","duration":5.239,"method":"GET","url":"/assets/images/face.png","status":200}
{"timestamp":"2025-11-05T16:32:45.384Z","requestId":"4d3a4f7e-9af3-411a-b587-6525642d68c1","operation":"http_request","duration":4.8183,"method":"GET","url":"/assets/images/insta.png","status":200}
{"timestamp":"2025-11-05T16:32:45.408Z","requestId":"fe9250ef-6b58-4d9c-b358-1088b72cafd4","operation":"http_request","duration":3.6345,"method":"GET","url":"/api/rastreamento/viagem-ativa","status":404}
{"timestamp":"2025-11-05T16:32:45.410Z","requestId":"f5be2c8d-39d9-456e-8045-600de41bedc3","operation":"http_request","duration":3.7465,"method":"GET","url":"/api/rastreamento/estatisticas","status":404}
{"timestamp":"2025-11-05T16:32:45.678Z","requestId":"8072a605-5f97-4478-bd70-e5a7ff042228","operation":"http_request","duration":1.3964,"method":"GET","url":"/assets/images/linkedin.png","status":200}
{"timestamp":"2025-11-05T16:32:49.058Z","requestId":"2142cb8c-bec8-4bf2-a144-a2be35d4c07e","operation":"http_request","duration":3.0962,"method":"GET","url":"/manifest.json","status":200}
{"timestamp":"2025-11-05T16:32:49.077Z","requestId":"cbf97575-ecce-483d-b9d2-32953aa0b5e3","operation":"http_request","duration":5.4053,"method":"GET","url":"/assets/images/favicon.ico","status":200}
{"timestamp":"2025-11-05T16:32:49.080Z","requestId":"4cc6b523-2c82-4352-8d98-60258f2a6beb","operation":"http_request","duration":6.4216,"method":"GET","url":"/assets/images/icon-192.svg","status":200}
{"timestamp":"2025-11-05T16:32:49.097Z","requestId":"a504da34-8fb9-4ac3-8e55-bf9642c3547f","operation":"http_request","duration":6.0152,"method":"GET","url":"/assets/images/icon-192.png","status":404}
{"timestamp":"2025-11-05T16:32:49.112Z","requestId":"82d6f0e8-96fd-428d-8752-f2c430079e4b","operation":"http_request","duration":2.2716,"method":"GET","url":"/assets/images/icon-512.png","status":200}
{"timestamp":"2025-11-05T16:51:18.763Z","requestId":"8e39d4c2-c757-4316-b480-427d65445abd","operation":"http_request","duration":25.7276,"method":"GET","url":"/","status":200}
{"timestamp":"2025-11-05T16:51:18.813Z","requestId":"20c37277-beec-4709-9090-3416447cb00b","operation":"http_request","duration":13.8992,"method":"GET","url":"/assets/css/bundle.min.css","status":200}
{"timestamp":"2025-11-05T16:51:18.820Z","requestId":"eba1f0f6-0d38-4d84-91ff-55f8a571754c","operation":"http_request","duration":16.3362,"method":"GET","url":"/assets/images/mulher%20andando%20na%20cidade.jpg","status":200}
{"timestamp":"2025-11-05T16:51:18.824Z","requestId":"2c85bc28-77cb-486f-b709-4d3c195dd1b7","operation":"http_request","duration":15.0291,"method":"GET","url":"/assets/js/core/app.js","status":200}
{"timestamp":"2025-11-05T16:51:18.864Z","requestId":"65f87297-d69e-42a5-aa1a-0fe1c2222a73","operation":"http_request","duration":7.9509,"method":"GET","url":"/assets/js/core/page-detector.js","status":200}
{"timestamp":"2025-11-05T16:51:18.865Z","requestId":"0ac6dc1d-8973-42ed-a730-b1b2af55381b","operation":"http_request","duration":6.9559,"method":"GET","url":"/assets/images/logo.png","status":200}
{"timestamp":"2025-11-05T16:51:18.867Z","requestId":"f3f7083b-39ca-4b0e-9d1e-728b2e22d4e2","operation":"http_request","duration":5.8649,"method":"GET","url":"/assets/images/crian%C3%A7as.png","status":200}
{"timestamp":"2025-11-05T16:51:18.890Z","requestId":"c536b1c9-4c7d-42a4-a4b3-25b8503038ee","operation":"http_request","duration":8.6655,"method":"GET","url":"/assets/images/transporte-turismo-viagem-rodoviaria-e-conceito-de-pessoas-grupo-de-passageiros-felizes.png","status":200}
{"timestamp":"2025-11-05T16:51:18.893Z","requestId":"4baff9a8-aff1-4cbc-8df1-b9a5935205b1","operation":"http_request","duration":7.5259,"method":"GET","url":"/assets/images/transporte-executivo-de-pessoas-preco.png","status":200}
{"timestamp":"2025-11-05T16:51:18.921Z","requestId":"10dc3a8a-561d-4369-af2e-fdcf8ba72f6f","operation":"http_request","duration":12.1369,"method":"GET","url":"/assets/js/bundle.min.js","status":200}
{"timestamp":"2025-11-05T16:51:18.939Z","requestId":"24f524e2-dc35-4e6b-a7e1-9f2d8af5f030","operation":"http_request","duration":23.746,"method":"GET","url":"/assets/js/animations/animacoes-index.js","status":404}
{"timestamp":"2025-11-05T16:51:18.957Z","requestId":"1a1deb6c-ea40-496b-bf15-120354602d9f","operation":"http_request","duration":8.7949,"method":"GET","url":"/assets/images/guns2.jpg","status":200}
{"timestamp":"2025-11-05T16:51:18.972Z","requestId":"b6e89e78-e5d0-4fc4-a3f3-30d20ae35d1c","operation":"http_request","duration":18.309,"method":"GET","url":"/assets/images/face.png","status":200}
{"timestamp":"2025-11-05T16:51:18.987Z","requestId":"c1f4691f-84cb-478b-99c8-675078ecff98","operation":"http_request","duration":8.8165,"method":"GET","url":"/assets/images/insta.png","status":200}
{"timestamp":"2025-11-05T16:51:19.030Z","requestId":"c59e282a-1848-4265-8cdc-36b54767af95","operation":"http_request","duration":10.8274,"method":"GET","url":"/api/rastreamento/viagem-ativa","status":404}
{"timestamp":"2025-11-05T16:51:19.033Z","requestId":"918d53b1-2480-4506-a485-ac821e070862","operation":"http_request","duration":12.397,"method":"GET","url":"/api/rastreamento/estatisticas","status":404}
{"timestamp":"2025-11-05T16:51:19.280Z","requestId":"87555ced-eae4-4372-98bd-6390786acf19","operation":"http_request","duration":15.4364,"method":"GET","url":"/assets/images/linkedin.png","status":200}
{"timestamp":"2025-11-05T16:51:20.525Z","requestId":"993cfd58-5c45-4e8d-a9a6-ebf4c7f18738","operation":"http_request","duration":4.4657,"method":"GET","url":"/manifest.json","status":200}
{"timestamp":"2025-11-05T16:51:20.546Z","requestId":"efe28cc9-3d45-476b-9ed0-f0101bb89e0a","operation":"http_request","duration":5.0518,"method":"GET","url":"/assets/images/favicon.ico","status":200}
{"timestamp":"2025-11-05T16:51:20.554Z","requestId":"f6c44608-10b8-4253-a7f6-7a13f91276cc","operation":"http_request","duration":2.5771,"method":"GET","url":"/assets/images/icon-192.svg","status":200}
{"timestamp":"2025-11-05T16:51:20.563Z","requestId":"bf6885ba-bda9-45f8-a00d-d069ef8c46c8","operation":"http_request","duration":6.8697,"method":"GET","url":"/assets/images/icon-192.png","status":404}
{"timestamp":"2025-11-05T16:51:20.579Z","requestId":"580894e8-51bc-46de-862b-e14f26c4df10","operation":"http_request","duration":2.5815,"method":"GET","url":"/assets/images/icon-512.png","status":200}
{"timestamp":"2025-11-05T16:51:24.142Z","requestId":"664598e9-90c0-41fe-9b47-5356f3762923","operation":"http_request","duration":4.5667,"method":"GET","url":"/planos.html","status":200}
{"timestamp":"2025-11-05T16:51:24.187Z","requestId":"36e34091-f008-4e12-a609-e95b681ecedf","operation":"http_request","duration":5.8823,"method":"GET","url":"/assets/css/bundle.min.css","status":200}
{"timestamp":"2025-11-05T16:51:24.215Z","requestId":"24b5735a-1aba-4724-8eeb-afe9d8ed8377","operation":"http_request","duration":22.5209,"method":"GET","url":"/assets/images/logo.png","status":200}
{"timestamp":"2025-11-05T16:51:24.219Z","requestId":"e07aec72-5090-424a-bc4c-8ee9c68ec713","operation":"http_request","duration":23.2371,"method":"GET","url":"/assets/images/face.png","status":200}
{"timestamp":"2025-11-05T16:51:24.221Z","requestId":"e4a1907e-b4ae-40e5-aa9c-d24b2e774572","operation":"http_request","duration":15.3522,"method":"GET","url":"/assets/images/insta.png","status":200}
{"timestamp":"2025-11-05T16:51:24.222Z","requestId":"e68e1eba-00a1-494f-95aa-b3bad8c79cef","operation":"http_request","duration":20.7795,"method":"GET","url":"/assets/css/planos.css","status":200}
{"timestamp":"2025-11-05T16:51:24.230Z","requestId":"c1506d7a-04fa-40f7-ad47-29145ed7279b","operation":"http_request","duration":19.3886,"method":"GET","url":"/assets/images/linkedin.png","status":200}
{"timestamp":"2025-11-05T16:51:24.260Z","requestId":"392bd46f-a59a-4193-886b-b48be287547a","operation":"http_request","duration":19.5677,"method":"GET","url":"/assets/js/core/page-detector.js","status":200}
{"timestamp":"2025-11-05T16:51:24.271Z","requestId":"9e7ad249-c659-4296-81c4-8c14163fdc71","operation":"http_request","duration":15.0061,"method":"GET","url":"/assets/js/bundle.min.js","status":200}
{"timestamp":"2025-11-05T16:51:24.301Z","requestId":"2fb19aa7-0d18-4bac-8f40-e6aa70b4475d","operation":"http_request","duration":15.4605,"method":"GET","url":"/assets/css/core/variables.css","status":200}
{"timestamp":"2025-11-05T16:51:24.327Z","requestId":"204fdc47-123a-4bf1-bc0b-a692cb87ef5e","operation":"http_request","duration":8.472,"method":"GET","url":"/assets/js/planos.js","status":404}
{"timestamp":"2025-11-05T16:51:24.344Z","requestId":"f372ffbf-5f02-466a-b903-5de19fafe8ce","operation":"http_request","duration":2.9414,"method":"GET","url":"/assets/js/animations/animacoes-planos.js","status":404}
{"timestamp":"2025-11-05T16:51:24.449Z","requestId":"b0d5208f-171f-4d0a-bb5c-93466c64965e","operation":"http_request","duration":9.3525,"method":"GET","url":"/api/rastreamento/viagem-ativa","status":404}
{"timestamp":"2025-11-05T16:51:24.451Z","requestId":"f9334a64-96d9-45bb-9858-c81bf05fe16b","operation":"http_request","duration":9.8147,"method":"GET","url":"/api/rastreamento/estatisticas","status":404}
{"timestamp":"2025-11-05T16:51:24.454Z","requestId":"958c5cfe-1526-410f-a2d7-433c6c143c12","operation":"http_request","duration":7.0617,"method":"GET","url":"/favicon.ico","status":404}
{"timestamp":"2025-11-05T16:51:29.626Z","requestId":"a2778ece-8e97-4e13-9d12-99986ce210cb","operation":"http_request","duration":6.688,"method":"GET","url":"/contato.html","status":200}
{"timestamp":"2025-11-05T16:51:29.686Z","requestId":"0d705930-48fe-4ff1-be27-34aac55feb04","operation":"http_request","duration":4.3293,"method":"GET","url":"/assets/css/bundle.min.css","status":200}
{"timestamp":"2025-11-05T16:51:29.700Z","requestId":"225bee48-1422-48d7-a218-b157ea38a15b","operation":"http_request","duration":10.0347,"method":"GET","url":"/assets/js/core/app.js","status":200}
{"timestamp":"2025-11-05T16:51:29.702Z","requestId":"c6eef241-3752-46e8-ad53-1c88a2040f71","operation":"http_request","duration":10.9492,"method":"GET","url":"/assets/images/logo.png","status":200}
{"timestamp":"2025-11-05T16:51:29.705Z","requestId":"ce2b5762-09ac-4b71-93a1-02e63b8be3f9","operation":"http_request","duration":12.2768,"method":"GET","url":"/assets/js/bundle.min.js","status":200}
{"timestamp":"2025-11-05T16:51:29.723Z","requestId":"341b2e38-a102-406a-8fc0-bf72e7574ff9","operation":"http_request","duration":28.3009,"method":"GET","url":"/assets/js/animations/animacoes-index.js","status":404}
{"timestamp":"2025-11-05T16:51:29.828Z","requestId":"d59167da-0a20-4d14-be63-3df3866769e3","operation":"http_request","duration":16.6054,"method":"GET","url":"/api/rastreamento/estatisticas","status":404}
{"timestamp":"2025-11-05T16:51:29.832Z","requestId":"c9774103-fd6a-470f-be4e-d9063b2129eb","operation":"http_request","duration":12.0704,"method":"GET","url":"/manifest.json","status":200}
{"timestamp":"2025-11-05T16:51:29.835Z","requestId":"1d887033-50c7-424a-9621-d5c3d58cc0ce","operation":"http_request","duration":25.66,"method":"GET","url":"/api/rastreamento/viagem-ativa","status":404}
{"timestamp":"2025-11-05T16:51:29.838Z","requestId":"be7c08c8-ee40-4b6f-bc98-c2dbda17dd26","operation":"http_request","duration":13.9793,"method":"GET","url":"/assets/images/favicon.ico","status":200}
{"timestamp":"2025-11-05T16:51:29.852Z","requestId":"1c54a6b0-c076-4e18-bed5-d59a63263b05","operation":"http_request","duration":3.3089,"method":"GET","url":"/assets/images/icon-192.svg","status":200}
{"timestamp":"2025-11-05T16:51:29.859Z","requestId":"6613b126-6c29-4a8f-a3ad-954c64c3003a","operation":"http_request","duration":6.0981,"method":"GET","url":"/assets/images/icon-512.png","status":200}
{"timestamp":"2025-11-05T16:51:30.753Z","requestId":"78e67362-c8bf-4582-b8b5-13d3ba934f1a","operation":"http_request","duration":9.0346,"method":"GET","url":"/assets/images/face.png","status":200}
{"timestamp":"2025-11-05T16:51:30.756Z","requestId":"075c1a14-db06-4147-ab14-f95ef8daf687","operation":"http_request","duration":9.4603,"method":"GET","url":"/assets/images/insta.png","status":200}
{"timestamp":"2025-11-05T16:51:30.759Z","requestId":"8da235f1-523e-4e4a-8e6f-d9fe79335393","operation":"http_request","duration":10.2591,"method":"GET","url":"/assets/images/linkedin.png","status":200}
{"timestamp":"2025-11-05T16:51:33.816Z","requestId":"3e623bad-8c18-45b8-9678-849c1256d844","operation":"http_request","duration":6.0602,"method":"GET","url":"/encontrar-transporte.html","status":200}
{"timestamp":"2025-11-05T16:51:33.890Z","requestId":"c26c600d-139e-41d4-975c-2a65bd830bd0","operation":"http_request","duration":18.8891,"method":"GET","url":"/assets/css/bundle.min.css","status":200}
{"timestamp":"2025-11-05T16:51:33.893Z","requestId":"542ddd4f-8dc6-40da-933b-ed4b3a1f6896","operation":"http_request","duration":7.29,"method":"GET","url":"/assets/css/encontrar-transporte.css","status":200}
{"timestamp":"2025-11-05T16:51:33.898Z","requestId":"1829b85a-f99d-44ce-b013-0d438b5908d2","operation":"http_request","duration":10.2978,"method":"GET","url":"/assets/libs/leaflet/leaflet.css","status":200}
{"timestamp":"2025-11-05T16:51:33.902Z","requestId":"5d89da70-9432-4b2e-820a-6cee9dabc656","operation":"http_request","duration":28.358,"method":"GET","url":"/assets/css/core/color-fix.css","status":404}
{"timestamp":"2025-11-05T16:51:33.907Z","requestId":"9e643ed3-d133-4d00-890a-23e58492399c","operation":"http_request","duration":28.843,"method":"GET","url":"/assets/css/core/force-visibility.css","status":404}
{"timestamp":"2025-11-05T16:51:33.921Z","requestId":"c0247e04-14b3-4544-865d-54bfdbb19c93","operation":"http_request","duration":38.3105,"method":"GET","url":"/assets/css/core/emergency-fix.css","status":404}
{"timestamp":"2025-11-05T16:51:33.940Z","requestId":"7091fcd0-cfc4-4869-b115-f79fada0e665","operation":"http_request","duration":23.8478,"method":"GET","url":"/assets/libs/leaflet/leaflet.js","status":200}
{"timestamp":"2025-11-05T16:51:33.956Z","requestId":"1521d4d1-5d7b-43c4-b500-671486dc584f","operation":"http_request","duration":31.0418,"method":"GET","url":"/assets/images/logo.png","status":200}
{"timestamp":"2025-11-05T16:51:33.959Z","requestId":"ef0c32ef-600e-4892-a3c0-e0dac5a667e9","operation":"http_request","duration":24.5502,"method":"GET","url":"/assets/images/face.png","status":200}
{"timestamp":"2025-11-05T16:51:33.967Z","requestId":"676ff426-bb28-4cf9-b3ab-fd2f499d1b2a","operation":"http_request","duration":16.3748,"method":"GET","url":"/assets/css/core/variables.css","status":200}
{"timestamp":"2025-11-05T16:51:34.034Z","requestId":"b991134e-a701-4f56-bc50-dc19969cc2cf","operation":"http_request","duration":14.5714,"method":"GET","url":"/assets/images/insta.png","status":200}
{"timestamp":"2025-11-05T16:51:34.036Z","requestId":"785fd8e7-4896-4995-a8bb-f9669466e0d8","operation":"http_request","duration":14.7429,"method":"GET","url":"/assets/images/linkedin.png","status":200}
{"timestamp":"2025-11-05T16:51:34.040Z","requestId":"661fd315-0a84-41db-aedd-322e53a2a028","operation":"http_request","duration":16.1818,"method":"GET","url":"/assets/js/bundle.min.js","status":200}
{"timestamp":"2025-11-05T16:51:34.048Z","requestId":"6ff96c88-f400-49e2-8c56-205beed90d9f","operation":"http_request","duration":19.6723,"method":"GET","url":"/assets/js/encontrar-transporte.js","status":404}
{"timestamp":"2025-11-05T16:51:34.053Z","requestId":"62a2aed6-0fde-46d7-b84b-5976433ad15e","operation":"http_request","duration":26.7374,"method":"GET","url":"/assets/js/google-maps-integration.js","status":404}
{"timestamp":"2025-11-05T16:51:34.210Z","requestId":"8614b07d-1d8d-47a0-87ca-cd4fe168a443","operation":"http_request","duration":6.8014,"method":"GET","url":"/api/rastreamento/viagem-ativa","status":404}
{"timestamp":"2025-11-05T16:51:34.213Z","requestId":"0330d352-09db-48fd-b203-90628e3a447a","operation":"http_request","duration":6.8266,"method":"GET","url":"/api/rastreamento/estatisticas","status":404}
{"timestamp":"2025-11-05T16:51:34.217Z","requestId":"132ad290-337b-4da6-9c2e-e8c071ba161a","operation":"http_request","duration":2.0823,"method":"GET","url":"/assets/images/favicon.ico","status":200}
{"timestamp":"2025-11-05T16:51:41.491Z","requestId":"0e99bb23-b780-4b12-a7c8-6970c08ca098","operation":"http_request","duration":5.6546,"method":"GET","url":"/sobre.html","status":200}
{"timestamp":"2025-11-05T16:51:41.570Z","requestId":"045f0ac7-c152-4542-ac7b-6285872e35bc","operation":"http_request","duration":16.7598,"method":"GET","url":"/assets/css/bundle.min.css","status":200}
{"timestamp":"2025-11-05T16:51:41.572Z","requestId":"ee6242ec-fa5b-4709-85e5-15214a5a7250","operation":"http_request","duration":16.3943,"method":"GET","url":"/assets/images/logo.png","status":200}
{"timestamp":"2025-11-05T16:51:41.575Z","requestId":"8c48fcf2-8842-4cd6-8d96-eb3e10122e18","operation":"http_request","duration":15.6434,"method":"GET","url":"/assets/js/core/page-detector.js","status":200}
{"timestamp":"2025-11-05T16:51:41.578Z","requestId":"ea2ea98a-5b95-47a7-b9e5-332d2f0d0adf","operation":"http_request","duration":15.8382,"method":"GET","url":"/assets/js/bundle.min.js","status":200}
{"timestamp":"2025-11-05T16:51:41.580Z","requestId":"787cb2f8-9f36-45e4-859f-63643d525be9","operation":"http_request","duration":14.0687,"method":"GET","url":"/assets/images/face.png","status":200}
{"timestamp":"2025-11-05T16:51:41.592Z","requestId":"c484e9fc-3d0f-4c92-bb47-8be0beb5a907","operation":"http_request","duration":24.3194,"method":"GET","url":"/assets/js/animations/animacoes-sobre.js","status":404}
{"timestamp":"2025-11-05T16:51:41.616Z","requestId":"4a576d4e-8017-4026-9fd1-6d14c354e03e","operation":"http_request","duration":19.9329,"method":"GET","url":"/assets/images/insta.png","status":200}
{"timestamp":"2025-11-05T16:51:41.619Z","requestId":"c12d840f-8040-4660-a2f1-b6510481daf7","operation":"http_request","duration":10.8172,"method":"GET","url":"/assets/images/linkedin.png","status":200}
{"timestamp":"2025-11-05T16:51:41.700Z","requestId":"a3309f5a-bbef-4509-9efb-d2fd0acdace1","operation":"http_request","duration":7.7462,"method":"GET","url":"/api/rastreamento/viagem-ativa","status":404}
{"timestamp":"2025-11-05T16:51:41.702Z","requestId":"4737929d-066c-4a03-b675-c05a532960c6","operation":"http_request","duration":8.5355,"method":"GET","url":"/api/rastreamento/estatisticas","status":404}
{"timestamp":"2025-11-05T16:51:43.605Z","requestId":"fc5af295-0185-40da-a215-af4f1d8de775","operation":"http_request","duration":11.7108,"method":"GET","url":"/assets/images/joao-silva.svg","status":200}
{"timestamp":"2025-11-05T16:51:43.609Z","requestId":"2abca16d-f358-4f6d-84e5-f24cef467756","operation":"http_request","duration":12.7938,"method":"GET","url":"/assets/images/maria-santos.svg","status":200}
{"timestamp":"2025-11-05T16:51:43.632Z","requestId":"18c1e967-0d67-4d3d-8232-472303eb0942","operation":"http_request","duration":7.5721,"method":"GET","url":"/assets/images/carlos-oliveira.svg","status":200}
{"timestamp":"2025-11-05T16:51:43.635Z","requestId":"848418f2-8f15-4c56-8ac1-15919b5b866e","operation":"http_request","duration":6.4171,"method":"GET","url":"/assets/images/ana-costa.svg","status":200}
{"timestamp":"2025-11-05T16:51:48.528Z","requestId":"62fcdcd6-69e9-4adc-b57a-6d3524d3a85e","operation":"http_request","duration":5.5759,"method":"GET","url":"/index.html","status":200}
{"timestamp":"2025-11-05T16:51:48.577Z","requestId":"ddc6b9fb-9109-4a66-a617-06e0985862ae","operation":"http_request","duration":4.6409,"method":"GET","url":"/assets/css/bundle.min.css","status":200}
{"timestamp":"2025-11-05T16:51:48.592Z","requestId":"5402531e-0b2c-4506-b596-c3026ddb3260","operation":"http_request","duration":12.7278,"method":"GET","url":"/assets/images/mulher%20andando%20na%20cidade.jpg","status":200}
{"timestamp":"2025-11-05T16:51:48.595Z","requestId":"f21c16b8-23e1-4cbe-8d0f-5441274e1a99","operation":"http_request","duration":13.3776,"method":"GET","url":"/assets/js/core/app.js","status":200}
{"timestamp":"2025-11-05T16:51:48.597Z","requestId":"b1d61501-b005-46ce-8850-f380055d23ed","operation":"http_request","duration":13.285,"method":"GET","url":"/assets/images/logo.png","status":200}
{"timestamp":"2025-11-05T16:51:48.601Z","requestId":"255a1030-33c0-413e-818a-fb42f1731efa","operation":"http_request","duration":11.951,"method":"GET","url":"/assets/js/bundle.min.js","status":200}
{"timestamp":"2025-11-05T16:51:48.604Z","requestId":"1cc9fcbf-935a-4e4e-9ab1-f77fa9fe7e90","operation":"http_request","duration":18.0643,"method":"GET","url":"/assets/js/core/page-detector.js","status":200}
{"timestamp":"2025-11-05T16:51:48.620Z","requestId":"646187f0-7ef9-477a-9fda-6464385d091e","operation":"http_request","duration":4.6237,"method":"GET","url":"/assets/js/animations/animacoes-index.js","status":404}
{"timestamp":"2025-11-05T16:51:48.654Z","requestId":"74f5d3f2-ff71-4318-9776-bc87d0aba24d","operation":"http_request","duration":17.0532,"method":"GET","url":"/assets/images/crian%C3%A7as.png","status":200}
{"timestamp":"2025-11-05T16:51:48.657Z","requestId":"22ec0539-e2a1-4523-a5b9-81442ef15635","operation":"http_request","duration":12.7574,"method":"GET","url":"/assets/images/transporte-executivo-de-pessoas-preco.png","status":200}
{"timestamp":"2025-11-05T16:51:48.659Z","requestId":"0f0a4afe-9a03-489a-883c-de95e5888088","operation":"http_request","duration":18.5018,"method":"GET","url":"/assets/images/transporte-turismo-viagem-rodoviaria-e-conceito-de-pessoas-grupo-de-passageiros-felizes.png","status":200}
{"timestamp":"2025-11-05T16:51:48.661Z","requestId":"1e374e03-8f68-4a8d-a8f1-74641a7aebce","operation":"http_request","duration":14.0999,"method":"GET","url":"/assets/images/guns2.jpg","status":200}
{"timestamp":"2025-11-05T16:51:48.693Z","requestId":"f836da85-6cfd-47f4-9c8a-5e420535ded8","operation":"http_request","duration":29.6269,"method":"GET","url":"/api/rastreamento/viagem-ativa","status":404}
{"timestamp":"2025-11-05T16:51:48.700Z","requestId":"383cda68-192e-48d3-954d-2752f326c516","operation":"http_request","duration":30.397,"method":"GET","url":"/api/rastreamento/estatisticas","status":404}
{"timestamp":"2025-11-05T16:51:48.711Z","requestId":"56edc83d-0972-490b-b882-29488bb1e693","operation":"http_request","duration":25.7829,"method":"GET","url":"/assets/images/favicon.ico","status":200}
{"timestamp":"2025-11-05T16:51:48.715Z","requestId":"7f5d26b4-0f16-4a15-877a-5f1bc223064b","operation":"http_request","duration":8.3051,"method":"GET","url":"/manifest.json","status":200}
{"timestamp":"2025-11-05T16:51:48.733Z","requestId":"f4030bef-6e83-48bc-9da7-f7ae86c304dc","operation":"http_request","duration":5.9618,"method":"GET","url":"/assets/images/icon-512.png","status":200}
{"timestamp":"2025-11-05T16:51:48.735Z","requestId":"fdd190b3-6bde-41b0-a812-5ed5ece51688","operation":"http_request","duration":6.3496,"method":"GET","url":"/assets/images/icon-192.svg","status":200}
{"timestamp":"2025-11-05T16:51:50.903Z","requestId":"9b7d0c2f-5337-48dc-a8a2-6fd0294c6310","operation":"http_request","duration":3.8656,"method":"GET","url":"/assets/images/insta.png","status":200}
{"timestamp":"2025-11-05T16:51:50.906Z","requestId":"d2d34580-7ed8-4213-b074-b001ead76d84","operation":"http_request","duration":7.4359,"method":"GET","url":"/assets/images/face.png","status":200}
{"timestamp":"2025-11-05T16:51:50.909Z","requestId":"d54b8319-584a-43b5-9b77-86ac7c16b436","operation":"http_request","duration":8.208,"method":"GET","url":"/assets/images/linkedin.png","status":200}
{"timestamp":"2025-11-05T17:53:36.492Z","requestId":"88821ea0-6933-4edb-83aa-d69aeecb44b4","operation":"http_request","duration":12.9385,"method":"GET","url":"/index.html","status":200}
{"timestamp":"2025-11-05T17:53:36.544Z","requestId":"afec289b-a79b-47c0-9552-9fa9ef502d39","operation":"http_request","duration":11.6093,"method":"GET","url":"/assets/css/bundle.min.css","status":200}
{"timestamp":"2025-11-05T17:53:36.546Z","requestId":"9f0c60c2-9765-479a-96c3-c72b2523c28e","operation":"http_request","duration":10.7277,"method":"GET","url":"/assets/images/mulher%20andando%20na%20cidade.jpg","status":200}
{"timestamp":"2025-11-05T17:53:36.554Z","requestId":"d87fcafb-efdc-4b3e-9ed9-4a431bd03e9b","operation":"http_request","duration":15.6982,"method":"GET","url":"/assets/js/core/app.js","status":200}
{"timestamp":"2025-11-05T17:53:36.557Z","requestId":"7a937bae-0571-46d2-afde-198adc428dd9","operation":"http_request","duration":17.1061,"method":"GET","url":"/assets/js/core/page-detector.js","status":200}
{"timestamp":"2025-11-05T17:53:36.558Z","requestId":"731de3d3-0f71-4b8d-bb5f-b7e59e111e3e","operation":"http_request","duration":17.2202,"method":"GET","url":"/assets/images/logo.png","status":200}
{"timestamp":"2025-11-05T17:53:36.560Z","requestId":"724c0854-884d-4059-bc45-69c205648f22","operation":"http_request","duration":17.7377,"method":"GET","url":"/assets/js/bundle.min.js","status":200}
{"timestamp":"2025-11-05T17:53:36.579Z","requestId":"9983f35a-e4bf-4ddd-8bc4-71577f960e24","operation":"http_request","duration":6.5852,"method":"GET","url":"/assets/js/animations/animacoes-index.js","status":200}
{"timestamp":"2025-11-05T17:53:36.626Z","requestId":"96f18f72-ec65-4dbc-8460-88a55fc09d09","operation":"http_request","duration":12.2635,"method":"GET","url":"/assets/images/insta.png","status":200}
{"timestamp":"2025-11-05T17:53:36.629Z","requestId":"09e5449b-8bad-40bf-b885-390dbb9a9352","operation":"http_request","duration":18.9841,"method":"GET","url":"/assets/images/face.png","status":200}
{"timestamp":"2025-11-05T17:53:36.631Z","requestId":"95b52d1f-3d75-4aa0-affc-60fa9c71e0f6","operation":"http_request","duration":14.8879,"method":"GET","url":"/assets/images/linkedin.png","status":200}
{"timestamp":"2025-11-05T17:53:36.647Z","requestId":"3a189a68-a90c-430c-a4f7-0f97b936fbf6","operation":"http_request","duration":29.2307,"method":"GET","url":"/api/rastreamento/viagem-ativa","status":404}
{"timestamp":"2025-11-05T17:53:36.649Z","requestId":"2838d081-d514-4529-9299-f83a1bdfa821","operation":"http_request","duration":15.7431,"method":"GET","url":"/assets/images/favicon.ico","status":200}
{"timestamp":"2025-11-05T17:53:36.654Z","requestId":"228760d9-dc06-43db-8954-f3b1de310244","operation":"http_request","duration":33.9531,"method":"GET","url":"/api/rastreamento/estatisticas","status":404}
{"timestamp":"2025-11-05T17:53:36.684Z","requestId":"c0dee04b-b449-4ba6-b56d-467af723ebaa","operation":"http_request","duration":15.4362,"method":"GET","url":"/manifest.json","status":200}
{"timestamp":"2025-11-05T17:53:36.688Z","requestId":"571aa701-29df-402e-a7c0-97f03e8480b6","operation":"http_request","duration":4.637,"method":"GET","url":"/assets/images/icon-512.png","status":200}
{"timestamp":"2025-11-05T17:53:36.703Z","requestId":"0d71c4a6-cf8c-42ff-bb8e-b98ceb97f588","operation":"http_request","duration":2.4179,"method":"GET","url":"/assets/images/icon-192.svg","status":200}
{"timestamp":"2025-11-05T17:53:37.616Z","requestId":"7e58178e-c100-42bd-a6f0-724780882bc2","operation":"http_request","duration":1.5641,"method":"GET","url":"/assets/images/guns2.jpg","status":200}
{"timestamp":"2025-11-05T17:53:37.883Z","requestId":"1040490d-5964-4275-b035-6231a2907cf5","operation":"http_request","duration":2.3975,"method":"GET","url":"/assets/images/crian%C3%A7as.png","status":200}
{"timestamp":"2025-11-05T17:53:37.883Z","requestId":"d974a9e7-f62e-4bc0-b665-8139c8749b8e","operation":"http_request","duration":1.1481,"method":"GET","url":"/assets/images/transporte-executivo-de-pessoas-preco.png","status":200}
{"timestamp":"2025-11-05T17:53:37.884Z","requestId":"73ace755-a365-4ef7-a4e7-0ace2058cad2","operation":"http_request","duration":2.026,"method":"GET","url":"/assets/images/transporte-turismo-viagem-rodoviaria-e-conceito-de-pessoas-grupo-de-passageiros-felizes.png","status":200}
{"timestamp":"2025-11-05T17:53:41.641Z","requestId":"67dab27a-d539-42a3-8d5b-c9400a4d581a","operation":"http_request","duration":0.9772,"method":"GET","url":"/assets/images/ccxp1.jpg","status":200}
{"timestamp":"2025-11-05T17:53:42.305Z","requestId":"56bc9518-b42d-4045-8917-1ff65cdd1490","operation":"http_request","duration":1.3962,"method":"GET","url":"/assets/images/Imagem_lollapalooza-brasil-2025.jpg","status":200}
{"timestamp":"2025-11-05T17:53:52.708Z","requestId":"2f6e8264-257a-4558-b11a-f1298fbb33cc","operation":"http_request","duration":0.9057,"method":"GET","url":"/planos.html","status":200}
{"timestamp":"2025-11-05T17:53:52.733Z","requestId":"9735e99b-158a-4bb9-9742-cc6ebf63c9b2","operation":"http_request","duration":4.9506,"method":"GET","url":"/assets/css/bundle.min.css","status":200}
{"timestamp":"2025-11-05T17:53:52.742Z","requestId":"948871f0-1baa-4062-ad17-a0a27b534797","operation":"http_request","duration":6.7427,"method":"GET","url":"/assets/css/planos.css","status":200}
{"timestamp":"2025-11-05T17:53:52.744Z","requestId":"675442af-cf4b-4fa4-9067-5349523a6cc8","operation":"http_request","duration":5.5899,"method":"GET","url":"/assets/images/face.png","status":200}
{"timestamp":"2025-11-05T17:53:52.745Z","requestId":"d39750c3-41ae-4251-8c1c-3e18683aad33","operation":"http_request","duration":6.0018,"method":"GET","url":"/assets/images/logo.png","status":200}
{"timestamp":"2025-11-05T17:53:52.746Z","requestId":"f3b8bb50-1f71-4979-b050-fe3eb3958890","operation":"http_request","duration":6.1881,"method":"GET","url":"/assets/images/insta.png","status":200}
{"timestamp":"2025-11-05T17:53:52.747Z","requestId":"56871454-cd8a-4714-a0dd-eb8cd52289af","operation":"http_request","duration":6.36,"method":"GET","url":"/assets/images/linkedin.png","status":200}
{"timestamp":"2025-11-05T17:53:52.762Z","requestId":"26b2e846-6915-419f-9ce3-f2d7b1076146","operation":"http_request","duration":6.5333,"method":"GET","url":"/assets/js/core/page-detector.js","status":200}
{"timestamp":"2025-11-05T17:53:52.764Z","requestId":"06bc70d5-4d21-4148-b9ab-b9d7f2e0e8bd","operation":"http_request","duration":4.9198,"method":"GET","url":"/assets/css/core/variables.css","status":200}
{"timestamp":"2025-11-05T17:53:52.778Z","requestId":"0e6aeac4-c1ff-45b6-82b0-c0a1204f272e","operation":"http_request","duration":4.5487,"method":"GET","url":"/assets/js/bundle.min.js","status":200}
{"timestamp":"2025-11-05T17:53:52.786Z","requestId":"2d7d008d-f12a-42eb-bc33-87aa61b5b6f6","operation":"http_request","duration":10.6643,"method":"GET","url":"/assets/js/planos.js","status":404}
{"timestamp":"2025-11-05T17:53:52.811Z","requestId":"5cc25232-df82-4b85-8169-53101086c31d","operation":"http_request","duration":3.4138,"method":"GET","url":"/assets/js/animations/animacoes-planos.js","status":200}
{"timestamp":"2025-11-05T17:53:52.830Z","requestId":"0af41d0d-5bd2-4d56-b7c3-f3ef1afcb1b9","operation":"http_request","duration":3.6994,"method":"GET","url":"/api/rastreamento/viagem-ativa","status":404}
{"timestamp":"2025-11-05T17:53:52.832Z","requestId":"d43cdd10-4c3e-4868-8fab-b1489edd2f1b","operation":"http_request","duration":4.5978,"method":"GET","url":"/api/rastreamento/estatisticas","status":404}
{"timestamp":"2025-11-05T17:54:06.096Z","requestId":"882e8a07-5129-448f-a46f-af8edafdbffe","operation":"http_request","duration":3.5628,"method":"GET","url":"/contato.html","status":200}
{"timestamp":"2025-11-05T17:54:06.117Z","requestId":"aaec4d3c-7b83-486c-9559-522dc38faeb9","operation":"http_request","duration":1.9671,"method":"GET","url":"/assets/css/bundle.min.css","status":200}
{"timestamp":"2025-11-05T17:54:06.124Z","requestId":"70bf2722-3f26-4a91-9d23-ae694fc5895d","operation":"http_request","duration":2.9525,"method":"GET","url":"/assets/js/bundle.min.js","status":200}
{"timestamp":"2025-11-05T17:54:06.125Z","requestId":"45cedb62-c694-40f9-ad6e-ceb823c19f1a","operation":"http_request","duration":4.9623,"method":"GET","url":"/assets/js/core/app.js","status":200}
{"timestamp":"2025-11-05T17:54:06.126Z","requestId":"3d3b97f0-9d63-4d9d-b2f8-c76621e06f31","operation":"http_request","duration":3.8718,"method":"GET","url":"/assets/images/logo.png","status":200}
{"timestamp":"2025-11-05T17:54:06.127Z","requestId":"924af3eb-70dd-43c6-a991-66d357a419ee","operation":"http_request","duration":4.5642,"method":"GET","url":"/assets/js/animations/animacoes-index.js","status":200}
{"timestamp":"2025-11-05T17:54:06.145Z","requestId":"b3abec15-7c91-46ed-848b-e03ea083ebbf","operation":"http_request","duration":2.9486,"method":"GET","url":"/api/rastreamento/viagem-ativa","status":404}
{"timestamp":"2025-11-05T17:54:06.146Z","requestId":"e2c33ad3-3448-45a5-8a90-1676c9cb93c0","operation":"http_request","duration":3.1532,"method":"GET","url":"/api/rastreamento/estatisticas","status":404}
{"timestamp":"2025-11-05T17:54:06.156Z","requestId":"b240f47c-2b74-44b4-9023-3555dbb8b98b","operation":"http_request","duration":2.0653,"method":"GET","url":"/assets/images/favicon.ico","status":200}
{"timestamp":"2025-11-05T17:54:06.157Z","requestId":"4ff635f6-c3d1-42c9-a2c8-db1b69af4546","operation":"http_request","duration":2.0168,"method":"GET","url":"/manifest.json","status":200}
{"timestamp":"2025-11-05T17:54:06.169Z","requestId":"5d215c00-248e-4483-9cd8-63f0931a6581","operation":"http_request","duration":2.4209,"method":"GET","url":"/assets/images/icon-512.png","status":200}
{"timestamp":"2025-11-05T17:54:06.171Z","requestId":"1c3371f4-3444-48cd-bfc2-309ff537b3f9","operation":"http_request","duration":3.8404,"method":"GET","url":"/assets/images/icon-192.svg","status":200}
{"timestamp":"2025-11-05T17:54:07.326Z","requestId":"71389a16-4060-4347-bba0-3cda26aeaed5","operation":"http_request","duration":6.281,"method":"GET","url":"/assets/images/face.png","status":200}
{"timestamp":"2025-11-05T17:54:07.329Z","requestId":"b7b14d86-4d44-4b10-8207-acb54e8509a3","operation":"http_request","duration":7.4701,"method":"GET","url":"/assets/images/insta.png","status":200}
{"timestamp":"2025-11-05T17:54:07.330Z","requestId":"7f0b78ca-b8c9-4b6d-8029-adc487a60a3d","operation":"http_request","duration":6.1534,"method":"GET","url":"/assets/images/linkedin.png","status":200}
{"timestamp":"2025-11-05T17:54:11.052Z","requestId":"400b42db-ec17-4163-a94a-43275df0b57f","operation":"http_request","duration":1.7732,"method":"GET","url":"/encontrar-transporte.html","status":200}
{"timestamp":"2025-11-05T17:54:11.084Z","requestId":"fd615985-c8b7-4b3b-9825-169d60d6c920","operation":"http_request","duration":7.7296,"method":"GET","url":"/assets/css/bundle.min.css","status":200}
{"timestamp":"2025-11-05T17:54:11.086Z","requestId":"1925b97f-4432-4b04-990c-c80f942714c0","operation":"http_request","duration":4.2611,"method":"GET","url":"/assets/css/encontrar-transporte.css","status":200}
{"timestamp":"2025-11-05T17:54:11.087Z","requestId":"a1d208cd-fb34-48bf-82e7-1357e3f0d18b","operation":"http_request","duration":3.5993,"method":"GET","url":"/assets/libs/leaflet/leaflet.css","status":200}
{"timestamp":"2025-11-05T17:54:11.088Z","requestId":"f8989490-61a1-49ca-a051-2e1b6ee761b8","operation":"http_request","duration":9.1213,"method":"GET","url":"/assets/css/core/color-fix.css","status":404}
{"timestamp":"2025-11-05T17:54:11.089Z","requestId":"8f7b248d-4510-4fab-ac52-fb1cc6ff71f1","operation":"http_request","duration":9.2862,"method":"GET","url":"/assets/css/core/force-visibility.css","status":404}
{"timestamp":"2025-11-05T17:54:11.091Z","requestId":"2bca3d29-788f-462b-b740-cf9085fb75e0","operation":"http_request","duration":9.7023,"method":"GET","url":"/assets/css/core/emergency-fix.css","status":404}
{"timestamp":"2025-11-05T17:54:11.099Z","requestId":"46646798-472b-41e2-ad8b-1ca23a67563c","operation":"http_request","duration":7.0225,"method":"GET","url":"/assets/libs/leaflet/leaflet.js","status":200}
{"timestamp":"2025-11-05T17:54:11.101Z","requestId":"5fe45bae-6407-45f5-8107-64cd68ee94a1","operation":"http_request","duration":6.5319,"method":"GET","url":"/assets/images/logo.png","status":200}
{"timestamp":"2025-11-05T17:54:11.102Z","requestId":"c50b9d25-f5ba-4670-bf98-bc91112a2464","operation":"http_request","duration":5.3341,"method":"GET","url":"/assets/images/face.png","status":200}
{"timestamp":"2025-11-05T17:54:11.102Z","requestId":"bbc36dde-a2bf-44f8-813e-afd00a721d92","operation":"http_request","duration":3.7524,"method":"GET","url":"/assets/css/core/variables.css","status":200}
{"timestamp":"2025-11-05T17:54:11.119Z","requestId":"061c5dfd-a655-48fc-a1d6-fab9e7e28030","operation":"http_request","duration":2.1353,"method":"GET","url":"/assets/images/insta.png","status":200}
{"timestamp":"2025-11-05T17:54:11.124Z","requestId":"1813287b-2d70-4950-a7cb-bac52a65b8b8","operation":"http_request","duration":3.5448,"method":"GET","url":"/assets/images/linkedin.png","status":200}
{"timestamp":"2025-11-05T17:54:11.125Z","requestId":"ae15a363-8932-4ed5-8484-1ae4deae56f3","operation":"http_request","duration":4.1791,"method":"GET","url":"/assets/js/bundle.min.js","status":200}
{"timestamp":"2025-11-05T17:54:11.130Z","requestId":"f49b4be2-3b00-46c9-a991-606a26914046","operation":"http_request","duration":8.075,"method":"GET","url":"/assets/js/google-maps-integration.js","status":404}
{"timestamp":"2025-11-05T17:54:11.131Z","requestId":"75a763a5-fac3-4af8-a5fb-4be337d5b60e","operation":"http_request","duration":8.6248,"method":"GET","url":"/assets/js/encontrar-transporte.js","status":404}
{"timestamp":"2025-11-05T17:54:11.176Z","requestId":"eb0792ed-3b54-4069-93e8-7336630d997a","operation":"http_request","duration":2.9395,"method":"GET","url":"/api/rastreamento/estatisticas","status":404}
{"timestamp":"2025-11-05T17:54:11.179Z","requestId":"9ae15af9-3b8d-4cf4-bd9a-5ac9ad0dbbf9","operation":"http_request","duration":6.8608,"method":"GET","url":"/api/rastreamento/viagem-ativa","status":404}
{"timestamp":"2025-11-05T17:54:11.183Z","requestId":"39939de1-6546-4afe-b0e0-d901b451a2b8","operation":"http_request","duration":2.0964,"method":"GET","url":"/assets/images/favicon.ico","status":200}
{"timestamp":"2025-11-05T17:54:33.811Z","requestId":"03d7e54a-5ee7-4fd4-906e-2c304015692f","operation":"http_request","duration":1.7503,"method":"GET","url":"/sobre.html","status":200}
{"timestamp":"2025-11-05T17:54:33.835Z","requestId":"92b68688-bf3a-444b-8957-cca9dd8847b5","operation":"http_request","duration":3.7389,"method":"GET","url":"/assets/css/bundle.min.css","status":200}
{"timestamp":"2025-11-05T17:54:33.837Z","requestId":"90f24827-0ead-4842-9360-cfc0dfd830bf","operation":"http_request","duration":5.2755,"method":"GET","url":"/assets/images/logo.png","status":200}
{"timestamp":"2025-11-05T17:54:33.840Z","requestId":"3557438f-6a34-42fa-9613-814ddc731a8b","operation":"http_request","duration":7.5622,"method":"GET","url":"/assets/js/core/page-detector.js","status":200}
{"timestamp":"2025-11-05T17:54:33.842Z","requestId":"bda1f8c4-4ad8-4376-a2ac-2575e8b57565","operation":"http_request","duration":7.7204,"method":"GET","url":"/assets/js/bundle.min.js","status":200}
{"timestamp":"2025-11-05T17:54:33.843Z","requestId":"365e0864-b0ba-4326-a612-57c7ecf06688","operation":"http_request","duration":3.9722,"method":"GET","url":"/assets/images/face.png","status":200}
{"timestamp":"2025-11-05T17:54:33.844Z","requestId":"c2b7e85c-cd13-4b85-b0cf-9d551974702c","operation":"http_request","duration":4.3869,"method":"GET","url":"/assets/js/animations/animacoes-sobre.js","status":200}
{"timestamp":"2025-11-05T17:54:33.853Z","requestId":"e5e744ad-1096-48c9-b334-d1bf6916bc81","operation":"http_request","duration":4.6538,"method":"GET","url":"/assets/images/insta.png","status":200}
{"timestamp":"2025-11-05T17:54:33.857Z","requestId":"9595943c-4f63-4c3e-a63f-e904337c387d","operation":"http_request","duration":5.03,"method":"GET","url":"/assets/images/linkedin.png","status":200}
{"timestamp":"2025-11-05T17:54:33.889Z","requestId":"9032bbe5-73e0-4b16-ae69-67c405b277d3","operation":"http_request","duration":7.0006,"method":"GET","url":"/api/rastreamento/viagem-ativa","status":404}
{"timestamp":"2025-11-05T17:54:33.892Z","requestId":"de61c33a-6a75-4e5f-a0f4-eb31b9294e7d","operation":"http_request","duration":7.1359,"method":"GET","url":"/api/rastreamento/estatisticas","status":404}
{"timestamp":"2025-11-05T17:54:34.945Z","requestId":"6e5da558-981f-4045-b520-b4e338706138","operation":"http_request","duration":3.0107,"method":"GET","url":"/assets/images/joao-silva.svg","status":200}
{"timestamp":"2025-11-05T17:54:34.946Z","requestId":"ef6dd1f7-74f5-4b01-b74b-223ebf44f5b9","operation":"http_request","duration":3.0656,"method":"GET","url":"/assets/images/maria-santos.svg","status":200}
{"timestamp":"2025-11-05T17:54:34.960Z","requestId":"49107dce-39f6-407a-b5e6-cd748de628e1","operation":"http_request","duration":1.2535,"method":"GET","url":"/assets/images/carlos-oliveira.svg","status":200}
{"timestamp":"2025-11-05T17:54:34.961Z","requestId":"1f999f8e-bb70-4da0-8fff-6e169a1e0c22","operation":"http_request","duration":1.2169,"method":"GET","url":"/assets/images/ana-costa.svg","status":200}
{"timestamp":"2025-11-05T17:54:50.243Z","requestId":"76cb015c-8edf-483e-b053-34bb0bcf8a1c","operation":"http_request","duration":2.1654,"method":"GET","url":"/index.html","status":200}
{"timestamp":"2025-11-05T17:54:50.276Z","requestId":"52c972b3-1036-44a0-862e-23188420e021","operation":"http_request","duration":3.1797,"method":"GET","url":"/assets/css/bundle.min.css","status":200}
{"timestamp":"2025-11-05T17:54:50.286Z","requestId":"bdebddac-0d35-4c3f-a863-91d0cc25629c","operation":"http_request","duration":6.2946,"method":"GET","url":"/assets/images/mulher%20andando%20na%20cidade.jpg","status":200}
{"timestamp":"2025-11-05T17:54:50.288Z","requestId":"4b0c2113-ae22-4a4b-899c-4bfeb43712fa","operation":"http_request","duration":6.9339,"method":"GET","url":"/assets/js/core/app.js","status":200}
{"timestamp":"2025-11-05T17:54:50.289Z","requestId":"68552efa-a05f-4174-88e3-a48f88ab39be","operation":"http_request","duration":7.2328,"method":"GET","url":"/assets/images/logo.png","status":200}
{"timestamp":"2025-11-05T17:54:50.290Z","requestId":"53f90e74-6592-4c73-8695-57e39ed913bc","operation":"http_request","duration":7.8121,"method":"GET","url":"/assets/js/core/page-detector.js","status":200}
{"timestamp":"2025-11-05T17:54:50.293Z","requestId":"b278178a-75ea-4092-b0b6-b3ac12db2e8c","operation":"http_request","duration":8.8411,"method":"GET","url":"/assets/js/bundle.min.js","status":200}
{"timestamp":"2025-11-05T17:54:50.310Z","requestId":"4c03d935-61ee-4bec-b22d-aca3f9e436f0","operation":"http_request","duration":4.1505,"method":"GET","url":"/assets/js/animations/animacoes-index.js","status":200}
{"timestamp":"2025-11-05T17:54:50.334Z","requestId":"5c8c0877-7755-49e5-a936-8431f71c5d95","operation":"http_request","duration":10.9543,"method":"GET","url":"/assets/images/crian%C3%A7as.png","status":200}
{"timestamp":"2025-11-05T17:54:50.336Z","requestId":"09c2a2df-4810-42c8-aae4-3716e04ec18b","operation":"http_request","duration":6.6226,"method":"GET","url":"/assets/images/guns2.jpg","status":200}
{"timestamp":"2025-11-05T17:54:50.338Z","requestId":"06ba9983-4ade-4958-aef2-db8adc8ebc04","operation":"http_request","duration":13.3024,"method":"GET","url":"/assets/images/transporte-turismo-viagem-rodoviaria-e-conceito-de-pessoas-grupo-de-passageiros-felizes.png","status":200}
{"timestamp":"2025-11-05T17:54:50.340Z","requestId":"0df8be0a-7178-4bdf-b128-4a1179c04114","operation":"http_request","duration":13.0483,"method":"GET","url":"/assets/images/transporte-executivo-de-pessoas-preco.png","status":200}
{"timestamp":"2025-11-05T17:54:50.369Z","requestId":"0de992bd-f65a-4a16-a684-52f5332991a2","operation":"http_request","duration":20.5485,"method":"GET","url":"/api/rastreamento/viagem-ativa","status":404}
{"timestamp":"2025-11-05T17:54:50.373Z","requestId":"0b920fce-4a76-4fa6-b692-243191cf1cf8","operation":"http_request","duration":19.3987,"method":"GET","url":"/api/rastreamento/estatisticas","status":404}
{"timestamp":"2025-11-05T17:54:50.378Z","requestId":"7694e4e9-8429-490a-8098-d850a4f3c7f1","operation":"http_request","duration":11.3085,"method":"GET","url":"/assets/images/favicon.ico","status":200}
{"timestamp":"2025-11-05T17:54:50.383Z","requestId":"5593175f-5ea9-4d1a-9f19-26a4a036a716","operation":"http_request","duration":6.6552,"method":"GET","url":"/manifest.json","status":200}
{"timestamp":"2025-11-05T17:54:50.391Z","requestId":"7efd66c4-e2cb-496e-9b34-0aecab3d6630","operation":"http_request","duration":2.2513,"method":"GET","url":"/assets/images/icon-512.png","status":200}
{"timestamp":"2025-11-05T17:54:50.391Z","requestId":"794b471f-db3a-4dbb-b8ba-c6f6ed7bd829","operation":"http_request","duration":1.5783,"method":"GET","url":"/assets/images/icon-192.svg","status":200}
{"timestamp":"2025-11-05T17:54:51.501Z","requestId":"e3c8253e-a2ca-4e8b-aef6-6a31a42ae686","operation":"http_request","duration":2.6649,"method":"GET","url":"/auth/login.html","status":200}
{"timestamp":"2025-11-05T17:54:51.532Z","requestId":"e3d8255d-ebd9-45b9-85dd-be1f0744aa88","operation":"http_request","duration":2.8263,"method":"GET","url":"/assets/css/bundle.min.css","status":200}
{"timestamp":"2025-11-05T17:54:51.543Z","requestId":"ca2e73f5-1238-4c03-9d29-285fe700d5d5","operation":"http_request","duration":4.6792,"method":"GET","url":"/assets/css/components/loading.css","status":200}
{"timestamp":"2025-11-05T17:54:51.545Z","requestId":"ef2f0039-0a95-449a-9a37-cfd3f393a4d4","operation":"http_request","duration":4.6877,"method":"GET","url":"/assets/js/api/mock-api.js","status":200}
{"timestamp":"2025-11-05T17:54:51.547Z","requestId":"5d7a65fc-f788-4d2d-8e74-fded3f2dab4b","operation":"http_request","duration":5.5406,"method":"GET","url":"/assets/js/core/cache-manager.js","status":200}
{"timestamp":"2025-11-05T17:54:51.551Z","requestId":"09c08823-413d-4970-8209-7b86975dd86e","operation":"http_request","duration":14.5556,"method":"GET","url":"/assets/css/core/force-visibility.css","status":404}
{"timestamp":"2025-11-05T17:54:51.552Z","requestId":"74b5fe0b-d771-4d9d-bbd6-1edecf8b86b7","operation":"http_request","duration":17.6041,"method":"GET","url":"/assets/css/core/color-fix.css","status":404}
{"timestamp":"2025-11-05T17:54:51.565Z","requestId":"6eac0912-0839-4c8d-94a1-1c3aaf0d537b","operation":"http_request","duration":10.5868,"method":"GET","url":"/assets/js/core/config.js","status":200}
{"timestamp":"2025-11-05T17:54:51.567Z","requestId":"4b74392b-2e34-4041-8362-3a05488289ac","operation":"http_request","duration":9.2347,"method":"GET","url":"/assets/js/core/routes.js","status":200}
{"timestamp":"2025-11-05T17:54:51.568Z","requestId":"cf0cdeaf-d296-45be-b139-19f337bdb25b","operation":"http_request","duration":8.7851,"method":"GET","url":"/assets/js/core/auth-manager.js","status":200}
{"timestamp":"2025-11-05T17:54:51.569Z","requestId":"97143008-b0f3-4160-81a2-4b6869de2de7","operation":"http_request","duration":9.9351,"method":"GET","url":"/assets/js/core/form-validator.js","status":200}
{"timestamp":"2025-11-05T17:54:51.571Z","requestId":"74267622-532f-4a60-aff3-2b59906ddb2c","operation":"http_request","duration":8.8549,"method":"GET","url":"/assets/js/core/ui-utils.js","status":200}
{"timestamp":"2025-11-05T17:54:51.572Z","requestId":"b74fa002-58dd-45d9-8563-4d6b4516a86b","operation":"http_request","duration":8.3944,"method":"GET","url":"/assets/images/logo.png","status":200}
{"timestamp":"2025-11-05T17:54:51.589Z","requestId":"09f80a92-3517-47d9-bff0-920d75fd4601","operation":"http_request","duration":9.5764,"method":"GET","url":"/assets/images/face.png","status":200}
{"timestamp":"2025-11-05T17:54:51.596Z","requestId":"dfabacff-eb06-4a5b-8636-e2459452b189","operation":"http_request","duration":14.1645,"method":"GET","url":"/assets/images/linkedin.png","status":200}
{"timestamp":"2025-11-05T17:54:51.604Z","requestId":"482d6852-3410-4e33-b403-aeb723b23c53","operation":"http_request","duration":18.1464,"method":"GET","url":"/assets/images/insta.png","status":200}
{"timestamp":"2025-11-05T17:54:51.609Z","requestId":"12967864-3fb2-4b57-b61b-94602ec6fa9e","operation":"http_request","duration":21.8088,"method":"GET","url":"/assets/js/core/app.js","status":200}
{"timestamp":"2025-11-05T17:54:51.611Z","requestId":"c021e8e4-110f-4dc1-9add-675bf1f89f0e","operation":"http_request","duration":23.8859,"method":"GET","url":"/assets/js/components/loading.js","status":200}
{"timestamp":"2025-11-05T17:54:51.662Z","requestId":"321c5ea8-fd05-4372-8fb7-61dfd1b0473a","operation":"http_request","duration":14.0403,"method":"GET","url":"/assets/js/core/api-client.js","status":200}
{"timestamp":"2025-11-05T17:54:51.685Z","requestId":"435f7c4c-b9c9-4228-9f84-f218d3eff3d1","operation":"http_request","duration":2.3498,"method":"GET","url":"/assets/js/core/config.js","status":200}
{"timestamp":"2025-11-05T17:54:53.121Z","requestId":"60d1bd71-6b13-4212-8fd7-03de3ee81807","operation":"http_request","duration":2.0869,"method":"GET","url":"/auth/login.html","status":200}
{"timestamp":"2025-11-05T17:54:53.136Z","requestId":"b2642674-0b6d-42f1-8544-fcd51830afc7","operation":"http_request","duration":1.309,"method":"GET","url":"/assets/css/bundle.min.css","status":200}
{"timestamp":"2025-11-05T17:54:53.142Z","requestId":"f7f17cd8-8929-4277-b03b-9ea45e847189","operation":"http_request","duration":3.3324,"method":"GET","url":"/assets/css/components/loading.css","status":200}
{"timestamp":"2025-11-05T17:54:53.143Z","requestId":"55a40277-d241-4cfa-a35c-6c4ce4a35b66","operation":"http_request","duration":3.4922,"method":"GET","url":"/assets/js/api/mock-api.js","status":200}
{"timestamp":"2025-11-05T17:54:53.144Z","requestId":"6e7d4ef4-8d08-4e44-accd-f2bd1ce58fff","operation":"http_request","duration":4.0662,"method":"GET","url":"/assets/js/core/cache-manager.js","status":200}
{"timestamp":"2025-11-05T17:54:53.147Z","requestId":"c84ff5cb-06ae-4656-8173-eb389d4c70e6","operation":"http_request","duration":9.3148,"method":"GET","url":"/assets/css/core/color-fix.css","status":404}
{"timestamp":"2025-11-05T17:54:53.148Z","requestId":"42fe0c29-c34e-4418-a8db-00017bb40312","operation":"http_request","duration":10.2225,"method":"GET","url":"/assets/css/core/force-visibility.css","status":404}
{"timestamp":"2025-11-05T17:54:53.158Z","requestId":"080e42ef-616d-414f-85ec-d8184c6bc085","operation":"http_request","duration":7.8855,"method":"GET","url":"/assets/js/core/config.js","status":200}
{"timestamp":"2025-11-05T17:54:53.159Z","requestId":"0f52c40f-613b-4787-93f7-41c5ff2bc60e","operation":"http_request","duration":7.0431,"method":"GET","url":"/assets/js/core/routes.js","status":200}
{"timestamp":"2025-11-05T17:54:53.163Z","requestId":"a51bda78-b3ee-4601-b9fa-52923849b6a2","operation":"http_request","duration":9.8754,"method":"GET","url":"/assets/js/core/auth-manager.js","status":200}
{"timestamp":"2025-11-05T17:54:53.164Z","requestId":"e6874d08-785b-4355-a15b-3f216b51415c","operation":"http_request","duration":10.3709,"method":"GET","url":"/assets/js/core/form-validator.js","status":200}
{"timestamp":"2025-11-05T17:54:53.165Z","requestId":"7e654926-6e36-4d76-aec1-e81507be90dc","operation":"http_request","duration":10.4635,"method":"GET","url":"/assets/js/core/ui-utils.js","status":200}
{"timestamp":"2025-11-05T17:54:53.167Z","requestId":"5e22116c-70f1-415b-8368-c4cb232ed665","operation":"http_request","duration":6.0282,"method":"GET","url":"/assets/images/logo.png","status":200}
{"timestamp":"2025-11-05T17:54:53.175Z","requestId":"c5ec60da-ea59-4d4b-aa74-210cb09f3f52","operation":"http_request","duration":5.885,"method":"GET","url":"/assets/images/face.png","status":200}
{"timestamp":"2025-11-05T17:54:53.188Z","requestId":"0fb172a5-da39-4ac4-aba0-2b192287a6c1","operation":"http_request","duration":11.1209,"method":"GET","url":"/assets/images/insta.png","status":200}
{"timestamp":"2025-11-05T17:54:53.190Z","requestId":"8de3087b-dddb-4c41-b284-4a5990387670","operation":"http_request","duration":10.0897,"method":"GET","url":"/assets/js/core/app.js","status":200}
{"timestamp":"2025-11-05T17:54:53.191Z","requestId":"61780742-0d51-431c-88b9-86b67d1ae9b5","operation":"http_request","duration":8.6505,"method":"GET","url":"/assets/js/components/loading.js","status":200}
{"timestamp":"2025-11-05T17:54:53.191Z","requestId":"5e598f48-b91f-4f85-82b4-1457a6b60366","operation":"http_request","duration":12.718,"method":"GET","url":"/assets/images/linkedin.png","status":200}
{"timestamp":"2025-11-05T17:54:53.239Z","requestId":"32727882-1a06-4cef-a0c7-67cd363b2362","operation":"http_request","duration":4.5946,"method":"GET","url":"/assets/js/core/api-client.js","status":200}
{"timestamp":"2025-11-05T17:54:53.251Z","requestId":"55c0306b-71c6-4f07-8350-c22aea086da2","operation":"http_request","duration":1.7414,"method":"GET","url":"/assets/js/core/config.js","status":200}
{"timestamp":"2025-11-05T17:54:54.911Z","requestId":"63fdac52-f06f-485f-84a8-e9a4f311088b","operation":"http_request","duration":2.7669,"method":"GET","url":"/index.html","status":200}
{"timestamp":"2025-11-05T17:54:54.935Z","requestId":"1afd823c-1b25-4c4d-8bcb-8abc1c84f98e","operation":"http_request","duration":7.5308,"method":"GET","url":"/assets/css/bundle.min.css","status":200}
{"timestamp":"2025-11-05T17:54:54.936Z","requestId":"41cacd5c-1f1e-4987-9496-0392ff7cb2af","operation":"http_request","duration":5.6171,"method":"GET","url":"/assets/images/mulher%20andando%20na%20cidade.jpg","status":200}
{"timestamp":"2025-11-05T17:54:54.937Z","requestId":"5a971c19-32a0-4d6b-9787-b6f3e75bd557","operation":"http_request","duration":5.0517,"method":"GET","url":"/assets/js/core/app.js","status":200}
{"timestamp":"2025-11-05T17:54:54.938Z","requestId":"e487498e-3a71-4e9d-80f7-6a183b71e917","operation":"http_request","duration":4.8993,"method":"GET","url":"/assets/images/logo.png","status":200}
{"timestamp":"2025-11-05T17:54:54.938Z","requestId":"77084d27-c7ba-4136-9ecc-9c181a6e734c","operation":"http_request","duration":4.6496,"method":"GET","url":"/assets/js/core/page-detector.js","status":200}
{"timestamp":"2025-11-05T17:54:54.939Z","requestId":"4d5625ac-0100-4ac8-93bd-dce2eb93d71f","operation":"http_request","duration":4.4181,"method":"GET","url":"/assets/js/bundle.min.js","status":200}
{"timestamp":"2025-11-05T17:54:54.950Z","requestId":"02448e34-9c82-4218-92bd-78263b21f636","operation":"http_request","duration":3.4237,"method":"GET","url":"/assets/js/animations/animacoes-index.js","status":200}
{"timestamp":"2025-11-05T17:54:54.968Z","requestId":"9a9e088c-3fe8-417f-9612-cc9bfba51f08","operation":"http_request","duration":6.195,"method":"GET","url":"/assets/images/crian%C3%A7as.png","status":200}
{"timestamp":"2025-11-05T17:54:54.969Z","requestId":"9ea53cfb-498c-42e0-a9e3-e7a59ecf6b42","operation":"http_request","duration":5.5599,"method":"GET","url":"/assets/images/transporte-turismo-viagem-rodoviaria-e-conceito-de-pessoas-grupo-de-passageiros-felizes.png","status":200}
{"timestamp":"2025-11-05T17:54:54.971Z","requestId":"0905aa4a-dbee-4791-b892-f54acd1571cc","operation":"http_request","duration":6.177,"method":"GET","url":"/assets/images/transporte-executivo-de-pessoas-preco.png","status":200}
{"timestamp":"2025-11-05T17:54:54.973Z","requestId":"523edef2-4230-47aa-bd9f-5b240c4c26fc","operation":"http_request","duration":6.9936,"method":"GET","url":"/assets/images/guns2.jpg","status":200}
{"timestamp":"2025-11-05T17:54:54.988Z","requestId":"494d6528-9c00-442d-9763-4231203afa6c","operation":"http_request","duration":12.7478,"method":"GET","url":"/api/rastreamento/viagem-ativa","status":404}
{"timestamp":"2025-11-05T17:54:54.993Z","requestId":"84143885-4b26-4669-884b-3983c3d17bcb","operation":"http_request","duration":7.0463,"method":"GET","url":"/manifest.json","status":200}
{"timestamp":"2025-11-05T17:54:54.995Z","requestId":"338cd0c7-0f7e-4619-ae7e-c03dbf81ef06","operation":"http_request","duration":5.0465,"method":"GET","url":"/assets/images/favicon.ico","status":200}
{"timestamp":"2025-11-05T17:54:55.006Z","requestId":"008aef98-61da-47fb-a766-bde164128d45","operation":"http_request","duration":2.3549,"method":"GET","url":"/assets/images/icon-512.png","status":200}
{"timestamp":"2025-11-05T17:54:55.007Z","requestId":"828a00ee-fd12-48cd-a78f-7a79678398b3","operation":"http_request","duration":2.3278,"method":"GET","url":"/assets/images/icon-192.svg","status":200}
{"timestamp":"2025-11-05T17:54:57.336Z","requestId":"c990a6f9-8abe-4e63-8acb-1e9996df0861","operation":"http_request","duration":3.6494,"method":"GET","url":"/cadastro-escolar.html","status":200}
{"timestamp":"2025-11-05T17:54:57.392Z","requestId":"f52bcadf-7f4b-41a0-b418-1e1ea6d0b590","operation":"http_request","duration":2.9322,"method":"GET","url":"/assets/css/bundle.min.css","status":200}
{"timestamp":"2025-11-05T17:54:57.405Z","requestId":"f9079936-2105-4dae-868f-b57afb465751","operation":"http_request","duration":4.14,"method":"GET","url":"/assets/css/components/loading.css","status":200}
{"timestamp":"2025-11-05T17:54:57.406Z","requestId":"20b10910-5ccf-4fb0-b743-a9ff8af1682f","operation":"http_request","duration":4.6164,"method":"GET","url":"/assets/js/core/form-validator.js","status":200}
{"timestamp":"2025-11-05T17:54:57.407Z","requestId":"4e984057-65e7-417f-a107-7d81560314cc","operation":"http_request","duration":3.7823,"method":"GET","url":"/assets/images/logo.png","status":200}
{"timestamp":"2025-11-05T17:54:57.408Z","requestId":"5610dda6-3879-48db-ab27-9dfc983475d2","operation":"http_request","duration":11.0955,"method":"GET","url":"/assets/css/core/color-fix.css","status":404}
{"timestamp":"2025-11-05T17:54:57.410Z","requestId":"7d399350-3a3c-4c27-bbbc-e542a2524f71","operation":"http_request","duration":10.3795,"method":"GET","url":"/assets/css/core/force-visibility.css","status":404}
{"timestamp":"2025-11-05T17:54:57.420Z","requestId":"c7da5104-5890-4dd8-8fd7-59f57c8505a7","operation":"http_request","duration":7.1614,"method":"GET","url":"/assets/images/face.png","status":200}
{"timestamp":"2025-11-05T17:54:57.422Z","requestId":"2e37e87f-b22e-488b-b0c2-a67e2cd58449","operation":"http_request","duration":5.8857,"method":"GET","url":"/assets/images/linkedin.png","status":200}
{"timestamp":"2025-11-05T17:54:57.424Z","requestId":"9aac39ce-f75a-4fa1-876c-f5c2aef5fcb6","operation":"http_request","duration":6.8677,"method":"GET","url":"/assets/images/insta.png","status":200}
{"timestamp":"2025-11-05T17:54:57.426Z","requestId":"e6fcd60c-d004-4651-b6f5-f955191a4c99","operation":"http_request","duration":8.0908,"method":"GET","url":"/assets/js/bundle.min.js","status":200}
{"timestamp":"2025-11-05T17:54:57.428Z","requestId":"a9d968da-0416-4bfd-ab7e-7cfb9ddb8ccd","operation":"http_request","duration":8.9582,"method":"GET","url":"/assets/js/components/loading.js","status":200}
{"timestamp":"2025-11-05T17:54:57.466Z","requestId":"3019e9d0-18f4-452d-9cd7-87e890961bcf","operation":"http_request","duration":3.8191,"method":"GET","url":"/api/rastreamento/viagem-ativa","status":404}
{"timestamp":"2025-11-05T17:55:00.238Z","requestId":"204d8967-a78e-4599-8525-a1540c488a04","operation":"http_request","duration":1.5724,"method":"GET","url":"/cadastro-excursao.html","status":200}
{"timestamp":"2025-11-05T17:55:00.285Z","requestId":"6a0c4f67-2535-49b2-a610-98dbb4120b57","operation":"http_request","duration":2.3379,"method":"GET","url":"/assets/css/bundle.min.css","status":200}
{"timestamp":"2025-11-05T17:55:00.296Z","requestId":"35418f6c-0943-4758-bd6a-59bf6a1a0309","operation":"http_request","duration":4.2735,"method":"GET","url":"/assets/css/components/loading.css","status":200}
{"timestamp":"2025-11-05T17:55:00.298Z","requestId":"f9d12d59-ecfb-4f2c-a662-eb54cb823da4","operation":"http_request","duration":5.0484,"method":"GET","url":"/assets/js/core/form-validator.js","status":200}
{"timestamp":"2025-11-05T17:55:00.299Z","requestId":"8bbb06ee-9e5e-4925-84aa-076eb9c9bc33","operation":"http_request","duration":4.8111,"method":"GET","url":"/assets/images/logo.png","status":200}
{"timestamp":"2025-11-05T17:55:00.300Z","requestId":"e77456d5-f5d8-4f68-9854-6abcff13900c","operation":"http_request","duration":11.3216,"method":"GET","url":"/assets/css/core/color-fix.css","status":404}
{"timestamp":"2025-11-05T17:55:00.301Z","requestId":"c063ee91-a35a-492e-8217-0600e017f747","operation":"http_request","duration":10.6328,"method":"GET","url":"/assets/css/core/force-visibility.css","status":404}
{"timestamp":"2025-11-05T17:55:00.315Z","requestId":"621521da-a0be-437a-ad40-20e5701d1cb8","operation":"http_request","duration":10.6616,"method":"GET","url":"/assets/images/face.png","status":200}
{"timestamp":"2025-11-05T17:55:00.318Z","requestId":"9cf3a465-351c-4d0d-86a3-3c1b8b5de99e","operation":"http_request","duration":10.2333,"method":"GET","url":"/assets/images/linkedin.png","status":200}
{"timestamp":"2025-11-05T17:55:00.320Z","requestId":"ad34ec3d-48c5-43ed-86d5-24da6fb9e154","operation":"http_request","duration":9.9686,"method":"GET","url":"/assets/images/insta.png","status":200}
{"timestamp":"2025-11-05T17:55:00.323Z","requestId":"0f2efaf5-7190-498f-bf61-c49aef446959","operation":"http_request","duration":11.2319,"method":"GET","url":"/assets/js/bundle.min.js","status":200}
{"timestamp":"2025-11-05T17:55:00.326Z","requestId":"803de8a9-a3ac-46f5-a38f-7a620ecb82ad","operation":"http_request","duration":13.6041,"method":"GET","url":"/assets/js/components/loading.js","status":200}
{"timestamp":"2025-11-05T17:55:00.362Z","requestId":"854b2b24-8bb1-4d3a-8929-cf1e172867ca","operation":"http_request","duration":2.4593,"method":"GET","url":"/api/rastreamento/viagem-ativa","status":404}
{"timestamp":"2025-11-05T19:12:03.074Z","requestId":"7643910c-9d03-4974-8d02-ba573608519e","operation":"http_request","duration":7.2702,"method":"GET","url":"/","status":200}
{"timestamp":"2025-11-05T19:12:03.104Z","requestId":"29bba039-464a-4554-abf0-72932e36aa14","operation":"http_request","duration":10.3865,"method":"GET","url":"/assets/css/bundle.min.css","status":200}
{"timestamp":"2025-11-05T19:12:03.106Z","requestId":"eaf8f578-deec-4a1e-b129-950c0900dd7a","operation":"http_request","duration":7.1946,"method":"GET","url":"/assets/js/core/app.js","status":200}
{"timestamp":"2025-11-05T19:12:03.108Z","requestId":"abd47c83-f3ff-4a09-b2d3-94f20f269a83","operation":"http_request","duration":7.244,"method":"GET","url":"/assets/images/mulher%20andando%20na%20cidade.jpg","status":200}
{"timestamp":"2025-11-05T19:12:03.135Z","requestId":"f6114519-3137-4346-81a6-b150b763aceb","operation":"http_request","duration":8.2034,"method":"GET","url":"/assets/images/logo.png","status":200}
{"timestamp":"2025-11-05T19:12:03.137Z","requestId":"eb08dce0-e0da-4df5-b000-371d06a235ab","operation":"http_request","duration":7.5826,"method":"GET","url":"/assets/js/core/page-detector.js","status":200}
{"timestamp":"2025-11-05T19:12:03.138Z","requestId":"7f9b4693-f538-40cb-ac3e-18feb69adbdf","operation":"http_request","duration":5.5583,"method":"GET","url":"/assets/images/crian%C3%A7as.png","status":200}
{"timestamp":"2025-11-05T19:12:03.153Z","requestId":"5a3b667c-a151-4ad0-802f-7b77dc5a549b","operation":"http_request","duration":5.0056,"method":"GET","url":"/assets/images/transporte-turismo-viagem-rodoviaria-e-conceito-de-pessoas-grupo-de-passageiros-felizes.png","status":200}
{"timestamp":"2025-11-05T19:12:03.156Z","requestId":"b51d108a-14ea-41d4-b77b-82332deece43","operation":"http_request","duration":5.5662,"method":"GET","url":"/assets/images/transporte-executivo-de-pessoas-preco.png","status":200}
{"timestamp":"2025-11-05T19:12:03.175Z","requestId":"a86074ce-8767-4550-80b9-40c74104072f","operation":"http_request","duration":4.412,"method":"GET","url":"/assets/js/bundle.min.js","status":200}
{"timestamp":"2025-11-05T19:12:03.195Z","requestId":"ef88baff-9a31-4dde-be2b-a51bb15b8879","operation":"http_request","duration":3.7352,"method":"GET","url":"/assets/js/animations/animacoes-index.js","status":200}
{"timestamp":"2025-11-05T19:12:03.206Z","requestId":"b74cab06-a87c-440b-ba10-cf1b7e8a3c5c","operation":"http_request","duration":3.1923,"method":"GET","url":"/assets/images/face.png","status":200}
{"timestamp":"2025-11-05T19:12:03.208Z","requestId":"a75e2352-3e99-4b12-9b9b-e84df56355be","operation":"http_request","duration":6.6913,"method":"GET","url":"/assets/images/guns2.jpg","status":200}
{"timestamp":"2025-11-05T19:12:03.212Z","requestId":"0409b50b-8485-4c57-bc4c-120c7d10d476","operation":"http_request","duration":2.6402,"method":"GET","url":"/assets/images/insta.png","status":200}
{"timestamp":"2025-11-05T19:12:03.236Z","requestId":"091f84b6-d247-4e35-8939-d95ab6a58be0","operation":"http_request","duration":9.9639,"method":"GET","url":"/api/rastreamento/viagem-ativa","status":404}
{"timestamp":"2025-11-05T19:12:03.240Z","requestId":"122c9b51-9c52-4c02-961e-53fe54f47554","operation":"http_request","duration":12.0056,"method":"GET","url":"/api/rastreamento/estatisticas","status":404}
{"timestamp":"2025-11-05T19:12:03.367Z","requestId":"c93fec69-02a9-4dfa-9b85-689e3281d421","operation":"http_request","duration":2.068,"method":"GET","url":"/assets/images/linkedin.png","status":200}
{"timestamp":"2025-11-05T19:12:06.017Z","requestId":"9b79a21e-ec1b-4433-bb7a-c1bce8cf63a3","operation":"http_request","duration":7.7798,"method":"GET","url":"/assets/images/favicon.ico","status":200}
{"timestamp":"2025-11-05T19:12:06.032Z","requestId":"7bc3715e-ad9c-4d5c-ba2c-6f9c8d86bbc0","operation":"http_request","duration":6.4937,"method":"GET","url":"/manifest.json","status":200}
{"timestamp":"2025-11-05T19:12:06.042Z","requestId":"487f47ba-e629-40ef-a7c9-1b69e44b151e","operation":"http_request","duration":6.9262,"method":"GET","url":"/assets/images/icon-192.png","status":404}
{"timestamp":"2025-11-05T19:12:06.056Z","requestId":"a5d74bf5-7df1-4e5a-b470-f68af9b3ec22","operation":"http_request","duration":4.4929,"method":"GET","url":"/assets/images/icon-192.svg","status":200}
{"timestamp":"2025-11-05T19:12:06.058Z","requestId":"544dec0c-7545-4447-9f20-33d9ef054228","operation":"http_request","duration":4.475,"method":"GET","url":"/assets/images/icon-512.png","status":200}
{"timestamp":"2025-11-05T19:12:14.818Z","requestId":"98971291-3f52-430f-9b0f-1dee0dbb6393","operation":"http_request","duration":3.6412,"method":"GET","url":"/contato.html","status":200}
{"timestamp":"2025-11-05T19:12:14.862Z","requestId":"f3f61285-2a03-4be1-a46b-3edbbe1a9428","operation":"http_request","duration":3.9933,"method":"GET","url":"/assets/css/bundle.min.css","status":200}
{"timestamp":"2025-11-05T19:12:14.878Z","requestId":"1987543a-8c2d-49a1-9ae2-add68e38b03a","operation":"http_request","duration":12.4945,"method":"GET","url":"/assets/js/core/app.js","status":200}
{"timestamp":"2025-11-05T19:12:14.881Z","requestId":"598aa7c2-f931-41e3-874c-b4fd9f6247d5","operation":"http_request","duration":12.6279,"method":"GET","url":"/assets/js/bundle.min.js","status":200}
{"timestamp":"2025-11-05T19:12:14.884Z","requestId":"e8448af5-d58c-427e-94bb-40365741e3e8","operation":"http_request","duration":13.3612,"method":"GET","url":"/assets/images/logo.png","status":200}
{"timestamp":"2025-11-05T19:12:14.887Z","requestId":"7b40f49a-38d0-4959-94dc-34da20ecde62","operation":"http_request","duration":14.1095,"method":"GET","url":"/assets/js/animations/animacoes-index.js","status":200}
{"timestamp":"2025-11-05T19:12:14.965Z","requestId":"ce92cba5-8c33-4e65-a1ba-b6c5838d6788","operation":"http_request","duration":10.3576,"method":"GET","url":"/assets/images/favicon.ico","status":200}
{"timestamp":"2025-11-05T19:12:14.969Z","requestId":"22a726bb-15d9-4230-8be4-0f6ae9afb2c7","operation":"http_request","duration":8.5015,"method":"GET","url":"/manifest.json","status":200}
{"timestamp":"2025-11-05T19:12:14.971Z","requestId":"ec51e4e9-dd23-41cc-a2ce-b8e817512728","operation":"http_request","duration":24.2186,"method":"GET","url":"/api/rastreamento/viagem-ativa","status":404}
{"timestamp":"2025-11-05T19:12:14.975Z","requestId":"b2b2b1e6-d526-4f97-91ae-6eac0e10dbb5","operation":"http_request","duration":24.0799,"method":"GET","url":"/api/rastreamento/estatisticas","status":404}
{"timestamp":"2025-11-05T19:12:14.996Z","requestId":"d61899a7-0e7e-4593-9bde-a9ca50b23d68","operation":"http_request","duration":8.0733,"method":"GET","url":"/assets/images/icon-512.png","status":200}
{"timestamp":"2025-11-05T19:12:14.998Z","requestId":"f29a14da-f941-445c-8027-7306793050fa","operation":"http_request","duration":8.0417,"method":"GET","url":"/assets/images/icon-192.svg","status":200}
{"timestamp":"2025-11-05T19:12:16.093Z","requestId":"7566acd1-53b5-406a-97e3-6e59c138977d","operation":"http_request","duration":7.1105,"method":"GET","url":"/assets/images/face.png","status":200}
{"timestamp":"2025-11-05T19:12:16.095Z","requestId":"fd236a7f-a2f1-4755-aa33-654342fe7524","operation":"http_request","duration":7.2089,"method":"GET","url":"/assets/images/insta.png","status":200}
{"timestamp":"2025-11-05T19:12:16.098Z","requestId":"102692a2-e05b-4870-9274-acd2a0bccb5e","operation":"http_request","duration":7.4897,"method":"GET","url":"/assets/images/linkedin.png","status":200}
{"timestamp":"2025-11-05T19:12:17.797Z","requestId":"2225c8ed-dab3-41d6-b746-9ffa07e060ef","operation":"http_request","duration":2.3453,"method":"GET","url":"/planos.html","status":200}
{"timestamp":"2025-11-05T19:12:17.823Z","requestId":"ed858b8a-02d2-4526-9a8f-cd3a1e5a40d7","operation":"http_request","duration":4.3129,"method":"GET","url":"/assets/css/bundle.min.css","status":200}
{"timestamp":"2025-11-05T19:12:17.836Z","requestId":"49eb91c9-646c-4eb7-b7f3-34926c5790df","operation":"http_request","duration":10.6779,"method":"GET","url":"/assets/css/planos.css","status":200}
{"timestamp":"2025-11-05T19:12:17.840Z","requestId":"0e75e3ae-34ec-4c13-ad48-5cccd8172eea","operation":"http_request","duration":12.3488,"method":"GET","url":"/assets/images/logo.png","status":200}
{"timestamp":"2025-11-05T19:12:17.841Z","requestId":"0f8ae9b0-1000-43ec-ae2b-8f966856e0a4","operation":"http_request","duration":12.6667,"method":"GET","url":"/assets/images/face.png","status":200}
{"timestamp":"2025-11-05T19:12:17.843Z","requestId":"3c57c7fd-508f-4f22-82c4-f2b43f91b42f","operation":"http_request","duration":10.6723,"method":"GET","url":"/assets/images/insta.png","status":200}
{"timestamp":"2025-11-05T19:12:17.846Z","requestId":"4b6ec130-4552-4bbd-b48b-c48b5c754378","operation":"http_request","duration":11.8794,"method":"GET","url":"/assets/images/linkedin.png","status":200}
{"timestamp":"2025-11-05T19:12:17.863Z","requestId":"0475cb5d-1d11-404e-9a5b-e2cb3473aedf","operation":"http_request","duration":8.8293,"method":"GET","url":"/assets/js/core/page-detector.js","status":200}
{"timestamp":"2025-11-05T19:12:17.867Z","requestId":"9772cfe4-18db-4ead-aea2-b9bb09c4b68f","operation":"http_request","duration":7.4702,"method":"GET","url":"/assets/js/bundle.min.js","status":200}
{"timestamp":"2025-11-05T19:12:17.889Z","requestId":"632580ae-337c-4da2-99f0-4daad5ccbe9e","operation":"http_request","duration":7.0561,"method":"GET","url":"/assets/css/core/variables.css","status":200}
{"timestamp":"2025-11-05T19:12:17.922Z","requestId":"59b9622a-a519-476c-a52f-5dd24b7ae2fe","operation":"http_request","duration":6.8013,"method":"GET","url":"/assets/js/planos.js","status":404}
{"timestamp":"2025-11-05T19:12:17.925Z","requestId":"c643213c-4fa7-4559-bd65-49a6cd6d8119","operation":"http_request","duration":6.3629,"method":"GET","url":"/assets/js/animations/animacoes-planos.js","status":200}
{"timestamp":"2025-11-05T19:12:17.982Z","requestId":"036ddf04-77c5-42ec-b8ae-587ed3ea86d7","operation":"http_request","duration":8.3209,"method":"GET","url":"/api/rastreamento/viagem-ativa","status":404}
{"timestamp":"2025-11-05T19:12:17.985Z","requestId":"fb02e927-d14b-4787-a852-c9860dff3318","operation":"http_request","duration":8.6852,"method":"GET","url":"/api/rastreamento/estatisticas","status":404}
{"timestamp":"2025-11-05T19:12:17.997Z","requestId":"ec67cd41-d53c-4972-8447-57c859777653","operation":"http_request","duration":6.3253,"method":"GET","url":"/favicon.ico","status":404}
{"timestamp":"2025-11-05T19:12:27.807Z","requestId":"105817f4-febc-4f04-91b4-2974749d42c9","operation":"http_request","duration":2.9754,"method":"GET","url":"/index.html","status":200}
{"timestamp":"2025-11-05T19:12:27.849Z","requestId":"06b22628-414d-4d6b-91fa-34c5054ea14e","operation":"http_request","duration":14.2985,"method":"GET","url":"/assets/css/bundle.min.css","status":200}
{"timestamp":"2025-11-05T19:12:27.852Z","requestId":"8d1ddcaf-aa38-4309-88be-ec9c25dc6241","operation":"http_request","duration":14.8757,"method":"GET","url":"/assets/images/mulher%20andando%20na%20cidade.jpg","status":200}
{"timestamp":"2025-11-05T19:12:27.854Z","requestId":"63de143f-5caf-40f4-a9d2-0dc0b304db9e","operation":"http_request","duration":12.0677,"method":"GET","url":"/assets/js/core/app.js","status":200}
{"timestamp":"2025-11-05T19:12:27.855Z","requestId":"94968363-4e01-498c-b118-b08d1734393a","operation":"http_request","duration":10.9888,"method":"GET","url":"/assets/images/logo.png","status":200}
{"timestamp":"2025-11-05T19:12:27.856Z","requestId":"b01b4786-100f-49bd-ad5b-dd8aa0a14a66","operation":"http_request","duration":10.3967,"method":"GET","url":"/assets/js/core/page-detector.js","status":200}
{"timestamp":"2025-11-05T19:12:27.859Z","requestId":"f638b630-8066-4e70-ab71-f67b163477a1","operation":"http_request","duration":11.519,"method":"GET","url":"/assets/js/bundle.min.js","status":200}
{"timestamp":"2025-11-05T19:12:27.873Z","requestId":"f2a64edd-187d-4f7f-a572-cdcb4a6fe539","operation":"http_request","duration":6.0501,"method":"GET","url":"/assets/js/animations/animacoes-index.js","status":200}
{"timestamp":"2025-11-05T19:12:27.901Z","requestId":"6e755dd4-b066-4f56-920e-96208e4f1b1e","operation":"http_request","duration":11.5763,"method":"GET","url":"/assets/images/crian%C3%A7as.png","status":200}
{"timestamp":"2025-11-05T19:12:27.904Z","requestId":"df9643e2-f773-4dd7-a30b-725cb88eb780","operation":"http_request","duration":12.4187,"method":"GET","url":"/assets/images/transporte-turismo-viagem-rodoviaria-e-conceito-de-pessoas-grupo-de-passageiros-felizes.png","status":200}
{"timestamp":"2025-11-05T19:12:27.906Z","requestId":"0f5fccb4-8a90-412b-82a0-79fd33d55669","operation":"http_request","duration":12.2598,"method":"GET","url":"/assets/images/transporte-executivo-de-pessoas-preco.png","status":200}
{"timestamp":"2025-11-05T19:12:27.916Z","requestId":"a4499164-f3bd-4243-928d-2e66dc0d79de","operation":"http_request","duration":19.2711,"method":"GET","url":"/assets/images/guns2.jpg","status":200}
{"timestamp":"2025-11-05T19:12:27.936Z","requestId":"ffbe2d0c-7f6e-42d5-b11d-1c14464e9be3","operation":"http_request","duration":26.0311,"method":"GET","url":"/api/rastreamento/estatisticas","status":404}
{"timestamp":"2025-11-05T19:12:27.939Z","requestId":"8bc58474-d4d7-4ffa-b530-12a55177c81d","operation":"http_request","duration":30.5339,"method":"GET","url":"/api/rastreamento/viagem-ativa","status":404}
{"timestamp":"2025-11-05T19:12:27.944Z","requestId":"12cce9d5-ef1d-47a7-b208-38240f89dfa1","operation":"http_request","duration":15.6567,"method":"GET","url":"/assets/images/favicon.ico","status":200}
{"timestamp":"2025-11-05T19:12:27.947Z","requestId":"f3889846-b258-4f46-9bb7-1a39c84db4d4","operation":"http_request","duration":12.8571,"method":"GET","url":"/manifest.json","status":200}
{"timestamp":"2025-11-05T19:12:27.959Z","requestId":"11861214-c5a2-4677-9c6a-0680658b5b0e","operation":"http_request","duration":4.4109,"method":"GET","url":"/assets/images/icon-512.png","status":200}
{"timestamp":"2025-11-05T19:12:27.965Z","requestId":"ef4d60ff-43a7-432b-a201-0efe723df7af","operation":"http_request","duration":2.9622,"method":"GET","url":"/assets/images/icon-192.svg","status":200}
{"timestamp":"2025-11-05T19:12:28.628Z","requestId":"e7175a1b-110e-4129-bef9-f058c0a20ef5","operation":"http_request","duration":3.1844,"method":"GET","url":"/sobre.html","status":200}
{"timestamp":"2025-11-05T19:12:28.687Z","requestId":"e7b9bc25-26fd-4b37-b6dc-5613b9726a7b","operation":"http_request","duration":16.2105,"method":"GET","url":"/assets/css/bundle.min.css","status":200}
{"timestamp":"2025-11-05T19:12:28.689Z","requestId":"64c2bffa-4de9-4fa1-ba33-6ce83ec72827","operation":"http_request","duration":15.359,"method":"GET","url":"/assets/images/logo.png","status":200}
{"timestamp":"2025-11-05T19:12:28.691Z","requestId":"171ac67f-5dd8-4d8e-80cc-f7f970d52306","operation":"http_request","duration":15.1422,"method":"GET","url":"/assets/js/core/page-detector.js","status":200}
{"timestamp":"2025-11-05T19:12:28.693Z","requestId":"53fc2b8e-1530-4cc5-b32a-ab9246ab4675","operation":"http_request","duration":15.0239,"method":"GET","url":"/assets/js/bundle.min.js","status":200}
{"timestamp":"2025-11-05T19:12:28.695Z","requestId":"a5ca3f68-bb88-4144-86d4-8cf31482e689","operation":"http_request","duration":15.3626,"method":"GET","url":"/assets/images/face.png","status":200}
{"timestamp":"2025-11-05T19:12:28.697Z","requestId":"3639f46b-e131-483a-a3b3-c1b8f7660f2b","operation":"http_request","duration":13.636,"method":"GET","url":"/assets/js/animations/animacoes-sobre.js","status":200}
{"timestamp":"2025-11-05T19:12:28.718Z","requestId":"6591dd94-fb96-4ba8-822d-0f649d51f009","operation":"http_request","duration":9.0843,"method":"GET","url":"/assets/images/insta.png","status":200}
{"timestamp":"2025-11-05T19:12:28.722Z","requestId":"d577729b-27af-4982-90e4-7dca20f0e4fa","operation":"http_request","duration":9.8224,"method":"GET","url":"/assets/images/linkedin.png","status":200}
{"timestamp":"2025-11-05T19:12:28.807Z","requestId":"aa97fbff-b4a7-4cd9-a34d-886743a6e104","operation":"http_request","duration":13.5464,"method":"GET","url":"/api/rastreamento/viagem-ativa","status":404}
{"timestamp":"2025-11-05T19:12:28.811Z","requestId":"fc89735d-4aa2-48a8-8399-1212250dfaf9","operation":"http_request","duration":15.2146,"method":"GET","url":"/api/rastreamento/estatisticas","status":404}
{"timestamp":"2025-11-05T19:12:29.853Z","requestId":"6e23c821-3c70-425d-982c-47bd0b1bf774","operation":"http_request","duration":13.4909,"method":"GET","url":"/assets/images/maria-santos.svg","status":200}
{"timestamp":"2025-11-05T19:12:29.860Z","requestId":"de7aba6f-0a85-4a65-8e29-b5e65e64ba0f","operation":"http_request","duration":25.9673,"method":"GET","url":"/assets/images/joao-silva.svg","status":200}
{"timestamp":"2025-11-05T19:12:29.894Z","requestId":"96fa6c40-01d1-4f06-ba01-84a16dadaf12","operation":"http_request","duration":10.5025,"method":"GET","url":"/assets/images/ana-costa.svg","status":200}
{"timestamp":"2025-11-05T19:12:29.898Z","requestId":"997c4b86-47c4-442c-92fb-78087c05aba9","operation":"http_request","duration":19.4379,"method":"GET","url":"/assets/images/carlos-oliveira.svg","status":200}
{"timestamp":"2025-11-05T19:13:41.491Z","requestId":"73fee232-f6e1-4635-99e3-7c246eb29e34","operation":"http_request","duration":2.9041,"method":"GET","url":"/contato.html","status":200}
{"timestamp":"2025-11-05T19:13:41.545Z","requestId":"34c49edd-89ca-449e-a07e-07dfbead18c3","operation":"http_request","duration":12.5789,"method":"GET","url":"/assets/css/bundle.min.css","status":200}
{"timestamp":"2025-11-05T19:13:41.547Z","requestId":"59620464-5b40-4479-b41a-9d915b0ca31b","operation":"http_request","duration":12.8091,"method":"GET","url":"/assets/js/core/app.js","status":200}
{"timestamp":"2025-11-05T19:13:41.549Z","requestId":"0cee4f12-178c-4c69-9577-be95218bd8eb","operation":"http_request","duration":10.3704,"method":"GET","url":"/assets/js/bundle.min.js","status":200}
{"timestamp":"2025-11-05T19:13:41.551Z","requestId":"d9008fad-1a7b-44c0-bf0c-8a78ef49dda2","operation":"http_request","duration":10.3675,"method":"GET","url":"/assets/js/animations/animacoes-index.js","status":200}
{"timestamp":"2025-11-05T19:13:41.553Z","requestId":"95f8d7f3-53b2-418c-9b0e-f7c6f9f6607c","operation":"http_request","duration":16.5587,"method":"GET","url":"/assets/images/logo.png","status":200}
{"timestamp":"2025-11-05T19:13:41.620Z","requestId":"20b2973c-3b70-452f-923b-24fa89d6468b","operation":"http_request","duration":16.4057,"method":"GET","url":"/api/rastreamento/viagem-ativa","status":404}
{"timestamp":"2025-11-05T19:13:41.626Z","requestId":"01acd08a-8024-42fd-8187-5c512f38ad40","operation":"http_request","duration":20.2125,"method":"GET","url":"/api/rastreamento/estatisticas","status":404}
{"timestamp":"2025-11-05T19:13:41.630Z","requestId":"c473434c-eda8-4f2a-869f-307459f53d6e","operation":"http_request","duration":17.1293,"method":"GET","url":"/manifest.json","status":200}
{"timestamp":"2025-11-05T19:13:41.633Z","requestId":"a287d06c-1769-470c-8127-cd15677ae15a","operation":"http_request","duration":15.871,"method":"GET","url":"/assets/images/favicon.ico","status":200}
{"timestamp":"2025-11-05T19:13:41.652Z","requestId":"f2443b64-6bcb-4ae9-830d-6678517c44c2","operation":"http_request","duration":7.1375,"method":"GET","url":"/assets/images/icon-192.svg","status":200}
{"timestamp":"2025-11-05T19:13:41.654Z","requestId":"cc2a04f7-cd6c-4f5f-963e-b190d55de53d","operation":"http_request","duration":6.04,"method":"GET","url":"/assets/images/icon-512.png","status":200}
{"timestamp":"2025-11-05T19:13:42.293Z","requestId":"6b7d51de-0040-4ab4-b036-bb4ce84b66b1","operation":"http_request","duration":2.0025,"method":"GET","url":"/planos.html","status":200}
{"timestamp":"2025-11-05T19:13:42.328Z","requestId":"2e2e616f-ced6-430d-a778-5284c3bb9400","operation":"http_request","duration":4.9796,"method":"GET","url":"/assets/css/bundle.min.css","status":200}
{"timestamp":"2025-11-05T19:13:42.344Z","requestId":"2c7aeeda-4495-45e6-9904-f0e1033ab59c","operation":"http_request","duration":13.6325,"method":"GET","url":"/assets/css/planos.css","status":200}
{"timestamp":"2025-11-05T19:13:42.347Z","requestId":"a9f1a3d9-41f5-40f5-9874-173d45cc79bd","operation":"http_request","duration":13.6188,"method":"GET","url":"/assets/images/logo.png","status":200}
{"timestamp":"2025-11-05T19:13:42.349Z","requestId":"ca197d5e-f700-4fee-9d26-78182eebecef","operation":"http_request","duration":13.5257,"method":"GET","url":"/assets/images/face.png","status":200}
{"timestamp":"2025-11-05T19:13:42.351Z","requestId":"cea57f46-5ffe-481a-98b5-b0f59aab0f33","operation":"http_request","duration":13.8813,"method":"GET","url":"/assets/images/insta.png","status":200}
{"timestamp":"2025-11-05T19:13:42.353Z","requestId":"b00af306-728b-4f80-9ff8-b5eb45c27043","operation":"http_request","duration":13.3046,"method":"GET","url":"/assets/images/linkedin.png","status":200}
{"timestamp":"2025-11-05T19:13:42.374Z","requestId":"d9e3004f-864a-4957-80eb-a65e9173ac1d","operation":"http_request","duration":9.5392,"method":"GET","url":"/assets/js/core/page-detector.js","status":200}
{"timestamp":"2025-11-05T19:13:42.377Z","requestId":"d09b3b0f-303f-4204-8c1c-45ffdb7609e4","operation":"http_request","duration":8.7068,"method":"GET","url":"/assets/js/bundle.min.js","status":200}
{"timestamp":"2025-11-05T19:13:42.395Z","requestId":"dd6be82f-03a2-4521-bddd-c3906d75e22e","operation":"http_request","duration":6.5062,"method":"GET","url":"/assets/css/core/variables.css","status":200}
{"timestamp":"2025-11-05T19:13:42.423Z","requestId":"8552badb-dcfb-427b-9951-4568722472e8","operation":"http_request","duration":9.8175,"method":"GET","url":"/assets/js/animations/animacoes-planos.js","status":200}
{"timestamp":"2025-11-05T19:13:42.427Z","requestId":"ba26cdaa-3cdb-49af-9085-1c8762646360","operation":"http_request","duration":16.5262,"method":"GET","url":"/assets/js/planos.js","status":404}
{"timestamp":"2025-11-05T19:13:42.462Z","requestId":"82622861-ee45-4eb1-9c52-e38ae5196511","operation":"http_request","duration":5.2932,"method":"GET","url":"/api/rastreamento/viagem-ativa","status":404}
{"timestamp":"2025-11-05T19:13:42.465Z","requestId":"27552d8d-4af6-42eb-8a9d-bb282383d8ea","operation":"http_request","duration":7.013,"method":"GET","url":"/api/rastreamento/estatisticas","status":404}
{"timestamp":"2025-11-05T19:14:19.792Z","requestId":"985d8635-5dca-4b64-a618-e457d17649a8","operation":"http_request","duration":2.9313,"method":"GET","url":"/index.html","status":200}
{"timestamp":"2025-11-05T19:14:19.819Z","requestId":"d334ae5a-15a0-43ee-a5b1-aa4b8f7606f2","operation":"http_request","duration":4.0604,"method":"GET","url":"/assets/css/bundle.min.css","status":200}
{"timestamp":"2025-11-05T19:14:19.830Z","requestId":"e152a97d-db61-4065-876a-3ab4a0f061a6","operation":"http_request","duration":8.7028,"method":"GET","url":"/assets/images/mulher%20andando%20na%20cidade.jpg","status":200}
{"timestamp":"2025-11-05T19:14:19.832Z","requestId":"eda32546-0683-4597-9621-8fd34545f3c6","operation":"http_request","duration":8.9105,"method":"GET","url":"/assets/js/core/app.js","status":200}
{"timestamp":"2025-11-05T19:14:19.833Z","requestId":"9cdb4c3e-fde3-4ca6-b873-98e4ccb956fa","operation":"http_request","duration":8.7645,"method":"GET","url":"/assets/images/logo.png","status":200}
{"timestamp":"2025-11-05T19:14:19.835Z","requestId":"55e5f6b4-d04e-4f7f-b6cb-f6d0270a8bd9","operation":"http_request","duration":8.9212,"method":"GET","url":"/assets/js/core/page-detector.js","status":200}
{"timestamp":"2025-11-05T19:14:19.839Z","requestId":"7df355cf-c3bd-4edf-85b8-b2fdc47db1d5","operation":"http_request","duration":10.8429,"method":"GET","url":"/assets/js/bundle.min.js","status":200}
{"timestamp":"2025-11-05T19:14:19.849Z","requestId":"43a693aa-6f26-46dd-a233-369e596ece5e","operation":"http_request","duration":3.3872,"method":"GET","url":"/assets/js/animations/animacoes-index.js","status":200}
{"timestamp":"2025-11-05T19:14:19.869Z","requestId":"2a468179-b38e-4ff2-8c2e-5d490886e394","operation":"http_request","duration":9.7314,"method":"GET","url":"/assets/images/crian%C3%A7as.png","status":200}
{"timestamp":"2025-11-05T19:14:19.871Z","requestId":"88ca6504-e12e-457e-9e96-2096daab9119","operation":"http_request","duration":7.8273,"method":"GET","url":"/assets/images/transporte-executivo-de-pessoas-preco.png","status":200}
{"timestamp":"2025-11-05T19:14:19.872Z","requestId":"b0530f37-88ed-48db-aee2-e458481ac538","operation":"http_request","duration":10.7757,"method":"GET","url":"/assets/images/transporte-turismo-viagem-rodoviaria-e-conceito-de-pessoas-grupo-de-passageiros-felizes.png","status":200}
{"timestamp":"2025-11-05T19:14:19.873Z","requestId":"19cdb077-9524-4914-81e3-be45b8435df0","operation":"http_request","duration":8.4216,"method":"GET","url":"/assets/images/guns2.jpg","status":200}
{"timestamp":"2025-11-05T19:14:19.892Z","requestId":"9f4669a1-92c6-4faa-85d4-faad90a128a2","operation":"http_request","duration":16.5038,"method":"GET","url":"/api/rastreamento/estatisticas","status":404}
{"timestamp":"2025-11-05T19:14:19.896Z","requestId":"50dd8e49-53f1-40ef-bef5-17823ec57141","operation":"http_request","duration":21.3827,"method":"GET","url":"/api/rastreamento/viagem-ativa","status":404}
{"timestamp":"2025-11-05T19:14:19.901Z","requestId":"b2cd2daf-23a5-4496-9f88-dfdf3222cc51","operation":"http_request","duration":13.301,"method":"GET","url":"/assets/images/favicon.ico","status":200}
{"timestamp":"2025-11-05T19:14:19.904Z","requestId":"7af890ad-512b-4090-8d77-0bb97665a580","operation":"http_request","duration":10.4973,"method":"GET","url":"/manifest.json","status":200}
{"timestamp":"2025-11-05T19:14:19.915Z","requestId":"33325ec9-e5fc-4563-8215-bd844d53d0f6","operation":"http_request","duration":3.6971,"method":"GET","url":"/assets/images/icon-512.png","status":200}
{"timestamp":"2025-11-05T19:14:19.918Z","requestId":"a9a556e7-d97a-4808-951b-a4cc07346d04","operation":"http_request","duration":5.3409,"method":"GET","url":"/assets/images/icon-192.svg","status":200}
{"timestamp":"2025-11-05T19:14:21.256Z","requestId":"2ccda08d-3aa9-4572-b4d8-4985858185ab","operation":"http_request","duration":2.3936,"method":"GET","url":"/planos.html","status":200}
{"timestamp":"2025-11-05T19:14:21.287Z","requestId":"f10af41d-3be0-4086-a760-93481a4ac33a","operation":"http_request","duration":1.6822,"method":"GET","url":"/assets/css/bundle.min.css","status":200}
{"timestamp":"2025-11-05T19:14:21.300Z","requestId":"934cdc0c-f527-4fb7-a186-abc33acc197b","operation":"http_request","duration":9.8775,"method":"GET","url":"/assets/css/planos.css","status":200}
{"timestamp":"2025-11-05T19:14:21.302Z","requestId":"88d3cdd4-26fa-4535-955e-0f94d6e1731a","operation":"http_request","duration":5.8381,"method":"GET","url":"/assets/images/insta.png","status":200}
{"timestamp":"2025-11-05T19:14:21.304Z","requestId":"d50b5347-d6a1-4f23-b397-8c5ff9a805ca","operation":"http_request","duration":11.377,"method":"GET","url":"/assets/images/logo.png","status":200}
{"timestamp":"2025-11-05T19:14:21.306Z","requestId":"56e5fc23-2e0f-4d89-84bf-ba324ed83fd1","operation":"http_request","duration":11.3032,"method":"GET","url":"/assets/images/face.png","status":200}
{"timestamp":"2025-11-05T19:14:21.308Z","requestId":"03b2f8b4-190d-439c-8af7-a464c9f70dd4","operation":"http_request","duration":11.3112,"method":"GET","url":"/assets/images/linkedin.png","status":200}
{"timestamp":"2025-11-05T19:14:21.327Z","requestId":"e08f4cb7-a58f-4dbe-bd91-ac0a7c1059e4","operation":"http_request","duration":6.5216,"method":"GET","url":"/assets/js/core/page-detector.js","status":200}
{"timestamp":"2025-11-05T19:14:21.330Z","requestId":"ef31bdcd-442c-4421-aca7-2e0e6dd9d97c","operation":"http_request","duration":6.7128,"method":"GET","url":"/assets/js/bundle.min.js","status":200}
{"timestamp":"2025-11-05T19:14:21.350Z","requestId":"652e57a2-c92a-487e-b0c9-59fe5f9b2594","operation":"http_request","duration":9.976,"method":"GET","url":"/assets/css/core/variables.css","status":200}
{"timestamp":"2025-11-05T19:14:21.364Z","requestId":"2cfd007a-b53d-4089-bad1-fb91f82a5ab0","operation":"http_request","duration":3.9249,"method":"GET","url":"/assets/js/planos.js","status":404}
{"timestamp":"2025-11-05T19:14:21.376Z","requestId":"1a2a6b1b-1b5f-4502-8aab-16fc8cb4c707","operation":"http_request","duration":6.7958,"method":"GET","url":"/assets/js/animations/animacoes-planos.js","status":200}
{"timestamp":"2025-11-05T19:14:21.416Z","requestId":"b8d9dbcf-bd6b-4c11-95be-05e91a787477","operation":"http_request","duration":7.7248,"method":"GET","url":"/api/rastreamento/viagem-ativa","status":404}
{"timestamp":"2025-11-05T19:14:21.422Z","requestId":"322e6f9f-836e-45c0-a592-e5f8dce0915d","operation":"http_request","duration":9.9966,"method":"GET","url":"/api/rastreamento/estatisticas","status":404}
{"timestamp":"2025-11-05T19:14:22.088Z","requestId":"0090edef-d6aa-41ee-8748-001082de08b8","operation":"http_request","duration":2.2248,"method":"GET","url":"/contato.html","status":200}
{"timestamp":"2025-11-05T19:14:22.116Z","requestId":"97332a9c-29f1-4bd3-a4bf-2504399347b7","operation":"http_request","duration":3.1146,"method":"GET","url":"/assets/css/bundle.min.css","status":200}
{"timestamp":"2025-11-05T19:14:22.131Z","requestId":"bda680d0-dff1-4cfb-9d41-036dd9bba62a","operation":"http_request","duration":10.3159,"method":"GET","url":"/assets/js/core/app.js","status":200}
{"timestamp":"2025-11-05T19:14:22.133Z","requestId":"055f5563-b8d8-4259-8cde-b296ba6e873d","operation":"http_request","duration":9.868,"method":"GET","url":"/assets/images/logo.png","status":200}
{"timestamp":"2025-11-05T19:14:22.135Z","requestId":"ef803b01-2396-4b50-b7c7-8d2b342574cd","operation":"http_request","duration":8.2332,"method":"GET","url":"/assets/js/animations/animacoes-index.js","status":200}
{"timestamp":"2025-11-05T19:14:22.137Z","requestId":"3f807795-00b3-4ac3-a2e0-4b756d2d19a5","operation":"http_request","duration":11.8461,"method":"GET","url":"/assets/js/bundle.min.js","status":200}
{"timestamp":"2025-11-05T19:14:22.197Z","requestId":"f3b6197f-ea79-4cf6-bddb-22a9a77ee6a8","operation":"http_request","duration":9.6722,"method":"GET","url":"/manifest.json","status":200}
{"timestamp":"2025-11-05T19:14:22.200Z","requestId":"250ace9d-3789-44aa-a9db-b560ba1b3f7d","operation":"http_request","duration":21.3006,"method":"GET","url":"/api/rastreamento/viagem-ativa","status":404}
{"timestamp":"2025-11-05T19:14:22.202Z","requestId":"5bd690d2-2750-466f-8f45-0847cba0ab8d","operation":"http_request","duration":20.9374,"method":"GET","url":"/api/rastreamento/estatisticas","status":404}
{"timestamp":"2025-11-05T19:14:22.206Z","requestId":"63388289-031e-402d-934d-8e79314dcfc6","operation":"http_request","duration":11.8496,"method":"GET","url":"/assets/images/favicon.ico","status":200}
{"timestamp":"2025-11-05T19:14:22.220Z","requestId":"cb496950-855f-432d-b514-66efa8119eb6","operation":"http_request","duration":8.6272,"method":"GET","url":"/assets/images/icon-192.svg","status":200}
{"timestamp":"2025-11-05T19:14:22.222Z","requestId":"86920124-2e5b-415c-8178-a7e325fb9fb8","operation":"http_request","duration":8.1026,"method":"GET","url":"/assets/images/icon-512.png","status":200}
{"timestamp":"2025-11-05T19:14:23.046Z","requestId":"b2e6516b-775c-4331-9f16-3b140419c66c","operation":"http_request","duration":1.5531,"method":"GET","url":"/encontrar-transporte.html","status":200}
{"timestamp":"2025-11-05T19:14:23.072Z","requestId":"d8f1db88-1bc6-4435-91d4-1684f994fa6a","operation":"http_request","duration":3.951,"method":"GET","url":"/assets/css/bundle.min.css","status":200}
{"timestamp":"2025-11-05T19:14:23.085Z","requestId":"fe010b99-4198-4c96-a4ad-ca6a29b8f3f8","operation":"http_request","duration":5.1722,"method":"GET","url":"/assets/css/encontrar-transporte.css","status":200}
{"timestamp":"2025-11-05T19:14:23.087Z","requestId":"480dbc34-c3a2-4656-ae28-0195c19dc1fe","operation":"http_request","duration":6.0063,"method":"GET","url":"/assets/libs/leaflet/leaflet.css","status":200}
{"timestamp":"2025-11-05T19:14:23.090Z","requestId":"d3fadf1d-be8b-4860-abbb-0ad9f07be24f","operation":"http_request","duration":16.3565,"method":"GET","url":"/assets/css/core/color-fix.css","status":404}
{"timestamp":"2025-11-05T19:14:23.092Z","requestId":"1e8a1980-4adf-45a9-b0e5-dda3381602a7","operation":"http_request","duration":15.1261,"method":"GET","url":"/assets/css/core/force-visibility.css","status":404}
{"timestamp":"2025-11-05T19:14:23.095Z","requestId":"abe7941d-1ff2-42e0-8067-64fc5caafd95","operation":"http_request","duration":15.2513,"method":"GET","url":"/assets/css/core/emergency-fix.css","status":404}
{"timestamp":"2025-11-05T19:14:23.103Z","requestId":"6dab2fcb-a230-40b5-baab-fe662f085778","operation":"http_request","duration":6.1567,"method":"GET","url":"/assets/libs/leaflet/leaflet.js","status":200}
{"timestamp":"2025-11-05T19:14:23.107Z","requestId":"11575557-948e-4b28-8f11-c16f553e4cd9","operation":"http_request","duration":8.2041,"method":"GET","url":"/assets/images/face.png","status":200}
{"timestamp":"2025-11-05T19:14:23.109Z","requestId":"7c61c7f5-e506-4db6-bdd0-57a7bafb86b9","operation":"http_request","duration":11.0578,"method":"GET","url":"/assets/images/logo.png","status":200}
{"timestamp":"2025-11-05T19:14:23.114Z","requestId":"2c39c7b3-b262-4d66-847e-dca12a43760e","operation":"http_request","duration":8.0527,"method":"GET","url":"/assets/css/core/variables.css","status":200}
{"timestamp":"2025-11-05T19:14:23.154Z","requestId":"4f5c9f35-ae46-4de0-b042-139495b611f0","operation":"http_request","duration":11.7381,"method":"GET","url":"/assets/images/insta.png","status":200}
{"timestamp":"2025-11-05T19:14:23.156Z","requestId":"6341a94d-6e3e-42d8-b26c-17cdd327b65e","operation":"http_request","duration":11.7076,"method":"GET","url":"/assets/images/linkedin.png","status":200}
{"timestamp":"2025-11-05T19:14:23.158Z","requestId":"2bfee6f8-c7ae-49b5-85b3-6a2139a0295b","operation":"http_request","duration":12.2779,"method":"GET","url":"/assets/js/bundle.min.js","status":200}
{"timestamp":"2025-11-05T19:14:23.167Z","requestId":"d89b5df9-d007-4059-a9d9-92b4cd9d26fc","operation":"http_request","duration":20.2605,"method":"GET","url":"/assets/js/google-maps-integration.js","status":404}
{"timestamp":"2025-11-05T19:14:23.171Z","requestId":"5fd97722-7bb8-428e-934c-83bf73343146","operation":"http_request","duration":21.0962,"method":"GET","url":"/assets/js/encontrar-transporte.js","status":404}
{"timestamp":"2025-11-05T19:14:23.264Z","requestId":"b5162638-8260-4597-b670-b2dfca622466","operation":"http_request","duration":5.0111,"method":"GET","url":"/assets/images/favicon.ico","status":200}
{"timestamp":"2025-11-05T19:14:23.267Z","requestId":"d3d0b2e6-c9b3-4a32-a65e-1c6a3c13c6f6","operation":"http_request","duration":14.0993,"method":"GET","url":"/api/rastreamento/viagem-ativa","status":404}
{"timestamp":"2025-11-05T19:14:23.270Z","requestId":"ae09633f-0145-44d8-8299-9f033a1db977","operation":"http_request","duration":14.8907,"method":"GET","url":"/api/rastreamento/estatisticas","status":404}
{"timestamp":"2025-11-05T19:14:24.623Z","requestId":"9aa25d5a-ef78-4475-8c69-ff8db4cb5d07","operation":"http_request","duration":1.9703,"method":"GET","url":"/sobre.html","status":200}
{"timestamp":"2025-11-05T19:14:24.661Z","requestId":"d8250d85-5639-4dda-89e0-14277b128c31","operation":"http_request","duration":4.2032,"method":"GET","url":"/assets/css/bundle.min.css","status":200}
{"timestamp":"2025-11-05T19:14:24.679Z","requestId":"69ce4085-314e-43a5-93e8-b3bc9df71b14","operation":"http_request","duration":11.9139,"method":"GET","url":"/assets/images/logo.png","status":200}
{"timestamp":"2025-11-05T19:14:24.682Z","requestId":"069928ed-6120-405c-ac46-15cbf78de337","operation":"http_request","duration":11.4009,"method":"GET","url":"/assets/js/core/page-detector.js","status":200}
{"timestamp":"2025-11-05T19:14:24.686Z","requestId":"eae7cf11-0b0f-4f46-9a02-c8de133c8fe3","operation":"http_request","duration":11.6055,"method":"GET","url":"/assets/js/bundle.min.js","status":200}
{"timestamp":"2025-11-05T19:14:24.688Z","requestId":"690c1da3-8a3d-4940-9c7f-e7beb064798c","operation":"http_request","duration":11.7978,"method":"GET","url":"/assets/js/animations/animacoes-sobre.js","status":200}
{"timestamp":"2025-11-05T19:14:24.690Z","requestId":"f87ecbc7-b9bc-4c78-8d5e-9b48da8c76b6","operation":"http_request","duration":12.4153,"method":"GET","url":"/assets/images/face.png","status":200}
{"timestamp":"2025-11-05T19:14:24.716Z","requestId":"b4361bcf-a1a2-4107-9072-4a7e9df5796a","operation":"http_request","duration":10.9717,"method":"GET","url":"/assets/images/insta.png","status":200}
{"timestamp":"2025-11-05T19:14:24.722Z","requestId":"1363c4e1-b77f-45ed-9e26-4c539c0b7c4d","operation":"http_request","duration":12.4328,"method":"GET","url":"/assets/images/linkedin.png","status":200}
{"timestamp":"2025-11-05T19:14:24.775Z","requestId":"06b3fd4f-18d4-49b0-9c8b-4dadb05c2ab0","operation":"http_request","duration":6.6698,"method":"GET","url":"/api/rastreamento/viagem-ativa","status":404}
{"timestamp":"2025-11-05T19:14:24.779Z","requestId":"83f3f2db-da3b-4992-afd6-11322f5d9674","operation":"http_request","duration":7.729,"method":"GET","url":"/api/rastreamento/estatisticas","status":404}
{"timestamp":"2025-11-05T19:14:25.702Z","requestId":"7d233e95-519e-45f7-bc32-c1757bcd29e2","operation":"http_request","duration":3.9384,"method":"GET","url":"/encontrar-transporte.html","status":200}
{"timestamp":"2025-11-05T19:14:25.737Z","requestId":"321c1080-2c41-4a8f-a652-11dffaa6471f","operation":"http_request","duration":5.158,"method":"GET","url":"/assets/css/bundle.min.css","status":200}
{"timestamp":"2025-11-05T19:14:25.758Z","requestId":"d8db67ff-1b32-4bf8-ae6b-625b1de82eb2","operation":"http_request","duration":11.5013,"method":"GET","url":"/assets/css/encontrar-transporte.css","status":200}
{"timestamp":"2025-11-05T19:14:25.762Z","requestId":"2c649042-aa31-4deb-a666-d74d56b1b539","operation":"http_request","duration":13.7641,"method":"GET","url":"/assets/libs/leaflet/leaflet.css","status":200}
{"timestamp":"2025-11-05T19:14:25.768Z","requestId":"8eb78c91-111c-4407-b5bc-2c5f6686e41a","operation":"http_request","duration":27.5374,"method":"GET","url":"/assets/css/core/color-fix.css","status":404}
{"timestamp":"2025-11-05T19:14:25.771Z","requestId":"087b8b68-2720-40b4-af32-f614a9573614","operation":"http_request","duration":28.759,"method":"GET","url":"/assets/css/core/force-visibility.css","status":404}
{"timestamp":"2025-11-05T19:14:25.774Z","requestId":"34d73d17-4e47-41d9-a18e-6340d9abc7fc","operation":"http_request","duration":29.5857,"method":"GET","url":"/assets/css/core/emergency-fix.css","status":404}
{"timestamp":"2025-11-05T19:14:25.795Z","requestId":"9d6982ed-b645-4970-a6f1-dcf305da98ab","operation":"http_request","duration":10.8875,"method":"GET","url":"/assets/libs/leaflet/leaflet.js","status":200}
{"timestamp":"2025-11-05T19:14:25.798Z","requestId":"72a05eb6-65ed-48c8-a887-89f91b6232a4","operation":"http_request","duration":9.8189,"method":"GET","url":"/assets/images/face.png","status":200}
{"timestamp":"2025-11-05T19:14:25.802Z","requestId":"51d9bfef-230b-4a9b-bd15-f2a3a8c930af","operation":"http_request","duration":15.2103,"method":"GET","url":"/assets/images/logo.png","status":200}
{"timestamp":"2025-11-05T19:14:25.806Z","requestId":"72c1df56-6459-41f0-b5bb-49a58fdc3b19","operation":"http_request","duration":12.9557,"method":"GET","url":"/assets/css/core/variables.css","status":200}
{"timestamp":"2025-11-05T19:14:25.863Z","requestId":"398aad31-b233-477b-b32c-6c9ce923b4f9","operation":"http_request","duration":10.3717,"method":"GET","url":"/assets/images/insta.png","status":200}
{"timestamp":"2025-11-05T19:14:25.866Z","requestId":"a39a1c9d-615a-465f-8f2b-d709e7f3f36c","operation":"http_request","duration":10.9615,"method":"GET","url":"/assets/images/linkedin.png","status":200}
{"timestamp":"2025-11-05T19:14:25.872Z","requestId":"ed74a818-1411-42ee-9c51-bf25a70853ed","operation":"http_request","duration":15.3274,"method":"GET","url":"/assets/js/bundle.min.js","status":200}
{"timestamp":"2025-11-05T19:14:25.880Z","requestId":"beceb846-3810-4be1-b0ca-21f3c82e3868","operation":"http_request","duration":22.2679,"method":"GET","url":"/assets/js/google-maps-integration.js","status":404}
{"timestamp":"2025-11-05T19:14:25.883Z","requestId":"53c4eee0-43e0-440e-aec5-2e2b72715edd","operation":"http_request","duration":23.5133,"method":"GET","url":"/assets/js/encontrar-transporte.js","status":404}
{"timestamp":"2025-11-05T19:14:25.919Z","requestId":"b9124bb1-c3ad-42d8-aaa9-a226a4d031d3","operation":"http_request","duration":5.7551,"method":"GET","url":"/api/rastreamento/viagem-ativa","status":404}
{"timestamp":"2025-11-05T19:14:25.922Z","requestId":"615a4666-218d-43f9-b768-283396914325","operation":"http_request","duration":6.2728,"method":"GET","url":"/api/rastreamento/estatisticas","status":404}
{"timestamp":"2025-11-05T19:14:25.925Z","requestId":"03946a41-e564-4d94-a016-13e1533fbaf5","operation":"http_request","duration":1.5082,"method":"GET","url":"/assets/images/favicon.ico","status":200}
{"timestamp":"2025-11-05T19:21:21.139Z","requestId":"46ffb047-008e-4f46-993e-31553f637649","operation":"http_request","duration":23.0854,"method":"GET","url":"/encontrar-transporte.html","status":200}
{"timestamp":"2025-11-05T19:21:21.202Z","requestId":"438a7497-96f4-4c0c-b216-adeacd20a0fd","operation":"http_request","duration":23.6377,"method":"GET","url":"/assets/css/bundle.min.css","status":200}
{"timestamp":"2025-11-05T19:21:21.208Z","requestId":"82a95b74-1121-4f66-a0c5-b0b5debffec0","operation":"http_request","duration":13.8459,"method":"GET","url":"/assets/css/encontrar-transporte.css","status":200}
{"timestamp":"2025-11-05T19:21:21.212Z","requestId":"2c929645-e1fa-4b4a-8489-aa300a110203","operation":"http_request","duration":14.7604,"method":"GET","url":"/assets/libs/leaflet/leaflet.css","status":200}
{"timestamp":"2025-11-05T19:21:21.223Z","requestId":"4a1e6fdb-2f2d-4765-bac2-7477df33df05","operation":"http_request","duration":40.2816,"method":"GET","url":"/assets/css/core/color-fix.css","status":404}
{"timestamp":"2025-11-05T19:21:21.230Z","requestId":"e4ef3368-efb2-43f2-b3c9-3661ab86c335","operation":"http_request","duration":40.888,"method":"GET","url":"/assets/css/core/force-visibility.css","status":404}
{"timestamp":"2025-11-05T19:21:21.233Z","requestId":"c7c558f3-1a58-4d0b-8a2c-2d7ad6a54122","operation":"http_request","duration":41.0563,"method":"GET","url":"/assets/css/core/emergency-fix.css","status":404}
{"timestamp":"2025-11-05T19:21:21.251Z","requestId":"8aba4e18-a188-44b8-baad-c429317d06f3","operation":"http_request","duration":15.2745,"method":"GET","url":"/assets/libs/leaflet/leaflet.js","status":200}
{"timestamp":"2025-11-05T19:21:21.265Z","requestId":"9281ca25-1d83-4b88-95a4-ca219a00c75a","operation":"http_request","duration":23.2943,"method":"GET","url":"/assets/images/logo.png","status":200}
{"timestamp":"2025-11-05T19:21:21.268Z","requestId":"830f1f2b-55b5-406e-a4f2-4308f821ac7a","operation":"http_request","duration":22.6239,"method":"GET","url":"/assets/images/face.png","status":200}
{"timestamp":"2025-11-05T19:21:21.277Z","requestId":"3e7e1371-e2b6-48ab-836d-50446c54b0d1","operation":"http_request","duration":19.2849,"method":"GET","url":"/assets/css/core/variables.css","status":200}
{"timestamp":"2025-11-05T19:21:21.323Z","requestId":"3d91c8a3-de7c-4a23-988a-e36fb97787fb","operation":"http_request","duration":11.171,"method":"GET","url":"/assets/images/insta.png","status":200}
{"timestamp":"2025-11-05T19:21:21.327Z","requestId":"7ba3ca38-6134-472c-a5a7-e9c0fde4a0fa","operation":"http_request","duration":10.5135,"method":"GET","url":"/assets/js/bundle.min.js","status":200}
{"timestamp":"2025-11-05T19:21:21.329Z","requestId":"25d75c5a-8577-4378-a702-ce52f1c48302","operation":"http_request","duration":14.6084,"method":"GET","url":"/assets/images/linkedin.png","status":200}
{"timestamp":"2025-11-05T19:21:21.337Z","requestId":"b2a4b395-530a-4b5e-9098-372862b8b731","operation":"http_request","duration":19.3957,"method":"GET","url":"/assets/js/google-maps-integration.js","status":404}
{"timestamp":"2025-11-05T19:21:21.341Z","requestId":"11b595d9-0880-4068-ab03-18aac66ddaa6","operation":"http_request","duration":21.5405,"method":"GET","url":"/assets/js/encontrar-transporte.js","status":404}
{"timestamp":"2025-11-05T19:21:21.401Z","requestId":"dfd562b1-490c-4a94-ae40-d914cb3aacd9","operation":"http_request","duration":4.1767,"method":"GET","url":"/api/rastreamento/viagem-ativa","status":404}
{"timestamp":"2025-11-05T19:21:21.404Z","requestId":"86785ac6-33cc-4f3c-8096-3c00c6e8cd32","operation":"http_request","duration":5.8631,"method":"GET","url":"/api/rastreamento/estatisticas","status":404}
{"timestamp":"2025-11-05T19:21:21.411Z","requestId":"b8fe8fed-f1ef-495a-8170-4f1694d4e1c6","operation":"http_request","duration":3.4399,"method":"GET","url":"/assets/images/favicon.ico","status":200}
{"timestamp":"2025-11-05T19:21:22.344Z","requestId":"c4f0a2da-f65f-4579-89d0-f9183b4e4506","operation":"http_request","duration":2.6415,"method":"GET","url":"/index.html","status":200}
{"timestamp":"2025-11-05T19:21:22.370Z","requestId":"08716ca9-d963-4697-bcd7-aee462e19ec6","operation":"http_request","duration":3.5049,"method":"GET","url":"/assets/css/bundle.min.css","status":200}
{"timestamp":"2025-11-05T19:21:22.383Z","requestId":"a9272ea1-2965-460e-b8c6-8d3501a0ceb1","operation":"http_request","duration":8.5123,"method":"GET","url":"/assets/images/mulher%20andando%20na%20cidade.jpg","status":200}
{"timestamp":"2025-11-05T19:21:22.385Z","requestId":"d2c88f15-7526-47b3-8f2a-36330d3bc266","operation":"http_request","duration":9.1628,"method":"GET","url":"/assets/js/core/app.js","status":200}
{"timestamp":"2025-11-05T19:21:22.386Z","requestId":"37797d4d-5d97-4e3b-9d00-24523cbeaf87","operation":"http_request","duration":7.49,"method":"GET","url":"/assets/js/core/page-detector.js","status":200}
{"timestamp":"2025-11-05T19:21:22.388Z","requestId":"a0b5596c-5305-4c8c-939c-18a2614fca41","operation":"http_request","duration":11.2253,"method":"GET","url":"/assets/images/logo.png","status":200}
{"timestamp":"2025-11-05T19:21:22.391Z","requestId":"8242f118-5802-4638-963f-11d2d9a2f514","operation":"http_request","duration":10.6487,"method":"GET","url":"/assets/js/bundle.min.js","status":200}
{"timestamp":"2025-11-05T19:21:22.407Z","requestId":"7e88e3aa-9234-4f0c-aacd-1cb3e6d09325","operation":"http_request","duration":4.8435,"method":"GET","url":"/assets/js/animations/animacoes-index.js","status":200}
{"timestamp":"2025-11-05T19:21:22.430Z","requestId":"eb5ff3de-5369-46cc-af52-c9e2cc2443a5","operation":"http_request","duration":13.3254,"method":"GET","url":"/assets/images/crian%C3%A7as.png","status":200}
{"timestamp":"2025-11-05T19:21:22.434Z","requestId":"3528ab77-8377-41ad-bef7-a2590d0bb81c","operation":"http_request","duration":14.1423,"method":"GET","url":"/assets/images/transporte-turismo-viagem-rodoviaria-e-conceito-de-pessoas-grupo-de-passageiros-felizes.png","status":200}
{"timestamp":"2025-11-05T19:21:22.436Z","requestId":"51a600ad-3718-4ffa-ad49-12097a6ec771","operation":"http_request","duration":12.9886,"method":"GET","url":"/assets/images/transporte-executivo-de-pessoas-preco.png","status":200}
{"timestamp":"2025-11-05T19:21:22.439Z","requestId":"2acc533b-244a-4d72-b0bc-b2ec6b4692e3","operation":"http_request","duration":13.7369,"method":"GET","url":"/assets/images/guns2.jpg","status":200}
{"timestamp":"2025-11-05T19:21:22.471Z","requestId":"412d830a-217e-40f3-a3c3-36cd767091a3","operation":"http_request","duration":27.533,"method":"GET","url":"/api/rastreamento/viagem-ativa","status":404}
{"timestamp":"2025-11-05T19:21:22.477Z","requestId":"77e4f7f7-dd37-4cca-8dcc-18899a95b581","operation":"http_request","duration":20.6648,"method":"GET","url":"/api/rastreamento/estatisticas","status":404}
{"timestamp":"2025-11-05T19:21:22.490Z","requestId":"8ed37d8b-2a88-4d7d-8e58-b59b42426d31","operation":"http_request","duration":5.5948,"method":"GET","url":"/manifest.json","status":200}
{"timestamp":"2025-11-05T19:21:22.492Z","requestId":"1a8badbc-c58c-431e-8881-b7311a575112","operation":"http_request","duration":6.0168,"method":"GET","url":"/assets/images/favicon.ico","status":200}
{"timestamp":"2025-11-05T19:21:22.506Z","requestId":"6871d382-b3fa-4d77-a1f6-c7383b2fb0ea","operation":"http_request","duration":6.3003,"method":"GET","url":"/assets/images/icon-512.png","status":200}
{"timestamp":"2025-11-05T19:21:22.510Z","requestId":"8264e40b-89bd-4d96-8e55-3356b0c74243","operation":"http_request","duration":8.1735,"method":"GET","url":"/assets/images/icon-192.svg","status":200}
{"timestamp":"2025-11-05T19:21:23.878Z","requestId":"8387dedf-6e9b-4986-98b6-363dcafe50d4","operation":"http_request","duration":4.2487,"method":"GET","url":"/index.html","status":200}
{"timestamp":"2025-11-05T19:21:23.917Z","requestId":"0216bd04-f68c-4d2d-be83-7c5343eef36a","operation":"http_request","duration":10.8005,"method":"GET","url":"/assets/images/mulher%20andando%20na%20cidade.jpg","status":200}
{"timestamp":"2025-11-05T19:21:23.919Z","requestId":"cb38af05-28ec-432e-9e84-ea482fcb953a","operation":"http_request","duration":15.5126,"method":"GET","url":"/assets/css/bundle.min.css","status":200}
{"timestamp":"2025-11-05T19:21:23.922Z","requestId":"d62776fb-c6cd-4222-bd66-f99755ad3917","operation":"http_request","duration":14.7325,"method":"GET","url":"/assets/js/core/app.js","status":200}
{"timestamp":"2025-11-05T19:21:23.925Z","requestId":"90c08553-1d6c-4be8-b0bc-37dbd6328537","operation":"http_request","duration":15.4185,"method":"GET","url":"/assets/images/logo.png","status":200}
{"timestamp":"2025-11-05T19:21:23.927Z","requestId":"5f9799cc-d6f6-4528-98f8-2e709a425f0e","operation":"http_request","duration":15.6957,"method":"GET","url":"/assets/js/core/page-detector.js","status":200}
{"timestamp":"2025-11-05T19:21:23.929Z","requestId":"a69f7dd4-cfc0-44e9-9607-9f14071f72cf","operation":"http_request","duration":16.5318,"method":"GET","url":"/assets/js/bundle.min.js","status":200}
{"timestamp":"2025-11-05T19:21:23.961Z","requestId":"44c639a1-9976-45db-b7bc-54606c046f63","operation":"http_request","duration":10.9852,"method":"GET","url":"/assets/js/animations/animacoes-index.js","status":200}
{"timestamp":"2025-11-05T19:21:24.000Z","requestId":"63207a89-2b45-4097-a8b0-77ba7a804b30","operation":"http_request","duration":9.2516,"method":"GET","url":"/api/rastreamento/viagem-ativa","status":404}
{"timestamp":"2025-11-05T19:21:24.005Z","requestId":"c56bc296-53b4-4a9a-baa4-3004eb70f965","operation":"http_request","duration":11.5383,"method":"GET","url":"/api/rastreamento/estatisticas","status":404}
{"timestamp":"2025-11-05T19:21:24.031Z","requestId":"2df0e402-c7ba-466b-9651-9cea91935e5a","operation":"http_request","duration":18.921,"method":"GET","url":"/assets/images/crian%C3%A7as.png","status":200}
{"timestamp":"2025-11-05T19:21:24.034Z","requestId":"9d775c36-4640-4e0f-85b2-03e17e24dfde","operation":"http_request","duration":18.137,"method":"GET","url":"/assets/images/transporte-turismo-viagem-rodoviaria-e-conceito-de-pessoas-grupo-de-passageiros-felizes.png","status":200}
{"timestamp":"2025-11-05T19:21:24.036Z","requestId":"d10ddd49-853f-40f0-a1dd-769dbb90d318","operation":"http_request","duration":17.3157,"method":"GET","url":"/assets/images/transporte-executivo-de-pessoas-preco.png","status":200}
{"timestamp":"2025-11-05T19:21:24.042Z","requestId":"5ce0ff3e-81ec-476a-bbad-a9ca9b04a0f8","operation":"http_request","duration":19.8123,"method":"GET","url":"/assets/images/guns2.jpg","status":200}
{"timestamp":"2025-11-05T19:21:24.045Z","requestId":"28cdd2ad-165c-488f-8867-0cc6d9ddc137","operation":"http_request","duration":18.9556,"method":"GET","url":"/manifest.json","status":200}
{"timestamp":"2025-11-05T19:21:24.047Z","requestId":"46cf794b-3d26-4adb-a789-9f9789f3d1da","operation":"http_request","duration":18.6626,"method":"GET","url":"/assets/images/favicon.ico","status":200}
{"timestamp":"2025-11-05T19:21:24.075Z","requestId":"9be24d68-13cd-49a7-970d-b492be7498ec","operation":"http_request","duration":9.0232,"method":"GET","url":"/assets/images/icon-192.svg","status":200}
{"timestamp":"2025-11-05T19:21:24.079Z","requestId":"79430473-7ae3-4026-a242-b9f24817d21e","operation":"http_request","duration":10.4272,"method":"GET","url":"/assets/images/icon-512.png","status":200}
{"timestamp":"2025-11-05T19:21:27.951Z","requestId":"8b4bf0fd-5052-408d-97f2-5031002f98fd","operation":"http_request","duration":5.1209,"method":"GET","url":"/assets/images/ccxp1.jpg","status":200}
{"timestamp":"2025-11-05T19:21:28.776Z","requestId":"d5c53750-ee02-4cd6-8554-8086a3806708","operation":"http_request","duration":2.8724,"method":"GET","url":"/assets/images/Imagem_lollapalooza-brasil-2025.jpg","status":200}
{"timestamp":"2025-11-05T19:21:30.516Z","requestId":"31a9c88c-52ac-4b6f-b757-bd69c6358df0","operation":"http_request","duration":3.8529,"method":"GET","url":"/index.html","status":200}
{"timestamp":"2025-11-05T19:21:30.550Z","requestId":"9fe47914-8613-4bc4-a4a0-1b039637b71d","operation":"http_request","duration":10.1859,"method":"GET","url":"/assets/css/bundle.min.css","status":200}
{"timestamp":"2025-11-05T19:21:30.560Z","requestId":"5e33fde1-329e-4927-94ec-bd466891c6fc","operation":"http_request","duration":15.2546,"method":"GET","url":"/assets/images/mulher%20andando%20na%20cidade.jpg","status":200}
{"timestamp":"2025-11-05T19:21:30.563Z","requestId":"4d27a800-9eea-46f2-bec5-2d74647c010e","operation":"http_request","duration":15.0529,"method":"GET","url":"/assets/js/core/page-detector.js","status":200}
{"timestamp":"2025-11-05T19:21:30.565Z","requestId":"4861ad28-a2a2-443d-85d9-c9174c2b5164","operation":"http_request","duration":16.5642,"method":"GET","url":"/assets/js/core/app.js","status":200}
{"timestamp":"2025-11-05T19:21:30.568Z","requestId":"004bd0e2-8de8-452c-8dc5-1e52867bb944","operation":"http_request","duration":12.8588,"method":"GET","url":"/assets/images/logo.png","status":200}
{"timestamp":"2025-11-05T19:21:30.570Z","requestId":"3499b06e-a7ac-4cc3-baf8-c1610a7efb5c","operation":"http_request","duration":13.2075,"method":"GET","url":"/assets/js/bundle.min.js","status":200}
{"timestamp":"2025-11-05T19:21:30.589Z","requestId":"1ea82e58-1eb5-40bc-91f1-41690fa78a56","operation":"http_request","duration":5.0639,"method":"GET","url":"/assets/js/animations/animacoes-index.js","status":200}
{"timestamp":"2025-11-05T19:21:30.634Z","requestId":"4f10e386-2341-4e58-b21c-b3f81ecf66d1","operation":"http_request","duration":24.4373,"method":"GET","url":"/assets/images/crian%C3%A7as.png","status":200}
{"timestamp":"2025-11-05T19:21:30.638Z","requestId":"bdb92b7c-f41d-4456-8704-3c28bdf67f9c","operation":"http_request","duration":25.1326,"method":"GET","url":"/assets/images/transporte-turismo-viagem-rodoviaria-e-conceito-de-pessoas-grupo-de-passageiros-felizes.png","status":200}
{"timestamp":"2025-11-05T19:21:30.640Z","requestId":"38b66311-ef74-40de-8f71-c417baabfe43","operation":"http_request","duration":22.156,"method":"GET","url":"/assets/images/transporte-executivo-de-pessoas-preco.png","status":200}
{"timestamp":"2025-11-05T19:21:30.642Z","requestId":"ae3724a9-be03-408f-bcaa-9f1f42396b27","operation":"http_request","duration":20.0952,"method":"GET","url":"/assets/images/guns2.jpg","status":200}
{"timestamp":"2025-11-05T19:21:30.662Z","requestId":"a9aa8dcc-4ead-4049-8b99-73ca8eef331b","operation":"http_request","duration":34.335,"method":"GET","url":"/api/rastreamento/viagem-ativa","status":404}
{"timestamp":"2025-11-05T19:21:30.669Z","requestId":"b8e2d359-32da-4bd5-a888-b771e8d9a204","operation":"http_request","duration":24.6783,"method":"GET","url":"/api/rastreamento/estatisticas","status":404}
{"timestamp":"2025-11-05T19:21:30.674Z","requestId":"cbeee729-b981-4445-8314-1da7490162c8","operation":"http_request","duration":15.3261,"method":"GET","url":"/assets/images/favicon.ico","status":200}
{"timestamp":"2025-11-05T19:21:30.676Z","requestId":"2a37f5f3-ceea-4923-ae10-1d139f8ca45f","operation":"http_request","duration":11.0206,"method":"GET","url":"/manifest.json","status":200}
{"timestamp":"2025-11-05T19:21:30.691Z","requestId":"60ba8ab6-546f-456a-97cb-a3381573b2d7","operation":"http_request","duration":7.9521,"method":"GET","url":"/assets/images/icon-512.png","status":200}
{"timestamp":"2025-11-05T19:21:30.695Z","requestId":"e56360c7-892e-49d5-8bb2-1ac86c650b47","operation":"http_request","duration":9.1066,"method":"GET","url":"/assets/images/icon-192.svg","status":200}
{"timestamp":"2025-11-05T19:21:35.758Z","requestId":"ce8d649d-8f98-45d0-8c8a-53fcfa77bd43","operation":"http_request","duration":3.5369,"method":"GET","url":"/planos.html","status":200}
{"timestamp":"2025-11-05T19:21:35.794Z","requestId":"e1b5b55b-5e33-45cf-bea8-ec1d21ba434c","operation":"http_request","duration":11.9588,"method":"GET","url":"/assets/css/bundle.min.css","status":200}
{"timestamp":"2025-11-05T19:21:35.796Z","requestId":"65b9c366-6895-4d77-a738-f6a979a1ef49","operation":"http_request","duration":10.317,"method":"GET","url":"/assets/css/planos.css","status":200}
{"timestamp":"2025-11-05T19:21:35.797Z","requestId":"127740aa-df49-4989-942f-b19260d013e8","operation":"http_request","duration":10.4061,"method":"GET","url":"/assets/images/logo.png","status":200}
{"timestamp":"2025-11-05T19:21:35.798Z","requestId":"b46aa774-2d8c-408e-be39-4897df20e0c8","operation":"http_request","duration":10.4416,"method":"GET","url":"/assets/images/face.png","status":200}
{"timestamp":"2025-11-05T19:21:35.800Z","requestId":"177d2cf5-02f5-4973-bed4-47f62b6be86d","operation":"http_request","duration":10.5826,"method":"GET","url":"/assets/js/pages/public/planos.js","status":200}
{"timestamp":"2025-11-05T19:21:35.801Z","requestId":"884df34f-60a9-4cc9-be58-a3caa2a338d4","operation":"http_request","duration":10.5502,"method":"GET","url":"/assets/images/insta.png","status":200}
{"timestamp":"2025-11-05T19:21:35.816Z","requestId":"445a8246-4af1-45d5-b287-214db6fcf653","operation":"http_request","duration":6.1287,"method":"GET","url":"/assets/images/linkedin.png","status":200}
{"timestamp":"2025-11-05T19:21:35.818Z","requestId":"76e20a6d-e117-4cc9-97c9-9394d73a3caa","operation":"http_request","duration":6.7578,"method":"GET","url":"/assets/js/core/page-detector.js","status":200}
{"timestamp":"2025-11-05T19:21:35.830Z","requestId":"60bca7f7-c94c-441e-8a43-db9884c08272","operation":"http_request","duration":5.7641,"method":"GET","url":"/assets/css/core/variables.css","status":200}
{"timestamp":"2025-11-05T19:21:35.841Z","requestId":"16fd1b70-45f8-4fa2-900a-8718bacfdbe2","operation":"http_request","duration":8.216,"method":"GET","url":"/assets/js/bundle.min.js","status":200}
{"timestamp":"2025-11-05T19:21:35.855Z","requestId":"02c5e7ef-bef7-42e4-9369-ac27a0404b11","operation":"http_request","duration":9.2628,"method":"GET","url":"/assets/js/animations/animacoes-planos.js","status":200}
{"timestamp":"2025-11-05T19:21:35.906Z","requestId":"e6a6ade2-0c92-4f29-af89-f5392d0551b5","operation":"http_request","duration":6.5192,"method":"GET","url":"/assets/js/core/config.js","status":200}
{"timestamp":"2025-11-05T19:21:35.930Z","requestId":"b24df6d5-2085-468a-82f7-c16cecf4e4f6","operation":"http_request","duration":6.3285,"method":"GET","url":"/api/rastreamento/viagem-ativa","status":404}
{"timestamp":"2025-11-05T19:21:35.932Z","requestId":"7ce97e11-8ea9-443a-a3e6-08f56d657261","operation":"http_request","duration":6.0153,"method":"GET","url":"/api/rastreamento/estatisticas","status":404}
{"timestamp":"2025-11-05T19:21:44.541Z","requestId":"65e7fbe6-c851-4e8e-9ce5-c0141f662c02","operation":"http_request","duration":1.6791,"method":"GET","url":"/index.html","status":200}
{"timestamp":"2025-11-05T19:21:44.575Z","requestId":"79ea6d26-1667-4154-a2ee-9783b58bb752","operation":"http_request","duration":4.2022,"method":"GET","url":"/assets/css/bundle.min.css","status":200}
{"timestamp":"2025-11-05T19:21:44.581Z","requestId":"d3bdad6c-c8d9-496e-b8a0-63e69c9c579a","operation":"http_request","duration":8.287,"method":"GET","url":"/assets/images/mulher%20andando%20na%20cidade.jpg","status":200}
{"timestamp":"2025-11-05T19:21:44.587Z","requestId":"2aef2740-155e-4447-8d2b-2fc081a38089","operation":"http_request","duration":8.2043,"method":"GET","url":"/assets/js/core/app.js","status":200}
{"timestamp":"2025-11-05T19:21:44.590Z","requestId":"a13a73b9-d8af-4e80-8745-23a574c35ec2","operation":"http_request","duration":7.2141,"method":"GET","url":"/assets/images/logo.png","status":200}
{"timestamp":"2025-11-05T19:21:44.592Z","requestId":"3abd0864-52cb-4d28-bb77-acf4b27c8581","operation":"http_request","duration":8.6746,"method":"GET","url":"/assets/js/core/page-detector.js","status":200}
{"timestamp":"2025-11-05T19:21:44.595Z","requestId":"dae57696-060a-4255-a04b-026db8925bb0","operation":"http_request","duration":10.1393,"method":"GET","url":"/assets/js/bundle.min.js","status":200}
{"timestamp":"2025-11-05T19:21:44.607Z","requestId":"a3140614-5f2a-41a0-a443-d4bf07f81789","operation":"http_request","duration":7.9562,"method":"GET","url":"/assets/js/animations/animacoes-index.js","status":200}
{"timestamp":"2025-11-05T19:21:44.642Z","requestId":"e6a4eca1-4d93-413a-93a9-1b6afea88542","operation":"http_request","duration":16.7869,"method":"GET","url":"/assets/images/crian%C3%A7as.png","status":200}
{"timestamp":"2025-11-05T19:21:44.644Z","requestId":"fd390cc1-816e-41d0-96fd-bbe89a14b209","operation":"http_request","duration":17.0043,"method":"GET","url":"/assets/images/transporte-turismo-viagem-rodoviaria-e-conceito-de-pessoas-grupo-de-passageiros-felizes.png","status":200}
{"timestamp":"2025-11-05T19:21:44.647Z","requestId":"4420bfee-555b-4fc0-866a-0774482977dd","operation":"http_request","duration":15.4752,"method":"GET","url":"/assets/images/transporte-executivo-de-pessoas-preco.png","status":200}
{"timestamp":"2025-11-05T19:21:44.650Z","requestId":"fcb18a77-b936-4fba-8bfd-47991600a10b","operation":"http_request","duration":16.0246,"method":"GET","url":"/assets/images/guns2.jpg","status":200}
{"timestamp":"2025-11-05T19:21:44.660Z","requestId":"ee9819b1-b7d6-48f9-ad03-a05d9c339dd7","operation":"http_request","duration":23.4955,"method":"GET","url":"/api/rastreamento/viagem-ativa","status":404}
{"timestamp":"2025-11-05T19:21:44.663Z","requestId":"6af5f496-7b72-4905-b318-f8933b68f6d6","operation":"http_request","duration":24.6259,"method":"GET","url":"/api/rastreamento/estatisticas","status":404}
{"timestamp":"2025-11-05T19:21:44.675Z","requestId":"4fca0e3b-75b4-403a-8b60-129ad7dff3ab","operation":"http_request","duration":9.2043,"method":"GET","url":"/assets/images/favicon.ico","status":200}
{"timestamp":"2025-11-05T19:21:44.677Z","requestId":"8fe99bf0-ee41-45fa-ae11-ce3e45725fec","operation":"http_request","duration":9.4949,"method":"GET","url":"/manifest.json","status":200}
{"timestamp":"2025-11-05T19:21:44.689Z","requestId":"104d0b4c-cd69-46fb-8c9f-ff5525aed75f","operation":"http_request","duration":3.0699,"method":"GET","url":"/assets/images/icon-192.svg","status":200}
{"timestamp":"2025-11-05T19:21:44.691Z","requestId":"26a31615-002f-46a6-8fdc-e88b3c60c9ec","operation":"http_request","duration":4.1763,"method":"GET","url":"/assets/images/icon-512.png","status":200}
{"timestamp":"2025-11-05T19:21:47.668Z","requestId":"4b3e73f8-585f-45f5-b2d2-9482409774d1","operation":"http_request","duration":12.1224,"method":"GET","url":"/assets/images/face.png","status":200}
{"timestamp":"2025-11-05T19:21:47.670Z","requestId":"8c0c1052-b5ad-4317-bda4-6b08b94c26b2","operation":"http_request","duration":12.4252,"method":"GET","url":"/assets/images/insta.png","status":200}
{"timestamp":"2025-11-05T19:21:47.673Z","requestId":"5af5b06e-b9b9-431b-981c-7a1cb8d76a06","operation":"http_request","duration":12.8359,"method":"GET","url":"/assets/images/linkedin.png","status":200}
{"timestamp":"2025-11-05T19:40:58.670Z","requestId":"feec394d-8e44-4690-83a8-26410c1cb870","operation":"http_request","duration":17.5822,"method":"GET","url":"/index.html","status":200}
{"timestamp":"2025-11-05T19:40:58.723Z","requestId":"759b38e1-a21a-43d5-aa3b-520488e2d357","operation":"http_request","duration":18.4632,"method":"GET","url":"/assets/css/core/button-fix.css","status":200}
{"timestamp":"2025-11-05T19:40:58.726Z","requestId":"e8cc0e80-bc25-4366-a2e1-b0340edc23e9","operation":"http_request","duration":19.6863,"method":"GET","url":"/assets/css/bundle.min.css","status":200}
{"timestamp":"2025-11-05T19:40:58.729Z","requestId":"51cff344-8109-4a09-8242-d419bb030a10","operation":"http_request","duration":15.1904,"method":"GET","url":"/assets/images/logo.png","status":200}
{"timestamp":"2025-11-05T19:40:58.731Z","requestId":"631d4984-50d9-4514-aac9-5bd110900557","operation":"http_request","duration":19.3774,"method":"GET","url":"/assets/js/core/app.js","status":200}
{"timestamp":"2025-11-05T19:40:58.738Z","requestId":"3c5257c0-673a-4cbe-aad7-3345eee2c68c","operation":"http_request","duration":21.5338,"method":"GET","url":"/assets/images/mulher%20andando%20na%20cidade.jpg","status":200}
{"timestamp":"2025-11-05T19:40:58.741Z","requestId":"498f570f-52d7-410d-960d-1a11db006846","operation":"http_request","duration":21.5596,"method":"GET","url":"/assets/js/core/page-detector.js","status":200}
{"timestamp":"2025-11-05T19:40:58.768Z","requestId":"dd1becf4-6eea-4013-a707-99fcd2a83a5f","operation":"http_request","duration":12.6893,"method":"GET","url":"/assets/js/bundle.min.js","status":200}
{"timestamp":"2025-11-05T19:40:58.775Z","requestId":"7addf85f-d75d-4fcb-a52c-0c046e603196","operation":"http_request","duration":15.0435,"method":"GET","url":"/assets/js/animations/animacoes-index.js","status":200}
{"timestamp":"2025-11-05T19:40:58.815Z","requestId":"1246fcb5-0918-4145-8d8e-663f4a890a54","operation":"http_request","duration":6.8045,"method":"GET","url":"/assets/images/guns2.jpg","status":200}
{"timestamp":"2025-11-05T19:40:58.845Z","requestId":"502a5f73-082a-42ec-9b29-af0b2c79c09d","operation":"http_request","duration":7.6278,"method":"GET","url":"/manifest.json","status":200}
{"timestamp":"2025-11-05T19:40:58.859Z","requestId":"bb80a139-c228-425a-b211-f8662823ccde","operation":"http_request","duration":30.1186,"method":"GET","url":"/api/rastreamento/viagem-ativa","status":404}
{"timestamp":"2025-11-05T19:40:58.868Z","requestId":"e381a4ee-b8ef-4c84-92b5-c9bc45fb4a8e","operation":"http_request","duration":36.5798,"method":"GET","url":"/api/rastreamento/estatisticas","status":404}
{"timestamp":"2025-11-05T19:40:58.872Z","requestId":"fea4c21d-dec2-4fd7-85af-ce4aeb76f53f","operation":"http_request","duration":21.6193,"method":"GET","url":"/assets/images/favicon.ico","status":200}
{"timestamp":"2025-11-05T19:40:58.882Z","requestId":"23e6c525-d4d2-445e-9413-820c1ae13aeb","operation":"http_request","duration":6.6788,"method":"GET","url":"/assets/images/icon-192.svg","status":200}
{"timestamp":"2025-11-05T19:40:58.887Z","requestId":"6fa52a69-bdd1-40f4-a7cd-6b19f5e247bb","operation":"http_request","duration":9.4181,"method":"GET","url":"/assets/images/icon-512.png","status":200}
{"timestamp":"2025-11-05T19:41:00.581Z","requestId":"e005cf4a-cc14-4c15-938b-ded95f5321ec","operation":"http_request","duration":8.9213,"method":"GET","url":"/assets/images/crian%C3%A7as.png","status":200}
{"timestamp":"2025-11-05T19:41:00.583Z","requestId":"85c83117-65da-4c8c-a35b-eb28cba43d8c","operation":"http_request","duration":5.819,"method":"GET","url":"/assets/images/transporte-executivo-de-pessoas-preco.png","status":200}
{"timestamp":"2025-11-05T19:41:00.586Z","requestId":"fe2a7db8-b998-488e-8db6-bfe454e454f9","operation":"http_request","duration":10.4652,"method":"GET","url":"/assets/images/transporte-turismo-viagem-rodoviaria-e-conceito-de-pessoas-grupo-de-passageiros-felizes.png","status":200}
{"timestamp":"2025-11-05T19:41:03.821Z","requestId":"6b1e8782-9c5e-4c6e-88da-837f75243238","operation":"http_request","duration":2.8781,"method":"GET","url":"/index.html","status":200}
{"timestamp":"2025-11-05T19:41:03.853Z","requestId":"39cad81c-f987-4af5-8138-b89fbe4904a6","operation":"http_request","duration":12.8202,"method":"GET","url":"/assets/css/bundle.min.css","status":200}
{"timestamp":"2025-11-05T19:41:03.855Z","requestId":"2a9e8459-fa49-4b72-b1b1-4bf883445f5d","operation":"http_request","duration":13.2086,"method":"GET","url":"/assets/css/core/button-fix.css","status":200}
{"timestamp":"2025-11-05T19:41:03.858Z","requestId":"dde8a414-9286-4a54-beb4-3b75d8df684d","operation":"http_request","duration":13.1379,"method":"GET","url":"/assets/images/mulher%20andando%20na%20cidade.jpg","status":200}
{"timestamp":"2025-11-05T19:41:03.860Z","requestId":"d0ea5a1d-e0c5-4b2f-9c79-b50510761a32","operation":"http_request","duration":12.296,"method":"GET","url":"/assets/js/core/app.js","status":200}
{"timestamp":"2025-11-05T19:41:03.861Z","requestId":"98723523-b1f3-4c6a-9ba5-442c107dca49","operation":"http_request","duration":11.8072,"method":"GET","url":"/assets/images/logo.png","status":200}
{"timestamp":"2025-11-05T19:41:03.863Z","requestId":"15b2f0bf-2c31-4cc7-b0f4-2ff05541f11c","operation":"http_request","duration":12.5026,"method":"GET","url":"/assets/js/core/page-detector.js","status":200}
{"timestamp":"2025-11-05T19:41:03.878Z","requestId":"07f9705b-392b-4774-9ca2-6bd78ef3b7ac","operation":"http_request","duration":5.0002,"method":"GET","url":"/assets/js/bundle.min.js","status":200}
{"timestamp":"2025-11-05T19:41:03.879Z","requestId":"62e55241-8b52-4a06-b466-a4e3ae18ee99","operation":"http_request","duration":5.5674,"method":"GET","url":"/assets/js/animations/animacoes-index.js","status":200}
{"timestamp":"2025-11-05T19:41:03.904Z","requestId":"34c0a036-a804-4974-a697-2e4075d6ef70","operation":"http_request","duration":10.5796,"method":"GET","url":"/assets/images/crian%C3%A7as.png","status":200}
{"timestamp":"2025-11-05T19:41:03.907Z","requestId":"e47430fc-aa73-4c35-a5aa-5018142f7212","operation":"http_request","duration":12.1383,"method":"GET","url":"/assets/images/transporte-turismo-viagem-rodoviaria-e-conceito-de-pessoas-grupo-de-passageiros-felizes.png","status":200}
{"timestamp":"2025-11-05T19:41:03.909Z","requestId":"e46cd039-e9ce-4541-9836-db13f6cc309a","operation":"http_request","duration":11.6844,"method":"GET","url":"/assets/images/transporte-executivo-de-pessoas-preco.png","status":200}
{"timestamp":"2025-11-05T19:41:03.911Z","requestId":"b50368f7-92f6-48a1-94c4-3afcd072f894","operation":"http_request","duration":10.6657,"method":"GET","url":"/assets/images/guns2.jpg","status":200}
{"timestamp":"2025-11-05T19:41:03.934Z","requestId":"625d9fe5-09ee-4445-bfe7-1fff4e2fb991","operation":"http_request","duration":19.2129,"method":"GET","url":"/api/rastreamento/estatisticas","status":404}
{"timestamp":"2025-11-05T19:41:03.936Z","requestId":"e722bba4-f34c-4758-8814-9de7c7758208","operation":"http_request","duration":21.7605,"method":"GET","url":"/api/rastreamento/viagem-ativa","status":404}
{"timestamp":"2025-11-05T19:41:03.938Z","requestId":"8e4a2d2f-eb4e-4711-83e1-96225fce33fa","operation":"http_request","duration":11.8227,"method":"GET","url":"/assets/images/favicon.ico","status":200}
{"timestamp":"2025-11-05T19:41:03.940Z","requestId":"c4f9c5aa-3e39-4138-b665-04218f0d776d","operation":"http_request","duration":8.4803,"method":"GET","url":"/manifest.json","status":200}
{"timestamp":"2025-11-05T19:41:03.954Z","requestId":"94ca47e8-0d6f-4933-b50c-a9503718c18a","operation":"http_request","duration":3.7706,"method":"GET","url":"/assets/images/icon-512.png","status":200}
{"timestamp":"2025-11-05T19:41:03.957Z","requestId":"4c9cd439-2dff-44bb-8292-4259242f34e0","operation":"http_request","duration":4.9067,"method":"GET","url":"/assets/images/icon-192.svg","status":200}
{"timestamp":"2025-11-05T19:41:07.842Z","requestId":"b12713fa-5349-4c88-9f69-3d60f0a3b178","operation":"http_request","duration":1.9387,"method":"GET","url":"/index.html","status":200}
{"timestamp":"2025-11-05T19:41:07.875Z","requestId":"7d3872aa-e089-4ef0-accb-2e0582d4d41e","operation":"http_request","duration":14.1885,"method":"GET","url":"/assets/css/bundle.min.css","status":200}
{"timestamp":"2025-11-05T19:41:07.878Z","requestId":"5c737058-6765-4010-84a2-920aad1db7a7","operation":"http_request","duration":12.052,"method":"GET","url":"/assets/css/core/button-fix.css","status":200}
{"timestamp":"2025-11-05T19:41:07.880Z","requestId":"2029ea43-b598-4af9-9a2d-94dcab11f7b1","operation":"http_request","duration":16.1874,"method":"GET","url":"/assets/images/mulher%20andando%20na%20cidade.jpg","status":200}
{"timestamp":"2025-11-05T19:41:07.882Z","requestId":"914e32b8-393d-4567-aefb-98e056404413","operation":"http_request","duration":14.4626,"method":"GET","url":"/assets/js/core/app.js","status":200}
{"timestamp":"2025-11-05T19:41:07.884Z","requestId":"7cc085e3-5d72-4b08-9472-aefa6b8c7c47","operation":"http_request","duration":14.5072,"method":"GET","url":"/assets/images/logo.png","status":200}
{"timestamp":"2025-11-05T19:41:07.886Z","requestId":"2f64f1a6-0d32-46ca-8dee-2ca559952609","operation":"http_request","duration":14.6778,"method":"GET","url":"/assets/js/core/page-detector.js","status":200}
{"timestamp":"2025-11-05T19:41:07.902Z","requestId":"9bf3345b-7c21-4d51-af51-7c1fd0d27d61","operation":"http_request","duration":5.1073,"method":"GET","url":"/assets/js/bundle.min.js","status":200}
{"timestamp":"2025-11-05T19:41:07.904Z","requestId":"8327d07d-f4b0-4f21-b302-82d3ac798d15","operation":"http_request","duration":5.5404,"method":"GET","url":"/assets/js/animations/animacoes-index.js","status":200}
{"timestamp":"2025-11-05T19:41:07.940Z","requestId":"f3ef9600-338f-4e89-a63a-8f0880a4f09f","operation":"http_request","duration":17.2674,"method":"GET","url":"/assets/images/crian%C3%A7as.png","status":200}
{"timestamp":"2025-11-05T19:41:07.942Z","requestId":"e437273f-4198-47a4-a1fd-6e64d977af18","operation":"http_request","duration":17.6975,"method":"GET","url":"/assets/images/transporte-turismo-viagem-rodoviaria-e-conceito-de-pessoas-grupo-de-passageiros-felizes.png","status":200}
{"timestamp":"2025-11-05T19:41:07.945Z","requestId":"18b833ca-5c63-4ab5-b5d0-c4efc5a0e7e8","operation":"http_request","duration":16.9342,"method":"GET","url":"/assets/images/transporte-executivo-de-pessoas-preco.png","status":200}
{"timestamp":"2025-11-05T19:41:07.947Z","requestId":"a08de4ae-b2cc-4ea7-ae83-48f50207792b","operation":"http_request","duration":17.3233,"method":"GET","url":"/assets/images/guns2.jpg","status":200}
{"timestamp":"2025-11-05T19:41:07.956Z","requestId":"96b15894-d8d1-4639-9b97-3f6ebc15f958","operation":"http_request","duration":23.9687,"method":"GET","url":"/api/rastreamento/viagem-ativa","status":404}
{"timestamp":"2025-11-05T19:41:07.958Z","requestId":"656f1a85-953c-4b24-a083-fc6348e47eb4","operation":"http_request","duration":22.7699,"method":"GET","url":"/api/rastreamento/estatisticas","status":404}
{"timestamp":"2025-11-05T19:41:07.971Z","requestId":"32c9c9ae-2ac5-48b0-811e-1b577d3e2ca5","operation":"http_request","duration":6.8505,"method":"GET","url":"/assets/images/favicon.ico","status":200}
{"timestamp":"2025-11-05T19:41:07.973Z","requestId":"19c04fd5-a56c-4325-991d-1c60254a3987","operation":"http_request","duration":5.6806,"method":"GET","url":"/manifest.json","status":200}
{"timestamp":"2025-11-05T19:41:07.987Z","requestId":"4f0c667a-9b76-4f59-bb89-2960e399c8aa","operation":"http_request","duration":3.3096,"method":"GET","url":"/assets/images/icon-512.png","status":200}
{"timestamp":"2025-11-05T19:41:07.993Z","requestId":"6010b4f0-864c-4fb0-a651-c0986db08946","operation":"http_request","duration":3.6063,"method":"GET","url":"/assets/images/icon-192.svg","status":200}
{"timestamp":"2025-11-05T19:41:10.894Z","requestId":"7b8d7281-dd28-45b5-9dbb-df08fe719a3e","operation":"http_request","duration":4.5272,"method":"GET","url":"/index.html","status":200}
{"timestamp":"2025-11-05T19:41:10.923Z","requestId":"7ca8d2be-7f97-449d-b4a6-51cb483e14c7","operation":"http_request","duration":13.9553,"method":"GET","url":"/assets/css/bundle.min.css","status":200}
{"timestamp":"2025-11-05T19:41:10.925Z","requestId":"a8e00f56-06f0-40fc-b01e-7ed701e2d85f","operation":"http_request","duration":12.6771,"method":"GET","url":"/assets/css/core/button-fix.css","status":200}
{"timestamp":"2025-11-05T19:41:10.926Z","requestId":"a90149d1-16d0-40e2-b60c-f6407726c832","operation":"http_request","duration":10.924,"method":"GET","url":"/assets/images/mulher%20andando%20na%20cidade.jpg","status":200}
{"timestamp":"2025-11-05T19:41:10.927Z","requestId":"27239c1d-967e-49e3-95fa-73fbb6e3cd0d","operation":"http_request","duration":9.7126,"method":"GET","url":"/assets/images/logo.png","status":200}
{"timestamp":"2025-11-05T19:41:10.929Z","requestId":"508d9017-894f-4bc1-96c3-6952c1089662","operation":"http_request","duration":12.7117,"method":"GET","url":"/assets/js/core/app.js","status":200}
{"timestamp":"2025-11-05T19:41:10.931Z","requestId":"a92b7d1f-795a-4ad5-80bf-d6f0eafd134e","operation":"http_request","duration":11.2079,"method":"GET","url":"/assets/js/core/page-detector.js","status":200}
{"timestamp":"2025-11-05T19:41:10.948Z","requestId":"f951e0a8-a641-4faa-840b-57135f574166","operation":"http_request","duration":4.4022,"method":"GET","url":"/assets/js/bundle.min.js","status":200}
{"timestamp":"2025-11-05T19:41:10.952Z","requestId":"02f0c741-b1ed-4b75-a9ac-d85ecc1f6fa6","operation":"http_request","duration":6.871,"method":"GET","url":"/assets/js/animations/animacoes-index.js","status":200}
{"timestamp":"2025-11-05T19:41:10.985Z","requestId":"30273ab1-8903-4cf5-9866-85368cc66613","operation":"http_request","duration":17.8998,"method":"GET","url":"/assets/images/crian%C3%A7as.png","status":200}
{"timestamp":"2025-11-05T19:41:10.989Z","requestId":"1392d62d-cd0b-4d40-b6c6-e9431e947356","operation":"http_request","duration":19.6768,"method":"GET","url":"/assets/images/transporte-turismo-viagem-rodoviaria-e-conceito-de-pessoas-grupo-de-passageiros-felizes.png","status":200}
{"timestamp":"2025-11-05T19:41:10.993Z","requestId":"c640d608-f35e-44ae-94a4-12a949326149","operation":"http_request","duration":19.9119,"method":"GET","url":"/assets/images/transporte-executivo-de-pessoas-preco.png","status":200}
{"timestamp":"2025-11-05T19:41:10.995Z","requestId":"bb029762-a013-4094-9b20-a661a39aaed4","operation":"http_request","duration":19.4366,"method":"GET","url":"/assets/images/guns2.jpg","status":200}
{"timestamp":"2025-11-05T19:41:11.009Z","requestId":"a8eea129-09de-42a9-9685-d9c4e45208d3","operation":"http_request","duration":28.8892,"method":"GET","url":"/api/rastreamento/viagem-ativa","status":404}
{"timestamp":"2025-11-05T19:41:11.014Z","requestId":"8800edeb-b597-4b6c-a1b1-f0fb725d77f6","operation":"http_request","duration":32.0435,"method":"GET","url":"/api/rastreamento/estatisticas","status":404}
{"timestamp":"2025-11-05T19:41:11.022Z","requestId":"f7145a33-35a5-4b5a-b97a-57b357714dcb","operation":"http_request","duration":5.5435,"method":"GET","url":"/assets/images/favicon.ico","status":200}
{"timestamp":"2025-11-05T19:41:11.024Z","requestId":"105e9d63-1679-4b90-93e4-6a6197480ab6","operation":"http_request","duration":5.8043,"method":"GET","url":"/manifest.json","status":200}
{"timestamp":"2025-11-05T19:41:11.035Z","requestId":"ec61154c-727e-463b-ad64-113632d771e2","operation":"http_request","duration":4.2213,"method":"GET","url":"/assets/images/icon-512.png","status":200}
{"timestamp":"2025-11-05T19:41:11.038Z","requestId":"6c6ad99e-aa00-4e41-bf00-603cd06c482a","operation":"http_request","duration":4.7228,"method":"GET","url":"/assets/images/icon-192.svg","status":200}
{"timestamp":"2025-11-05T19:41:14.302Z","requestId":"87b4254e-313f-44c9-87ec-f10ed20c86cc","operation":"http_request","duration":3.315,"method":"GET","url":"/assets/images/face.png","status":200}
{"timestamp":"2025-11-05T19:41:14.304Z","requestId":"74dad10f-eade-4f8a-9676-a997dc2c47e9","operation":"http_request","duration":4.2393,"method":"GET","url":"/assets/images/insta.png","status":200}
{"timestamp":"2025-11-05T19:41:14.305Z","requestId":"91ef9cdb-b8ce-4e3e-a35e-f7470dfabff8","operation":"http_request","duration":4.4687,"method":"GET","url":"/assets/images/linkedin.png","status":200}
{"timestamp":"2025-11-05T19:41:17.794Z","requestId":"82a745cd-a039-4ffb-8d70-09c92726efea","operation":"http_request","duration":2.2683,"method":"GET","url":"/planos.html","status":200}
{"timestamp":"2025-11-05T19:41:17.844Z","requestId":"d6ea673e-415e-4062-aa30-9a608aae6e00","operation":"http_request","duration":12.8091,"method":"GET","url":"/assets/css/bundle.min.css","status":200}
{"timestamp":"2025-11-05T19:41:17.846Z","requestId":"e7bcde27-af63-4ac1-bc56-097a5cc2a449","operation":"http_request","duration":13.7179,"method":"GET","url":"/assets/css/core/button-fix.css","status":200}
{"timestamp":"2025-11-05T19:41:17.849Z","requestId":"0541eb87-9c6e-4bb0-b945-e24396eef346","operation":"http_request","duration":13.6224,"method":"GET","url":"/assets/images/logo.png","status":200}
{"timestamp":"2025-11-05T19:41:17.851Z","requestId":"0e26a17b-8a08-41c9-92ee-d3d0aafc821d","operation":"http_request","duration":14.552,"method":"GET","url":"/assets/css/planos.css","status":200}
{"timestamp":"2025-11-05T19:41:17.854Z","requestId":"a69b8d35-c396-4903-9950-b33a6deee9e8","operation":"http_request","duration":13.8441,"method":"GET","url":"/assets/js/pages/public/planos.js","status":200}
{"timestamp":"2025-11-05T19:41:17.855Z","requestId":"7db48bc4-17a9-445c-bdc3-eed1931c1b9f","operation":"http_request","duration":13.9148,"method":"GET","url":"/assets/images/face.png","status":200}
{"timestamp":"2025-11-05T19:41:17.872Z","requestId":"98ed247f-c6d5-4e98-88fa-12179df99bd9","operation":"http_request","duration":10.4674,"method":"GET","url":"/assets/js/core/page-detector.js","status":200}
{"timestamp":"2025-11-05T19:41:17.878Z","requestId":"5eaa1526-1aa8-43ed-af14-74a88ead53d4","operation":"http_request","duration":8.9919,"method":"GET","url":"/assets/images/insta.png","status":200}
{"timestamp":"2025-11-05T19:41:17.881Z","requestId":"9abf4886-3af7-47b8-a947-c2a32e99bae3","operation":"http_request","duration":10.8035,"method":"GET","url":"/assets/css/core/variables.css","status":200}
{"timestamp":"2025-11-05T19:41:17.898Z","requestId":"69a99119-57f6-4793-a9d7-12ff5301ead7","operation":"http_request","duration":13.6876,"method":"GET","url":"/assets/images/linkedin.png","status":200}
{"timestamp":"2025-11-05T19:41:17.905Z","requestId":"c6ec6b8a-d2d2-4747-896b-0c0b2b766248","operation":"http_request","duration":8.2761,"method":"GET","url":"/assets/js/bundle.min.js","status":200}
{"timestamp":"2025-11-05T19:41:17.912Z","requestId":"9ef9d2bc-afbb-436b-bf5b-492055c51910","operation":"http_request","duration":9.0322,"method":"GET","url":"/assets/js/animations/animacoes-planos.js","status":200}
{"timestamp":"2025-11-05T19:41:17.957Z","requestId":"7a100695-15e1-41c1-a2a2-fc3d69778618","operation":"http_request","duration":2.7095,"method":"GET","url":"/assets/js/core/config.js","status":200}
{"timestamp":"2025-11-05T19:41:17.988Z","requestId":"5c317edf-da6f-4d23-ad97-2017bb1011f1","operation":"http_request","duration":19.3309,"method":"GET","url":"/api/rastreamento/viagem-ativa","status":404}
{"timestamp":"2025-11-05T19:41:17.997Z","requestId":"7f06ce3b-d159-4974-84e8-944ee26700aa","operation":"http_request","duration":26.3888,"method":"GET","url":"/api/rastreamento/estatisticas","status":404}
{"timestamp":"2025-11-05T19:48:30.339Z","requestId":"4a9ea189-28ae-43aa-ba40-6946344dea12","operation":"http_request","duration":20.9252,"method":"GET","url":"/index.html","status":200}
{"timestamp":"2025-11-05T19:48:30.416Z","requestId":"27fee7d9-8bd5-4b6a-8860-194aff3e74f4","operation":"http_request","duration":28.9826,"method":"GET","url":"/assets/css/bundle.min.css","status":200}
{"timestamp":"2025-11-05T19:48:30.421Z","requestId":"f895ee56-27d8-4163-86f4-3aee8a06192e","operation":"http_request","duration":26.4675,"method":"GET","url":"/assets/images/mulher%20andando%20na%20cidade.jpg","status":200}
{"timestamp":"2025-11-05T19:48:30.424Z","requestId":"2a32bfa9-4904-4285-a877-0099d3021fa9","operation":"http_request","duration":20.6306,"method":"GET","url":"/assets/images/logo.png","status":200}
{"timestamp":"2025-11-05T19:48:30.427Z","requestId":"35f8cf1b-1db4-4111-b086-d6a795a6556b","operation":"http_request","duration":26.5763,"method":"GET","url":"/assets/js/core/app.js","status":200}
{"timestamp":"2025-11-05T19:48:30.431Z","requestId":"0a85f239-e615-43dd-a602-05797c377205","operation":"http_request","duration":22.5487,"method":"GET","url":"/assets/css/core/button-fix.css","status":200}
{"timestamp":"2025-11-05T19:48:30.434Z","requestId":"f2322938-9095-481e-8e56-266d09426193","operation":"http_request","duration":21.3319,"method":"GET","url":"/assets/js/core/page-detector.js","status":200}
{"timestamp":"2025-11-05T19:48:30.464Z","requestId":"8e561fc0-4c7d-4dc6-8225-b7057b9836b9","operation":"http_request","duration":14.0552,"method":"GET","url":"/assets/js/bundle.min.js","status":200}
{"timestamp":"2025-11-05T19:48:30.470Z","requestId":"27361ffc-e6b4-4647-96eb-0eb218197c88","operation":"http_request","duration":15.2735,"method":"GET","url":"/assets/js/animations/animacoes-index.js","status":200}
{"timestamp":"2025-11-05T19:48:30.562Z","requestId":"0b202a0a-d202-4bcb-bf9b-8348b534f55a","operation":"http_request","duration":10.2329,"method":"GET","url":"/assets/images/crian%C3%A7as.png","status":200}
{"timestamp":"2025-11-05T19:48:30.564Z","requestId":"ccb404c6-79fa-419a-a6b4-0f376b1e827b","operation":"http_request","duration":8.6788,"method":"GET","url":"/assets/images/transporte-executivo-de-pessoas-preco.png","status":200}
{"timestamp":"2025-11-05T19:48:30.565Z","requestId":"1da8414a-0255-4eae-a1d8-bd10f12ef04f","operation":"http_request","duration":11.3508,"method":"GET","url":"/assets/images/transporte-turismo-viagem-rodoviaria-e-conceito-de-pessoas-grupo-de-passageiros-felizes.png","status":200}
{"timestamp":"2025-11-05T19:48:30.568Z","requestId":"94d9e3d1-fa8d-4d34-884a-bae7f9c5813b","operation":"http_request","duration":10.6429,"method":"GET","url":"/assets/images/guns2.jpg","status":200}
{"timestamp":"2025-11-05T19:48:30.618Z","requestId":"b747e57e-da74-40af-b793-d2304337922e","operation":"http_request","duration":19.1925,"method":"GET","url":"/api/rastreamento/viagem-ativa","status":404}
{"timestamp":"2025-11-05T19:48:30.624Z","requestId":"28671f5a-c4a9-4dc1-92e2-6f553def2fb5","operation":"http_request","duration":24.0374,"method":"GET","url":"/api/rastreamento/estatisticas","status":404}
{"timestamp":"2025-11-05T19:48:30.631Z","requestId":"1484b27e-0ddf-4e8d-888c-97a336ba4e7c","operation":"http_request","duration":26.2558,"method":"GET","url":"/manifest.json","status":200}
{"timestamp":"2025-11-05T19:48:30.634Z","requestId":"e8fa4c8f-54fb-44fe-bdaf-03dd6ff86876","operation":"http_request","duration":26.8875,"method":"GET","url":"/assets/images/favicon.ico","status":200}
{"timestamp":"2025-11-05T19:48:30.659Z","requestId":"207c643b-5408-4737-8da4-dc333b13b2e9","operation":"http_request","duration":4.684,"method":"GET","url":"/assets/images/icon-512.png","status":200}
{"timestamp":"2025-11-05T19:48:30.661Z","requestId":"484ea383-114a-4e20-aa8c-a1660916a5df","operation":"http_request","duration":4.7171,"method":"GET","url":"/assets/images/icon-192.svg","status":200}
{"timestamp":"2025-11-05T19:48:34.299Z","requestId":"fe52a280-02d5-4b88-9238-9b667f87fae8","operation":"http_request","duration":3.4746,"method":"GET","url":"/assets/images/face.png","status":200}
{"timestamp":"2025-11-05T19:48:34.301Z","requestId":"ed9528b2-38f3-4086-97e6-a82d7af2e5ee","operation":"http_request","duration":4.4,"method":"GET","url":"/assets/images/insta.png","status":200}
{"timestamp":"2025-11-05T19:48:34.303Z","requestId":"75168eb4-25a9-417e-bd9b-3edcd7f34bc0","operation":"http_request","duration":5.3914,"method":"GET","url":"/assets/images/linkedin.png","status":200}
{"timestamp":"2025-11-05T19:48:37.669Z","requestId":"120786bd-ebfd-499c-a8a3-3119d39ace92","operation":"http_request","duration":3.6061,"method":"GET","url":"/index.html","status":200}
{"timestamp":"2025-11-05T19:48:37.694Z","requestId":"e6becb06-b2e0-4de6-93c2-60b270bc68ea","operation":"http_request","duration":7.9552,"method":"GET","url":"/assets/images/mulher%20andando%20na%20cidade.jpg","status":200}
{"timestamp":"2025-11-05T19:48:37.697Z","requestId":"7b1ddff9-d93e-4d00-b6c4-7387b803af4b","operation":"http_request","duration":12.5247,"method":"GET","url":"/assets/css/bundle.min.css","status":200}
{"timestamp":"2025-11-05T19:48:37.699Z","requestId":"44758c68-e774-45bc-86a0-84f3db15b8ea","operation":"http_request","duration":10.9866,"method":"GET","url":"/assets/js/core/app.js","status":200}
{"timestamp":"2025-11-05T19:48:37.703Z","requestId":"bc0711c1-fbbf-4ce3-9002-8b77325937e9","operation":"http_request","duration":13.7518,"method":"GET","url":"/assets/css/core/button-fix.css","status":200}
{"timestamp":"2025-11-05T19:48:37.705Z","requestId":"cbec9d38-85d4-4b0d-9618-3fe8922d717c","operation":"http_request","duration":13.4655,"method":"GET","url":"/assets/images/logo.png","status":200}
{"timestamp":"2025-11-05T19:48:37.707Z","requestId":"dd8af67a-626a-44ff-9c46-0dc6b601dc0d","operation":"http_request","duration":14.743,"method":"GET","url":"/assets/js/core/page-detector.js","status":200}
{"timestamp":"2025-11-05T19:48:37.720Z","requestId":"78da6b50-6c43-4cb7-b632-64584ad60e3c","operation":"http_request","duration":5.8197,"method":"GET","url":"/assets/js/bundle.min.js","status":200}
{"timestamp":"2025-11-05T19:48:37.725Z","requestId":"804a8018-e73d-4f7e-9234-127bcdfee762","operation":"http_request","duration":6.302,"method":"GET","url":"/assets/js/animations/animacoes-index.js","status":200}
{"timestamp":"2025-11-05T19:48:37.764Z","requestId":"20026bab-0be3-43de-9a98-d840ff6999c7","operation":"http_request","duration":14.375,"method":"GET","url":"/assets/images/crian%C3%A7as.png","status":200}
{"timestamp":"2025-11-05T19:48:37.765Z","requestId":"806ec221-e6af-4796-a833-c40fc301459c","operation":"http_request","duration":13.5728,"method":"GET","url":"/assets/images/transporte-turismo-viagem-rodoviaria-e-conceito-de-pessoas-grupo-de-passageiros-felizes.png","status":200}
{"timestamp":"2025-11-05T19:48:37.768Z","requestId":"d56603ba-8257-454f-a957-85140a599d92","operation":"http_request","duration":14.2835,"method":"GET","url":"/assets/images/transporte-executivo-de-pessoas-preco.png","status":200}
{"timestamp":"2025-11-05T19:48:37.770Z","requestId":"87963121-4499-416a-abdf-afe5ebf66bf7","operation":"http_request","duration":14.0063,"method":"GET","url":"/assets/images/guns2.jpg","status":200}
{"timestamp":"2025-11-05T19:48:37.782Z","requestId":"7888be50-56ba-416b-8e28-cafe90940f55","operation":"http_request","duration":23.3598,"method":"GET","url":"/api/rastreamento/viagem-ativa","status":404}
{"timestamp":"2025-11-05T19:48:37.786Z","requestId":"378ca37c-477c-4358-b4b5-076b8f419c9c","operation":"http_request","duration":24.8551,"method":"GET","url":"/api/rastreamento/estatisticas","status":404}
{"timestamp":"2025-11-05T19:48:37.802Z","requestId":"a976c1e6-0e2a-4f89-83dc-32b8bcc5dc62","operation":"http_request","duration":14.5714,"method":"GET","url":"/assets/images/favicon.ico","status":200}
{"timestamp":"2025-11-05T19:48:37.807Z","requestId":"216ce13d-3748-4661-850d-17c3ff361fc9","operation":"http_request","duration":11.0564,"method":"GET","url":"/manifest.json","status":200}
{"timestamp":"2025-11-05T19:48:37.824Z","requestId":"2c9d4271-2e85-4900-a62c-c3c514a7e272","operation":"http_request","duration":5.5159,"method":"GET","url":"/assets/images/icon-512.png","status":200}
{"timestamp":"2025-11-05T19:48:37.829Z","requestId":"95d6de60-efff-4a45-8dd0-a89e17fd0efb","operation":"http_request","duration":8.4631,"method":"GET","url":"/assets/images/icon-192.svg","status":200}
{"timestamp":"2025-11-05T19:49:06.576Z","requestId":"946efb0b-9f28-43d8-8e5c-afb876d69555","operation":"http_request","duration":1.5383,"method":"GET","url":"/index.html","status":200}
{"timestamp":"2025-11-05T19:49:06.600Z","requestId":"a14413b6-cf7f-4333-8aaa-7f2b2c02f222","operation":"http_request","duration":7.8113,"method":"GET","url":"/assets/css/bundle.min.css","status":200}
{"timestamp":"2025-11-05T19:49:06.602Z","requestId":"a9d632fb-e1c1-4b2d-8e70-6805b4e72c8c","operation":"http_request","duration":8.3988,"method":"GET","url":"/assets/images/mulher%20andando%20na%20cidade.jpg","status":200}
{"timestamp":"2025-11-05T19:49:06.603Z","requestId":"be3ded34-b402-4f05-bd81-8e9447b2254b","operation":"http_request","duration":8.2185,"method":"GET","url":"/assets/css/core/button-fix.css","status":200}
{"timestamp":"2025-11-05T19:49:06.604Z","requestId":"6127afb8-265a-42f3-b7df-c3f5a9407153","operation":"http_request","duration":8.1704,"method":"GET","url":"/assets/js/core/app.js","status":200}
{"timestamp":"2025-11-05T19:49:06.605Z","requestId":"790b94b7-3116-494b-8fa6-88baee738342","operation":"http_request","duration":9.082,"method":"GET","url":"/assets/images/logo.png","status":200}
{"timestamp":"2025-11-05T19:49:06.606Z","requestId":"a539bff1-c14e-4252-83c5-91f0a13b434c","operation":"http_request","duration":9.1281,"method":"GET","url":"/assets/js/core/page-detector.js","status":200}
{"timestamp":"2025-11-05T19:49:06.618Z","requestId":"7dcda620-4672-4f70-9aa4-bc1da5e3df63","operation":"http_request","duration":3.5181,"method":"GET","url":"/assets/js/bundle.min.js","status":200}
{"timestamp":"2025-11-05T19:49:06.619Z","requestId":"8e705e9c-c696-4523-8877-f6292878a377","operation":"http_request","duration":3.5926,"method":"GET","url":"/assets/js/animations/animacoes-index.js","status":200}
{"timestamp":"2025-11-05T19:49:06.646Z","requestId":"5e09159c-0c7a-4752-9933-63cba21952b4","operation":"http_request","duration":6.9898,"method":"GET","url":"/assets/images/crian%C3%A7as.png","status":200}
{"timestamp":"2025-11-05T19:49:06.647Z","requestId":"6fd4628c-b679-4b79-820e-0e0661ff272d","operation":"http_request","duration":6.4805,"method":"GET","url":"/assets/images/transporte-turismo-viagem-rodoviaria-e-conceito-de-pessoas-grupo-de-passageiros-felizes.png","status":200}
{"timestamp":"2025-11-05T19:49:06.648Z","requestId":"053f1a53-7b82-43b7-90ed-8e9ba9e7680c","operation":"http_request","duration":6.4489,"method":"GET","url":"/assets/images/transporte-executivo-de-pessoas-preco.png","status":200}
{"timestamp":"2025-11-05T19:49:06.649Z","requestId":"20f9d428-602b-48b2-b31c-26f1ad9542c6","operation":"http_request","duration":6.5491,"method":"GET","url":"/assets/images/guns2.jpg","status":200}
{"timestamp":"2025-11-05T19:49:06.658Z","requestId":"32604629-dc0f-4db1-bef6-4bfcf83694b9","operation":"http_request","duration":13.5182,"method":"GET","url":"/api/rastreamento/estatisticas","status":404}
{"timestamp":"2025-11-05T19:49:06.660Z","requestId":"2bf613c8-6d97-4b53-8142-456b4e28086a","operation":"http_request","duration":17.2075,"method":"GET","url":"/api/rastreamento/viagem-ativa","status":404}
{"timestamp":"2025-11-05T19:49:06.674Z","requestId":"3b1a7096-2a51-48c8-86df-286ef58b95f7","operation":"http_request","duration":7.0449,"method":"GET","url":"/assets/images/favicon.ico","status":200}
{"timestamp":"2025-11-05T19:49:06.677Z","requestId":"fd70143e-5abb-4204-9ad8-d940ac4d074b","operation":"http_request","duration":5.5391,"method":"GET","url":"/manifest.json","status":200}
{"timestamp":"2025-11-05T19:49:06.688Z","requestId":"0876b731-0b03-4f02-8a2e-0d09a455a14d","operation":"http_request","duration":1.7354,"method":"GET","url":"/assets/images/icon-192.svg","status":200}
{"timestamp":"2025-11-05T19:49:06.688Z","requestId":"98d02ea9-a573-44de-b511-f871c89ea28f","operation":"http_request","duration":3.8519,"method":"GET","url":"/assets/images/icon-512.png","status":200}
{"timestamp":"2025-11-05T19:49:09.331Z","requestId":"b8ecf39e-b2bf-43d8-9417-81d2a2cbb89c","operation":"http_request","duration":4.0926,"method":"GET","url":"/planos.html","status":200}
{"timestamp":"2025-11-05T19:49:09.355Z","requestId":"9b263ea5-8dd5-4802-a2f5-575e61f68b03","operation":"http_request","duration":1.7921,"method":"GET","url":"/assets/css/bundle.min.css","status":200}
{"timestamp":"2025-11-05T19:49:09.365Z","requestId":"bf526071-18a3-4d51-ab82-b7a635fe71c6","operation":"http_request","duration":7.712,"method":"GET","url":"/assets/css/core/button-fix.css","status":200}
{"timestamp":"2025-11-05T19:49:09.368Z","requestId":"24c020de-355c-4cae-9e13-291a32ec923b","operation":"http_request","duration":8.3282,"method":"GET","url":"/assets/images/logo.png","status":200}
{"timestamp":"2025-11-05T19:49:09.369Z","requestId":"c9c4df31-0444-43ae-b3fa-7987bf1c8310","operation":"http_request","duration":9.9671,"method":"GET","url":"/assets/css/planos.css","status":200}
{"timestamp":"2025-11-05T19:49:09.370Z","requestId":"c4dabd42-73e4-426e-a473-f443ef614f80","operation":"http_request","duration":9.4231,"method":"GET","url":"/assets/images/face.png","status":200}
{"timestamp":"2025-11-05T19:49:09.373Z","requestId":"38263d02-20c1-472d-a485-4a169a953db5","operation":"http_request","duration":9.9555,"method":"GET","url":"/assets/js/pages/public/planos.js","status":200}
{"timestamp":"2025-11-05T19:49:09.395Z","requestId":"c79a5b25-d2cc-4df6-b5a0-2d22a85c424a","operation":"http_request","duration":9.8145,"method":"GET","url":"/assets/js/core/page-detector.js","status":200}
{"timestamp":"2025-11-05T19:49:09.396Z","requestId":"3f3134ed-eddf-474b-89f3-b1e4e4c9961b","operation":"http_request","duration":7.5483,"method":"GET","url":"/assets/images/insta.png","status":200}
{"timestamp":"2025-11-05T19:49:09.398Z","requestId":"bb7c5050-7370-450f-9496-2998f985a65f","operation":"http_request","duration":7.6431,"method":"GET","url":"/assets/images/linkedin.png","status":200}
{"timestamp":"2025-11-05T19:49:09.401Z","requestId":"014d5158-286b-4fbd-a580-0cf4ddb8eba5","operation":"http_request","duration":7.6416,"method":"GET","url":"/assets/css/core/variables.css","status":200}
{"timestamp":"2025-11-05T19:49:09.418Z","requestId":"d98179ea-7471-46cc-947e-efd968d3b129","operation":"http_request","duration":10.4891,"method":"GET","url":"/assets/js/bundle.min.js","status":200}
{"timestamp":"2025-11-05T19:49:09.421Z","requestId":"ebee966e-cca8-4ad9-a49c-cfa25393ecbd","operation":"http_request","duration":9.7369,"method":"GET","url":"/assets/js/animations/animacoes-planos.js","status":200}
{"timestamp":"2025-11-05T19:49:09.468Z","requestId":"d5619810-4b04-40a8-8a09-8084b0674007","operation":"http_request","duration":2.9664,"method":"GET","url":"/assets/js/core/config.js","status":200}
{"timestamp":"2025-11-05T19:49:09.485Z","requestId":"1ca963f9-4db5-4781-8742-7afc04de082e","operation":"http_request","duration":6.4249,"method":"GET","url":"/api/rastreamento/viagem-ativa","status":404}
{"timestamp":"2025-11-05T19:49:09.489Z","requestId":"113152fb-4983-45f7-8b9f-9b7a60851315","operation":"http_request","duration":9.0175,"method":"GET","url":"/api/rastreamento/estatisticas","status":404}
{"timestamp":"2025-11-05T19:49:12.793Z","requestId":"20eb4cdf-8eb8-4324-b038-fe93cddd52a0","operation":"http_request","duration":1.9787,"method":"GET","url":"/planos.html","status":200}
{"timestamp":"2025-11-05T19:49:12.822Z","requestId":"bdeb1a1c-9633-443d-94cc-00cc8a5f9f15","operation":"http_request","duration":12.5254,"method":"GET","url":"/assets/css/bundle.min.css","status":200}
{"timestamp":"2025-11-05T19:49:12.824Z","requestId":"ca6ffab0-4f97-442d-ab30-84740366263b","operation":"http_request","duration":13.4579,"method":"GET","url":"/assets/css/core/button-fix.css","status":200}
{"timestamp":"2025-11-05T19:49:12.826Z","requestId":"e1725f1b-db6d-4be8-97ca-52d01c7871f8","operation":"http_request","duration":10.8677,"method":"GET","url":"/assets/images/logo.png","status":200}
{"timestamp":"2025-11-05T19:49:12.827Z","requestId":"1b248148-f269-4c5f-84ba-60695a6ff3ba","operation":"http_request","duration":10.4402,"method":"GET","url":"/assets/images/face.png","status":200}
{"timestamp":"2025-11-05T19:49:12.828Z","requestId":"4b58b3fb-1098-4de1-ada1-7b5afe74cf56","operation":"http_request","duration":15.5852,"method":"GET","url":"/assets/css/planos.css","status":200}
{"timestamp":"2025-11-05T19:49:12.829Z","requestId":"f42bb5a4-a999-43ab-9e8e-a0d66d10fa6c","operation":"http_request","duration":11.4916,"method":"GET","url":"/assets/js/pages/public/planos.js","status":200}
{"timestamp":"2025-11-05T19:49:12.846Z","requestId":"788a2b18-1061-4828-823e-ee0dfb382a86","operation":"http_request","duration":7.3678,"method":"GET","url":"/assets/js/core/page-detector.js","status":200}
{"timestamp":"2025-11-05T19:49:12.849Z","requestId":"0de8e6ac-6e88-463b-94f1-6a188ba50bca","operation":"http_request","duration":8.6948,"method":"GET","url":"/assets/images/insta.png","status":200}
{"timestamp":"2025-11-05T19:49:12.854Z","requestId":"b651246d-b3c7-4aee-a19d-07e463c6d88d","operation":"http_request","duration":12.374,"method":"GET","url":"/assets/images/linkedin.png","status":200}
{"timestamp":"2025-11-05T19:49:12.859Z","requestId":"57c52e5b-7daa-4ecc-b6cb-e7004ca5d150","operation":"http_request","duration":7.2304,"method":"GET","url":"/assets/css/core/variables.css","status":200}
{"timestamp":"2025-11-05T19:49:12.867Z","requestId":"c030bcd9-0968-4162-ad1f-fab4c4b769dc","operation":"http_request","duration":3.4053,"method":"GET","url":"/assets/js/bundle.min.js","status":200}
{"timestamp":"2025-11-05T19:49:12.873Z","requestId":"f82d1e0b-fe9f-46d5-a385-15dfdf5b67c6","operation":"http_request","duration":4.6722,"method":"GET","url":"/assets/js/animations/animacoes-planos.js","status":200}
{"timestamp":"2025-11-05T19:49:12.911Z","requestId":"45473b98-e0b8-42b2-967a-5275fc810b17","operation":"http_request","duration":5.0027,"method":"GET","url":"/assets/js/core/config.js","status":200}
{"timestamp":"2025-11-05T19:49:12.931Z","requestId":"99f02cfe-f92d-4a4d-8ceb-a7686c2f8427","operation":"http_request","duration":6.0769,"method":"GET","url":"/api/rastreamento/viagem-ativa","status":404}
{"timestamp":"2025-11-05T19:49:12.933Z","requestId":"7c6eac20-ade5-47e1-a729-1aa0a41c8182","operation":"http_request","duration":5.7499,"method":"GET","url":"/api/rastreamento/estatisticas","status":404}
{"timestamp":"2025-11-05T19:49:19.417Z","requestId":"024ef0f6-fc44-4889-b3a9-a56e613e9fdf","operation":"http_request","duration":3.9342,"method":"GET","url":"/index.html","status":200}
{"timestamp":"2025-11-05T19:49:19.452Z","requestId":"756c432a-be2e-437d-a6dc-2b6d16c1ce1b","operation":"http_request","duration":12.599,"method":"GET","url":"/assets/css/bundle.min.css","status":200}
{"timestamp":"2025-11-05T19:49:19.455Z","requestId":"31a8f4da-c71d-44cd-98eb-fa7d91491012","operation":"http_request","duration":11.894,"method":"GET","url":"/assets/images/mulher%20andando%20na%20cidade.jpg","status":200}
{"timestamp":"2025-11-05T19:49:19.457Z","requestId":"d5d0b57b-e547-469a-afc5-4d5838dfa1c4","operation":"http_request","duration":10.6725,"method":"GET","url":"/assets/js/core/app.js","status":200}
{"timestamp":"2025-11-05T19:49:19.458Z","requestId":"b0bd54cc-6129-46cf-850b-04e34a48f631","operation":"http_request","duration":14.3488,"method":"GET","url":"/assets/css/core/button-fix.css","status":200}
{"timestamp":"2025-11-05T19:49:19.487Z","requestId":"db77dcbb-eb89-4222-b098-2e3cd4569eae","operation":"http_request","duration":39.969,"method":"GET","url":"/assets/images/logo.png","status":200}
{"timestamp":"2025-11-05T19:49:19.494Z","requestId":"cc060639-268e-4009-b12e-d9757929b5c9","operation":"http_request","duration":44.4394,"method":"GET","url":"/assets/js/core/page-detector.js","status":200}
{"timestamp":"2025-11-05T19:49:19.535Z","requestId":"159e4c35-d49d-43b7-97d1-ff6a506fffb8","operation":"http_request","duration":19.0713,"method":"GET","url":"/assets/js/bundle.min.js","status":200}
{"timestamp":"2025-11-05T19:49:19.540Z","requestId":"15bb0b6d-926f-4da2-8136-c180b5e91ce7","operation":"http_request","duration":17.1473,"method":"GET","url":"/assets/js/animations/animacoes-index.js","status":200}
{"timestamp":"2025-11-05T19:49:19.599Z","requestId":"bb8cb7d2-8516-47fd-be38-9031450af933","operation":"http_request","duration":14.9795,"method":"GET","url":"/assets/images/crian%C3%A7as.png","status":200}
{"timestamp":"2025-11-05T19:49:19.603Z","requestId":"605f1b97-e47f-454b-b5ea-2067cd11c53d","operation":"http_request","duration":16.7068,"method":"GET","url":"/assets/images/transporte-turismo-viagem-rodoviaria-e-conceito-de-pessoas-grupo-de-passageiros-felizes.png","status":200}
{"timestamp":"2025-11-05T19:49:19.604Z","requestId":"bdb9d96e-a2da-408d-99b5-397a433b03a3","operation":"http_request","duration":16.5015,"method":"GET","url":"/assets/images/transporte-executivo-de-pessoas-preco.png","status":200}
{"timestamp":"2025-11-05T19:49:19.606Z","requestId":"e4c0a285-077d-44f7-bb60-f16f6346c367","operation":"http_request","duration":16.2933,"method":"GET","url":"/assets/images/guns2.jpg","status":200}
{"timestamp":"2025-11-05T19:49:19.626Z","requestId":"5f669184-0fe7-46ab-9298-e80627a065d0","operation":"http_request","duration":17.4316,"method":"GET","url":"/api/rastreamento/viagem-ativa","status":404}
{"timestamp":"2025-11-05T19:49:19.627Z","requestId":"1f2e38f3-8459-4751-82d0-ad7fd46b07b4","operation":"http_request","duration":16.946,"method":"GET","url":"/api/rastreamento/estatisticas","status":404}
{"timestamp":"2025-11-05T19:49:19.634Z","requestId":"1f14f2d4-e3c0-43ed-8173-292de2d47336","operation":"http_request","duration":5.3749,"method":"GET","url":"/assets/images/favicon.ico","status":200}
{"timestamp":"2025-11-05T19:49:19.637Z","requestId":"55313ea3-de51-4196-8dd8-b691ae1ac359","operation":"http_request","duration":5.5164,"method":"GET","url":"/manifest.json","status":200}
{"timestamp":"2025-11-05T19:49:19.653Z","requestId":"688c6f01-9be0-4797-ac8b-0be9ca9224f9","operation":"http_request","duration":4.9876,"method":"GET","url":"/assets/images/icon-512.png","status":200}
{"timestamp":"2025-11-05T19:49:19.656Z","requestId":"446e6ab0-c77a-446c-ab49-fc62989341e4","operation":"http_request","duration":5.5871,"method":"GET","url":"/assets/images/icon-192.svg","status":200}
{"timestamp":"2025-11-05T19:49:23.339Z","requestId":"887cc6ff-3c5e-41c1-8b30-072e827b9890","operation":"http_request","duration":6.3799,"method":"GET","url":"/assets/images/face.png","status":200}
{"timestamp":"2025-11-05T19:49:23.341Z","requestId":"65cb05fe-42f0-44f0-b98e-310290c65473","operation":"http_request","duration":6.5707,"method":"GET","url":"/assets/images/insta.png","status":200}
{"timestamp":"2025-11-05T19:49:23.344Z","requestId":"d10fa5d3-e4ee-4875-86dc-b7ac16bf6822","operation":"http_request","duration":7.9649,"method":"GET","url":"/assets/images/linkedin.png","status":200}
{"timestamp":"2025-11-05T19:49:25.111Z","requestId":"c2a706a2-003f-4201-83cf-e498683d9d1a","operation":"http_request","duration":1.5197,"method":"GET","url":"/encontrar-transporte.html","status":200}
{"timestamp":"2025-11-05T19:49:25.141Z","requestId":"a7b53d35-5bfb-4b23-9ce8-239c3cdba4b6","operation":"http_request","duration":3.8607,"method":"GET","url":"/assets/css/bundle.min.css","status":200}
{"timestamp":"2025-11-05T19:49:25.151Z","requestId":"cfc8c03a-9ac6-40e4-9a4e-29a2956aad71","operation":"http_request","duration":8.2974,"method":"GET","url":"/assets/css/core/button-fix.css","status":200}
{"timestamp":"2025-11-05T19:49:25.154Z","requestId":"4e7046d2-f1c2-441e-a26c-867bf6f3249c","operation":"http_request","duration":5.089,"method":"GET","url":"/assets/css/encontrar-transporte.css","status":200}
{"timestamp":"2025-11-05T19:49:25.159Z","requestId":"47c31f07-2b6f-4ebc-887c-2a6f76a46b2f","operation":"http_request","duration":14.6991,"method":"GET","url":"/assets/css/core/color-fix.css","status":404}
{"timestamp":"2025-11-05T19:49:25.161Z","requestId":"decaf227-7852-44ce-8bdd-dd342807d82d","operation":"http_request","duration":14.9367,"method":"GET","url":"/assets/css/core/force-visibility.css","status":404}
{"timestamp":"2025-11-05T19:49:25.162Z","requestId":"919d393d-f3af-4636-a3fd-36463046d7e4","operation":"http_request","duration":14.4066,"method":"GET","url":"/assets/css/core/emergency-fix.css","status":404}
{"timestamp":"2025-11-05T19:49:25.176Z","requestId":"0d29e7da-33a9-4b2e-9e78-6f08e716f708","operation":"http_request","duration":11.7386,"method":"GET","url":"/assets/libs/leaflet/leaflet.css","status":200}
{"timestamp":"2025-11-05T19:49:25.178Z","requestId":"2426492f-5762-49b4-b4ca-960873062a48","operation":"http_request","duration":12.3926,"method":"GET","url":"/assets/images/logo.png","status":200}
{"timestamp":"2025-11-05T19:49:25.180Z","requestId":"ca8cd751-aa4b-4a0a-a9a0-c96dda7f289b","operation":"http_request","duration":13.5243,"method":"GET","url":"/assets/images/face.png","status":200}
{"timestamp":"2025-11-05T19:49:25.182Z","requestId":"7a7096e6-c1ea-4766-a477-0765d1133d30","operation":"http_request","duration":14.6017,"method":"GET","url":"/assets/libs/leaflet/leaflet.js","status":200}
{"timestamp":"2025-11-05T19:49:25.187Z","requestId":"281fade2-2308-484f-b09a-5f88febe3013","operation":"http_request","duration":11.7252,"method":"GET","url":"/assets/images/linkedin.png","status":200}
{"timestamp":"2025-11-05T19:49:25.190Z","requestId":"adeb46b0-8b29-4aa4-9764-f1fd396b077f","operation":"http_request","duration":5.8939,"method":"GET","url":"/assets/images/insta.png","status":200}
{"timestamp":"2025-11-05T19:49:25.214Z","requestId":"ff59457b-1ab1-4161-ab31-e68b72e64d5d","operation":"http_request","duration":8.3387,"method":"GET","url":"/assets/css/core/variables.css","status":200}
{"timestamp":"2025-11-05T19:49:25.261Z","requestId":"9e15e8db-9f2e-46c9-a401-e0f6e36165b8","operation":"http_request","duration":7.7571,"method":"GET","url":"/assets/js/bundle.min.js","status":200}
{"timestamp":"2025-11-05T19:49:25.268Z","requestId":"3355cb11-1a35-428f-951e-55e9629dd061","operation":"http_request","duration":13.3031,"method":"GET","url":"/assets/js/google-maps-integration.js","status":404}
{"timestamp":"2025-11-05T19:49:25.270Z","requestId":"f9a0a338-0899-4cef-9905-fc19e423ca1f","operation":"http_request","duration":13.2758,"method":"GET","url":"/assets/js/encontrar-transporte.js","status":404}
{"timestamp":"2025-11-05T19:49:25.347Z","requestId":"b7e286ab-bc11-49f7-b86d-8b23d38f9331","operation":"http_request","duration":7.848,"method":"GET","url":"/api/rastreamento/viagem-ativa","status":404}
{"timestamp":"2025-11-05T19:49:25.349Z","requestId":"1f0d3163-b62a-4f6e-af76-54f57442d860","operation":"http_request","duration":7.9987,"method":"GET","url":"/api/rastreamento/estatisticas","status":404}
{"timestamp":"2025-11-05T19:49:25.355Z","requestId":"12e00f69-3986-4552-9452-b1a87945f1be","operation":"http_request","duration":4.7011,"method":"GET","url":"/assets/images/favicon.ico","status":200}
{"timestamp":"2025-11-05T19:49:29.414Z","requestId":"444e31bf-88a5-46b4-b6a8-f517ea5eddb5","operation":"http_request","duration":1.7088,"method":"GET","url":"/sobre.html","status":200}
{"timestamp":"2025-11-05T19:49:29.458Z","requestId":"7d78b958-d321-4704-bfec-830f12f16050","operation":"http_request","duration":9.9643,"method":"GET","url":"/assets/css/bundle.min.css","status":200}
{"timestamp":"2025-11-05T19:49:29.460Z","requestId":"f430e1a1-b855-4cee-8206-69794970cd1a","operation":"http_request","duration":8.5051,"method":"GET","url":"/assets/images/logo.png","status":200}
{"timestamp":"2025-11-05T19:49:29.462Z","requestId":"45511e19-3903-41d0-9aae-2eefdc95b4fd","operation":"http_request","duration":8.5846,"method":"GET","url":"/assets/js/core/page-detector.js","status":200}
{"timestamp":"2025-11-05T19:49:29.464Z","requestId":"3e75e62c-210a-4ed9-ab93-8d6aa598a206","operation":"http_request","duration":9.5965,"method":"GET","url":"/assets/js/bundle.min.js","status":200}
{"timestamp":"2025-11-05T19:49:29.466Z","requestId":"5e17af80-5322-4a43-a35c-247614b697e3","operation":"http_request","duration":10.5543,"method":"GET","url":"/assets/js/animations/animacoes-sobre.js","status":200}
{"timestamp":"2025-11-05T19:49:29.467Z","requestId":"78f4c772-89fb-43f5-9361-1aedd70c7874","operation":"http_request","duration":11.5041,"method":"GET","url":"/assets/images/face.png","status":200}
{"timestamp":"2025-11-05T19:49:29.484Z","requestId":"35b64805-e86a-496f-a099-1dd12dde3541","operation":"http_request","duration":5.765,"method":"GET","url":"/assets/images/insta.png","status":200}
{"timestamp":"2025-11-05T19:49:29.488Z","requestId":"a2b9eb7b-82a5-4fd1-bef4-72dd583a9b26","operation":"http_request","duration":7.3441,"method":"GET","url":"/assets/images/linkedin.png","status":200}
{"timestamp":"2025-11-05T19:49:29.529Z","requestId":"e4e8442f-1ec4-41fe-956c-19404886d869","operation":"http_request","duration":7.0044,"method":"GET","url":"/assets/images/ana-costa.svg","status":200}
{"timestamp":"2025-11-05T19:49:29.531Z","requestId":"a52dc9a7-351c-4e2d-8a5d-d5e7b7fb1382","operation":"http_request","duration":12.7531,"method":"GET","url":"/assets/images/joao-silva.svg","status":200}
{"timestamp":"2025-11-05T19:49:29.534Z","requestId":"0676f70f-31c1-4ff1-8bf8-8cf7318f840e","operation":"http_request","duration":13.1979,"method":"GET","url":"/assets/images/carlos-oliveira.svg","status":200}
{"timestamp":"2025-11-05T19:49:29.537Z","requestId":"ee0f8394-6ac5-4e3c-b720-108f10433c4a","operation":"http_request","duration":12.3976,"method":"GET","url":"/assets/images/maria-santos.svg","status":200}
{"timestamp":"2025-11-05T19:49:29.551Z","requestId":"3c4b2cda-38f0-41a9-87aa-474008cf914c","operation":"http_request","duration":10.2781,"method":"GET","url":"/api/rastreamento/viagem-ativa","status":404}
{"timestamp":"2025-11-05T19:49:29.555Z","requestId":"39255eb3-91e2-45c1-8472-3aac7f1b54e6","operation":"http_request","duration":13.2595,"method":"GET","url":"/api/rastreamento/estatisticas","status":404}
{"timestamp":"2025-11-05T19:49:34.330Z","requestId":"65862cc5-f58f-43f1-89c7-b61a6b2a7e1b","operation":"http_request","duration":2.9645,"method":"GET","url":"/auth/login.html","status":200}
{"timestamp":"2025-11-05T19:49:34.378Z","requestId":"791f12e7-6226-4887-afd0-c1efbdf108b6","operation":"http_request","duration":12.8925,"method":"GET","url":"/assets/css/bundle.min.css","status":200}
{"timestamp":"2025-11-05T19:49:34.380Z","requestId":"39830d5c-cfd5-45dd-96ce-b5b86ddb91e2","operation":"http_request","duration":10.1221,"method":"GET","url":"/assets/css/components/loading.css","status":200}
{"timestamp":"2025-11-05T19:49:34.383Z","requestId":"18b9230c-678d-43d6-afb1-4361617f6408","operation":"http_request","duration":9.9371,"method":"GET","url":"/assets/js/api/mock-api.js","status":200}
{"timestamp":"2025-11-05T19:49:34.385Z","requestId":"9deb1107-0630-46a9-aac7-9bb30602ae9c","operation":"http_request","duration":10.2497,"method":"GET","url":"/assets/js/core/cache-manager.js","status":200}
{"timestamp":"2025-11-05T19:49:34.388Z","requestId":"09870963-e360-441a-b239-e97c6f8558b0","operation":"http_request","duration":21.6125,"method":"GET","url":"/assets/css/core/color-fix.css","status":404}
{"timestamp":"2025-11-05T19:49:34.390Z","requestId":"b674e1a0-3f11-4649-af49-aa949fa260f5","operation":"http_request","duration":22.6908,"method":"GET","url":"/assets/css/core/force-visibility.css","status":404}
{"timestamp":"2025-11-05T19:49:34.406Z","requestId":"f044af17-438d-42e8-a287-75191b067cc5","operation":"http_request","duration":12.6799,"method":"GET","url":"/assets/js/core/config.js","status":200}
{"timestamp":"2025-11-05T19:49:34.409Z","requestId":"63db6ec9-c5b5-4a51-9776-5cea2aac5406","operation":"http_request","duration":13.37,"method":"GET","url":"/assets/js/core/form-validator.js","status":200}
{"timestamp":"2025-11-05T19:49:34.412Z","requestId":"49e5dfa5-5d74-4c03-abb6-e0c02243a82f","operation":"http_request","duration":11.7054,"method":"GET","url":"/assets/js/core/ui-utils.js","status":200}
{"timestamp":"2025-11-05T19:49:34.413Z","requestId":"debd8157-8a41-4b03-b66a-af4102e7978d","operation":"http_request","duration":11.0833,"method":"GET","url":"/assets/js/core/auth-manager.js","status":200}
{"timestamp":"2025-11-05T19:49:34.415Z","requestId":"bada5fbc-b3db-49c2-8761-6d03e1a46a60","operation":"http_request","duration":10.9225,"method":"GET","url":"/assets/js/core/routes.js","status":200}
{"timestamp":"2025-11-05T19:49:34.432Z","requestId":"a59af081-2be4-4396-89d4-e3a878e1c32f","operation":"http_request","duration":15.5933,"method":"GET","url":"/assets/images/logo.png","status":200}
{"timestamp":"2025-11-05T19:49:34.436Z","requestId":"8c053b82-f81a-40fe-9f21-277480e8b993","operation":"http_request","duration":6.4544,"method":"GET","url":"/assets/images/face.png","status":200}
{"timestamp":"2025-11-05T19:49:34.475Z","requestId":"eb4333d0-2ac8-40ae-bc75-161aeac2fc84","operation":"http_request","duration":17.6201,"method":"GET","url":"/assets/images/insta.png","status":200}
{"timestamp":"2025-11-05T19:49:34.477Z","requestId":"c3ad24fe-dd4d-48ff-bb95-3592da6662b3","operation":"http_request","duration":15.4531,"method":"GET","url":"/assets/images/linkedin.png","status":200}
{"timestamp":"2025-11-05T19:49:34.481Z","requestId":"ede896db-9940-41e6-b8e5-d279982e5008","operation":"http_request","duration":16.6281,"method":"GET","url":"/assets/js/core/app.js","status":200}
{"timestamp":"2025-11-05T19:49:34.487Z","requestId":"fb9d9ea5-13ca-49f9-b2f4-4f973960f14f","operation":"http_request","duration":21.0779,"method":"GET","url":"/assets/js/components/loading.js","status":200}
{"timestamp":"2025-11-05T19:49:34.560Z","requestId":"9eac8b18-aa0a-4ff6-9a33-8ff347f30bc2","operation":"http_request","duration":11.2384,"method":"GET","url":"/assets/js/core/api-client.js","status":200}
{"timestamp":"2025-11-05T19:49:34.575Z","requestId":"9292f969-f96b-4ed8-ac22-a4047d0512cb","operation":"http_request","duration":2.083,"method":"GET","url":"/assets/js/core/config.js","status":200}
{"timestamp":"2025-11-05T19:53:13.368Z","requestId":"020e7123-3594-4795-b194-322476dc6183","operation":"http_request","duration":18.135,"method":"GET","url":"/index.html","status":200}
{"timestamp":"2025-11-05T19:53:13.462Z","requestId":"2119f3a6-63aa-4ef9-a909-cc261e8a0b73","operation":"http_request","duration":25.2918,"method":"GET","url":"/assets/css/bundle.min.css","status":200}
{"timestamp":"2025-11-05T19:53:13.466Z","requestId":"a9ec6d10-b688-4516-afed-97d017fa2be7","operation":"http_request","duration":24.5327,"method":"GET","url":"/assets/images/mulher%20andando%20na%20cidade.jpg","status":200}
{"timestamp":"2025-11-05T19:53:13.470Z","requestId":"23e6649b-529e-4ba6-a577-66987951bebe","operation":"http_request","duration":23.4285,"method":"GET","url":"/assets/js/core/app.js","status":200}
{"timestamp":"2025-11-05T19:53:13.473Z","requestId":"10686a78-7165-49d7-a4fc-b441cbb21b0f","operation":"http_request","duration":23.1,"method":"GET","url":"/assets/css/core/button-fix.css","status":200}
{"timestamp":"2025-11-05T19:53:13.476Z","requestId":"c9ead315-a766-4393-b2d9-68cb1ba09047","operation":"http_request","duration":19.6413,"method":"GET","url":"/assets/images/logo.png","status":200}
{"timestamp":"2025-11-05T19:53:13.479Z","requestId":"f1ac3daf-a14b-451e-bc9a-28d64ec784d1","operation":"http_request","duration":19.7322,"method":"GET","url":"/assets/js/core/page-detector.js","status":200}
{"timestamp":"2025-11-05T19:53:13.500Z","requestId":"2cede59d-379a-4bd9-9033-2ab9fcad1384","operation":"http_request","duration":10.7376,"method":"GET","url":"/assets/js/bundle.min.js","status":200}
{"timestamp":"2025-11-05T19:53:13.505Z","requestId":"4c42d749-49ed-4cc8-b330-c1c4ec5bf87f","operation":"http_request","duration":9.8842,"method":"GET","url":"/assets/js/animations/animacoes-index.js","status":200}
{"timestamp":"2025-11-05T19:53:13.585Z","requestId":"cc40d376-8659-4cb3-a583-c48ec91c8deb","operation":"http_request","duration":11.6239,"method":"GET","url":"/assets/images/crian%C3%A7as.png","status":200}
{"timestamp":"2025-11-05T19:53:13.588Z","requestId":"bc849264-d996-4f0b-b85d-0a3b13fdcc88","operation":"http_request","duration":11.4589,"method":"GET","url":"/assets/images/transporte-turismo-viagem-rodoviaria-e-conceito-de-pessoas-grupo-de-passageiros-felizes.png","status":200}
{"timestamp":"2025-11-05T19:53:13.590Z","requestId":"ecb50ea7-f784-4e9d-a467-9d1559b287d2","operation":"http_request","duration":11.0498,"method":"GET","url":"/assets/images/transporte-executivo-de-pessoas-preco.png","status":200}
{"timestamp":"2025-11-05T19:53:13.591Z","requestId":"209a4c6c-6afa-4d0f-ab4d-85dfb1984730","operation":"http_request","duration":9.0983,"method":"GET","url":"/assets/images/guns2.jpg","status":200}
{"timestamp":"2025-11-05T19:53:13.619Z","requestId":"cec23fa7-f784-4d7b-b82b-8f1f552e198a","operation":"http_request","duration":8.6969,"method":"GET","url":"/api/rastreamento/viagem-ativa","status":404}
{"timestamp":"2025-11-05T19:53:13.626Z","requestId":"f388487d-4207-4bae-aad9-0e3315dc0708","operation":"http_request","duration":4.0161,"method":"GET","url":"/manifest.json","status":200}
{"timestamp":"2025-11-05T19:53:13.629Z","requestId":"22fdec84-fe09-4222-a00c-8b4ea8198cf7","operation":"http_request","duration":4.3505,"method":"GET","url":"/assets/images/favicon.ico","status":200}
{"timestamp":"2025-11-05T19:53:13.641Z","requestId":"f98e6b18-f2bf-46f4-8007-384a7026dc2d","operation":"http_request","duration":2.7935,"method":"GET","url":"/assets/images/icon-512.png","status":200}
{"timestamp":"2025-11-05T19:53:13.642Z","requestId":"66974efa-befc-4371-b91e-604595cba532","operation":"http_request","duration":2.8686,"method":"GET","url":"/assets/images/icon-192.svg","status":200}
{"timestamp":"2025-11-05T19:53:19.014Z","requestId":"78a7366b-0f75-41bc-a2b3-79b2a6ef315c","operation":"http_request","duration":2.3469,"method":"GET","url":"/planos.html","status":200}
{"timestamp":"2025-11-05T19:53:19.039Z","requestId":"9e3d1994-15cf-407e-a2bf-17c96890f65e","operation":"http_request","duration":2.28,"method":"GET","url":"/assets/css/bundle.min.css","status":200}
{"timestamp":"2025-11-05T19:53:19.052Z","requestId":"e5409796-a046-4297-a8d4-4d10a39f5dbc","operation":"http_request","duration":9.4158,"method":"GET","url":"/assets/css/core/button-fix.css","status":200}
{"timestamp":"2025-11-05T19:53:19.054Z","requestId":"dbc97b97-9f53-4533-b575-ce6c7101fcfa","operation":"http_request","duration":10.8617,"method":"GET","url":"/assets/css/planos.css","status":200}
{"timestamp":"2025-11-05T19:53:19.056Z","requestId":"464760c8-6854-4591-9995-e214f35d8956","operation":"http_request","duration":10.9623,"method":"GET","url":"/assets/images/logo.png","status":200}
{"timestamp":"2025-11-05T19:53:19.060Z","requestId":"2d02140e-2410-4e4b-ae32-8fe19e2ae560","operation":"http_request","duration":13.2522,"method":"GET","url":"/assets/images/face.png","status":200}
{"timestamp":"2025-11-05T19:53:19.065Z","requestId":"955fefd3-7c3d-4fd0-af4e-f98a77078113","operation":"http_request","duration":16.0698,"method":"GET","url":"/assets/js/pages/public/planos.js","status":200}
{"timestamp":"2025-11-05T19:53:19.086Z","requestId":"ffbc9617-7820-4c90-96df-0da0df082cd4","operation":"http_request","duration":12.8047,"method":"GET","url":"/assets/js/core/page-detector.js","status":200}
{"timestamp":"2025-11-05T19:53:19.088Z","requestId":"684766c6-1315-46d0-a675-81e9ddb1994c","operation":"http_request","duration":10.829,"method":"GET","url":"/assets/images/insta.png","status":200}
{"timestamp":"2025-11-05T19:53:19.090Z","requestId":"387cbbc3-c8cd-406b-9a9c-fc449a4c1f2c","operation":"http_request","duration":10.2739,"method":"GET","url":"/assets/css/core/variables.css","status":200}
{"timestamp":"2025-11-05T19:53:19.094Z","requestId":"b46b88d3-1c3d-44d3-8db3-41bfeb9593a3","operation":"http_request","duration":11.5775,"method":"GET","url":"/assets/images/linkedin.png","status":200}
{"timestamp":"2025-11-05T19:53:19.118Z","requestId":"6291d2e7-ffa0-404f-9567-cad8941588bf","operation":"http_request","duration":13.7797,"method":"GET","url":"/assets/js/bundle.min.js","status":200}
{"timestamp":"2025-11-05T19:53:19.122Z","requestId":"36ca03ba-b48c-4b5e-9ab3-6baf04dfd46e","operation":"http_request","duration":14.8256,"method":"GET","url":"/assets/js/animations/animacoes-planos.js","status":200}
{"timestamp":"2025-11-05T19:53:19.159Z","requestId":"d4927b93-8cb1-4958-bb11-567dbe15542f","operation":"http_request","duration":4.406,"method":"GET","url":"/assets/js/core/config.js","status":200}
{"timestamp":"2025-11-05T19:53:19.182Z","requestId":"66de5f7d-e509-4a99-a3ae-eb7c83e46633","operation":"http_request","duration":7.7068,"method":"GET","url":"/api/rastreamento/viagem-ativa","status":404}
{"timestamp":"2025-11-05T19:53:21.282Z","requestId":"5c37d382-1948-4442-9156-cacc19a582ad","operation":"http_request","duration":2.1935,"method":"GET","url":"/contato.html","status":200}
{"timestamp":"2025-11-05T19:53:21.319Z","requestId":"490785fc-ee80-4d80-bc04-5750381ccf95","operation":"http_request","duration":2.1523,"method":"GET","url":"/assets/css/bundle.min.css","status":200}
{"timestamp":"2025-11-05T19:53:21.326Z","requestId":"9a842a74-fca1-417d-89f8-dc007e58a21c","operation":"http_request","duration":4.8483,"method":"GET","url":"/assets/js/core/app.js","status":200}
{"timestamp":"2025-11-05T19:53:21.328Z","requestId":"cbd8ba31-e42c-4aec-b148-460aaba66e16","operation":"http_request","duration":5.9567,"method":"GET","url":"/assets/images/logo.png","status":200}
{"timestamp":"2025-11-05T19:53:21.331Z","requestId":"d11d7636-4940-46c5-adec-83f36dcae97b","operation":"http_request","duration":8.0896,"method":"GET","url":"/assets/js/bundle.min.js","status":200}
{"timestamp":"2025-11-05T19:53:21.334Z","requestId":"a6bd08ac-1460-4ea6-a940-d1a626f61511","operation":"http_request","duration":9.2388,"method":"GET","url":"/assets/js/animations/animacoes-index.js","status":200}
{"timestamp":"2025-11-05T19:53:21.364Z","requestId":"f905420c-701a-415d-a134-2a5c310780f6","operation":"http_request","duration":3.6981,"method":"GET","url":"/api/rastreamento/viagem-ativa","status":404}
{"timestamp":"2025-11-05T19:53:21.374Z","requestId":"31e3adf8-7f2c-4d46-b995-0bc8adb61b45","operation":"http_request","duration":4.0767,"method":"GET","url":"/assets/images/favicon.ico","status":200}
{"timestamp":"2025-11-05T19:53:21.375Z","requestId":"492d7f90-4937-4aa8-9422-3bc4b4fc5754","operation":"http_request","duration":4.5443,"method":"GET","url":"/manifest.json","status":200}
{"timestamp":"2025-11-05T19:53:21.389Z","requestId":"d8ccbd8a-62c1-42e0-8e73-497e847be67d","operation":"http_request","duration":3.1254,"method":"GET","url":"/assets/images/icon-192.svg","status":200}
{"timestamp":"2025-11-05T19:53:21.391Z","requestId":"252b94f8-feb2-4234-a213-585160700294","operation":"http_request","duration":6.1606,"method":"GET","url":"/assets/images/icon-512.png","status":200}
{"timestamp":"2025-11-05T19:53:22.753Z","requestId":"fa578e65-bc92-4e9f-8b41-9c96e5ee222d","operation":"http_request","duration":1.8069,"method":"GET","url":"/planos.html","status":200}
{"timestamp":"2025-11-05T19:53:22.788Z","requestId":"dac93f64-9346-4b08-8a4d-234bf1d5b7c1","operation":"http_request","duration":2.2384,"method":"GET","url":"/assets/css/bundle.min.css","status":200}
{"timestamp":"2025-11-05T19:53:22.806Z","requestId":"d6d8f745-eb16-48eb-b4e3-d52af5206e70","operation":"http_request","duration":14.077,"method":"GET","url":"/assets/css/core/button-fix.css","status":200}
{"timestamp":"2025-11-05T19:53:22.809Z","requestId":"428e55f2-2ec1-40b0-a66a-b83aacd1c47b","operation":"http_request","duration":14.5187,"method":"GET","url":"/assets/css/planos.css","status":200}
{"timestamp":"2025-11-05T19:53:22.811Z","requestId":"60a84756-8280-4b08-b2d5-ac532d7c9c0e","operation":"http_request","duration":13.9741,"method":"GET","url":"/assets/images/logo.png","status":200}
{"timestamp":"2025-11-05T19:53:22.813Z","requestId":"90c6657d-dde6-4bce-aaa8-1fc677365049","operation":"http_request","duration":13.9036,"method":"GET","url":"/assets/images/face.png","status":200}
{"timestamp":"2025-11-05T19:53:22.815Z","requestId":"31e07b09-783e-4e00-be63-ef7980f3ad76","operation":"http_request","duration":13.6814,"method":"GET","url":"/assets/js/pages/public/planos.js","status":200}
{"timestamp":"2025-11-05T19:53:22.835Z","requestId":"60aff7e7-f922-48d5-bfa2-86fb43d4a32a","operation":"http_request","duration":15.8089,"method":"GET","url":"/assets/js/core/page-detector.js","status":200}
{"timestamp":"2025-11-05T19:53:22.840Z","requestId":"a434b99f-5641-46c4-9b4a-bfeed5e4d04f","operation":"http_request","duration":13.313,"method":"GET","url":"/assets/images/insta.png","status":200}
{"timestamp":"2025-11-05T19:53:22.844Z","requestId":"d787e9b0-9213-43b7-8f33-c3c20a79eff8","operation":"http_request","duration":12.7462,"method":"GET","url":"/assets/images/linkedin.png","status":200}
{"timestamp":"2025-11-05T19:53:22.846Z","requestId":"05fbab8f-5eda-4ec1-87f5-23cba029a9e7","operation":"http_request","duration":12.6181,"method":"GET","url":"/assets/js/bundle.min.js","status":200}
{"timestamp":"2025-11-05T19:53:22.866Z","requestId":"91097003-0f30-4506-9b62-21d912ae9538","operation":"http_request","duration":11.1748,"method":"GET","url":"/assets/css/core/variables.css","status":200}
{"timestamp":"2025-11-05T19:53:22.895Z","requestId":"969322ca-6598-4e25-96df-ed2293347af4","operation":"http_request","duration":9.1476,"method":"GET","url":"/assets/js/animations/animacoes-planos.js","status":200}
{"timestamp":"2025-11-05T19:53:22.921Z","requestId":"41cdd35b-e94f-4512-850a-fbe708996757","operation":"http_request","duration":3.2721,"method":"GET","url":"/assets/js/core/config.js","status":200}
{"timestamp":"2025-11-05T19:53:22.938Z","requestId":"6f131c91-f402-4043-9032-87a1635c86a8","operation":"http_request","duration":4.1192,"method":"GET","url":"/api/rastreamento/viagem-ativa","status":404}
{"timestamp":"2025-11-05T19:53:41.518Z","requestId":"b774b181-6b3d-4c7d-85aa-220111c3a139","operation":"http_request","duration":3.3205,"method":"GET","url":"/contato.html","status":200}
{"timestamp":"2025-11-05T19:53:41.549Z","requestId":"ccafb579-ed73-46bc-b71f-8246370b7ba8","operation":"http_request","duration":3.4495,"method":"GET","url":"/assets/css/bundle.min.css","status":200}
{"timestamp":"2025-11-05T19:53:41.562Z","requestId":"e20c4e37-8f9c-4350-bf5a-ab72dfbcac5a","operation":"http_request","duration":9.5653,"method":"GET","url":"/assets/js/core/app.js","status":200}
{"timestamp":"2025-11-05T19:53:41.565Z","requestId":"8466b94b-80f4-431a-8479-e7c39ffe5824","operation":"http_request","duration":9.6777,"method":"GET","url":"/assets/images/logo.png","status":200}
{"timestamp":"2025-11-05T19:53:41.567Z","requestId":"c91b23c4-f602-47d2-9b16-87a7fde57095","operation":"http_request","duration":10.3892,"method":"GET","url":"/assets/js/bundle.min.js","status":200}
{"timestamp":"2025-11-05T19:53:41.568Z","requestId":"249dcdd4-e32d-438a-b795-4d394ba55d63","operation":"http_request","duration":11.0017,"method":"GET","url":"/assets/js/animations/animacoes-index.js","status":200}
{"timestamp":"2025-11-05T19:53:41.590Z","requestId":"7b9db03f-e952-4ebe-ae4e-6c5edef39d2c","operation":"http_request","duration":3.1964,"method":"GET","url":"/api/rastreamento/viagem-ativa","status":404}
{"timestamp":"2025-11-05T19:53:41.611Z","requestId":"39921aea-bc24-4a57-b5af-717432783700","operation":"http_request","duration":13.5614,"method":"GET","url":"/assets/images/face.png","status":200}
{"timestamp":"2025-11-05T19:53:41.612Z","requestId":"8529da7c-7a22-4d73-902e-5bb6ff1784b5","operation":"http_request","duration":12.2336,"method":"GET","url":"/assets/images/insta.png","status":200}
{"timestamp":"2025-11-05T19:53:41.614Z","requestId":"442a00cd-6751-422a-a13f-64e5ae073154","operation":"http_request","duration":9.5355,"method":"GET","url":"/assets/images/linkedin.png","status":200}
{"timestamp":"2025-11-05T19:53:41.616Z","requestId":"44dfe6e0-9630-436c-a359-5167ed269488","operation":"http_request","duration":8.9297,"method":"GET","url":"/assets/images/favicon.ico","status":200}
{"timestamp":"2025-11-05T19:53:41.618Z","requestId":"8b9e164a-0d3e-4f57-8754-bb37277152f0","operation":"http_request","duration":9.0753,"method":"GET","url":"/manifest.json","status":200}
{"timestamp":"2025-11-05T19:53:41.643Z","requestId":"235ee745-98b8-4e6f-b6ae-13462125aa52","operation":"http_request","duration":8.3844,"method":"GET","url":"/assets/images/icon-512.png","status":200}
{"timestamp":"2025-11-05T19:53:41.649Z","requestId":"31c57077-3963-42df-a63f-a3706c8aa864","operation":"http_request","duration":9.888,"method":"GET","url":"/assets/images/icon-192.svg","status":200}
{"timestamp":"2025-11-05T19:53:45.471Z","requestId":"9febd8d1-0a19-4c9f-be80-6f20edabfb03","operation":"http_request","duration":2.0871,"method":"GET","url":"/index.html","status":200}
{"timestamp":"2025-11-05T19:53:45.501Z","requestId":"ed74381f-3e1f-474d-90ed-0876f3625213","operation":"http_request","duration":2.1669,"method":"GET","url":"/assets/css/bundle.min.css","status":200}
{"timestamp":"2025-11-05T19:53:45.508Z","requestId":"36570d25-df89-4a38-84ef-2a2dcd383e32","operation":"http_request","duration":5.2701,"method":"GET","url":"/assets/images/mulher%20andando%20na%20cidade.jpg","status":200}
{"timestamp":"2025-11-05T19:53:45.510Z","requestId":"6c4cb979-0a9c-476b-88f4-d02ea04c9152","operation":"http_request","duration":5.3741,"method":"GET","url":"/assets/css/core/button-fix.css","status":200}
{"timestamp":"2025-11-05T19:53:45.512Z","requestId":"7b94f5f7-ce8b-416d-ab2c-2bb7a79580a8","operation":"http_request","duration":6.2278,"method":"GET","url":"/assets/js/core/app.js","status":200}
{"timestamp":"2025-11-05T19:53:45.514Z","requestId":"c595e0e0-c9e3-44be-8644-02db70d3a4d7","operation":"http_request","duration":7.2247,"method":"GET","url":"/assets/images/logo.png","status":200}
{"timestamp":"2025-11-05T19:53:45.515Z","requestId":"d997cfd4-bde4-4a5b-b8bc-a321452b1a90","operation":"http_request","duration":8.1874,"method":"GET","url":"/assets/js/core/page-detector.js","status":200}
{"timestamp":"2025-11-05T19:53:45.528Z","requestId":"5327997c-eee2-4e77-8530-6e1f40c269c2","operation":"http_request","duration":4.9344,"method":"GET","url":"/assets/js/bundle.min.js","status":200}
{"timestamp":"2025-11-05T19:53:45.530Z","requestId":"f68fb4e7-bac3-420b-bee6-9d5ca0918356","operation":"http_request","duration":4.7222,"method":"GET","url":"/assets/js/animations/animacoes-index.js","status":200}
{"timestamp":"2025-11-05T19:53:45.557Z","requestId":"c03b3617-4ff3-42d4-b932-487981b168ec","operation":"http_request","duration":12.9803,"method":"GET","url":"/assets/images/crian%C3%A7as.png","status":200}
{"timestamp":"2025-11-05T19:53:45.561Z","requestId":"bd0ac34f-fdb2-4174-acda-fcbc687588e7","operation":"http_request","duration":16.1046,"method":"GET","url":"/assets/images/transporte-turismo-viagem-rodoviaria-e-conceito-de-pessoas-grupo-de-passageiros-felizes.png","status":200}
{"timestamp":"2025-11-05T19:53:45.563Z","requestId":"522f46eb-8f7c-4c20-b531-4432c5b91732","operation":"http_request","duration":16.1984,"method":"GET","url":"/assets/images/transporte-executivo-de-pessoas-preco.png","status":200}
{"timestamp":"2025-11-05T19:53:45.564Z","requestId":"b30fa185-229c-4718-a9fa-9dbde82b6824","operation":"http_request","duration":13.4036,"method":"GET","url":"/assets/images/guns2.jpg","status":200}
{"timestamp":"2025-11-05T19:53:45.581Z","requestId":"d2b9ee5f-04f1-4102-a6ca-8a4896b6e338","operation":"http_request","duration":9.3462,"method":"GET","url":"/manifest.json","status":200}
{"timestamp":"2025-11-05T19:53:45.583Z","requestId":"82662044-b321-4059-97b0-a8bf27c7c571","operation":"http_request","duration":9.3997,"method":"GET","url":"/assets/images/favicon.ico","status":200}
{"timestamp":"2025-11-05T19:53:45.591Z","requestId":"04290742-79cd-440d-9cee-aacd70843ec7","operation":"http_request","duration":23.8341,"method":"GET","url":"/api/rastreamento/viagem-ativa","status":404}
{"timestamp":"2025-11-05T19:53:45.599Z","requestId":"c1f01289-aba0-4401-8a3b-960dbd25ac32","operation":"http_request","duration":4.1507,"method":"GET","url":"/assets/images/icon-512.png","status":200}
{"timestamp":"2025-11-05T19:53:45.602Z","requestId":"369f8aa9-4177-4651-bc59-0d6e0a72cc37","operation":"http_request","duration":4.4509,"method":"GET","url":"/assets/images/icon-192.svg","status":200}
{"timestamp":"2025-11-05T19:53:48.803Z","requestId":"04c36193-731b-4c38-bec8-25f0f91ca9f7","operation":"http_request","duration":2.5966,"method":"GET","url":"/index.html","status":200}
{"timestamp":"2025-11-05T19:53:48.823Z","requestId":"20f625c9-c059-4333-a33e-cd5f6212d194","operation":"http_request","duration":1.7589,"method":"GET","url":"/assets/css/bundle.min.css","status":200}
{"timestamp":"2025-11-05T19:53:48.831Z","requestId":"7f56f1f7-afbf-4229-b46d-6bfd5fce69e2","operation":"http_request","duration":7.2746,"method":"GET","url":"/assets/images/mulher%20andando%20na%20cidade.jpg","status":200}
{"timestamp":"2025-11-05T19:53:48.832Z","requestId":"afe55490-d83f-45df-949b-46b66f595908","operation":"http_request","duration":6.7246,"method":"GET","url":"/assets/js/core/app.js","status":200}
{"timestamp":"2025-11-05T19:53:48.834Z","requestId":"87b7abf6-9b05-4867-82d6-47a00bcf7ca5","operation":"http_request","duration":6.1067,"method":"GET","url":"/assets/css/core/button-fix.css","status":200}
{"timestamp":"2025-11-05T19:53:48.835Z","requestId":"ae13591f-3b83-435f-9ae8-f56f80b68214","operation":"http_request","duration":6.5237,"method":"GET","url":"/assets/js/core/page-detector.js","status":200}
{"timestamp":"2025-11-05T19:53:48.837Z","requestId":"f35e722d-316a-41ba-abdb-9602e8ad75c4","operation":"http_request","duration":9.0992,"method":"GET","url":"/assets/images/logo.png","status":200}
{"timestamp":"2025-11-05T19:53:48.856Z","requestId":"0fad9acd-5517-4f0d-8935-66f42da7de74","operation":"http_request","duration":5.4937,"method":"GET","url":"/assets/js/bundle.min.js","status":200}
{"timestamp":"2025-11-05T19:53:48.858Z","requestId":"7412ce9e-676d-44d4-a8b0-9da4002a5e05","operation":"http_request","duration":5.1324,"method":"GET","url":"/assets/js/animations/animacoes-index.js","status":200}
{"timestamp":"2025-11-05T19:53:48.885Z","requestId":"306622d7-1f8c-437a-b0c9-0e430ebd9982","operation":"http_request","duration":12.1698,"method":"GET","url":"/assets/images/crian%C3%A7as.png","status":200}
{"timestamp":"2025-11-05T19:53:48.888Z","requestId":"10663bbb-e335-4405-8f25-386a575f6f67","operation":"http_request","duration":11.7766,"method":"GET","url":"/assets/images/transporte-executivo-de-pessoas-preco.png","status":200}
{"timestamp":"2025-11-05T19:53:48.890Z","requestId":"9b7c8334-45bc-44ac-becf-dc3e379a4168","operation":"http_request","duration":15.1252,"method":"GET","url":"/assets/images/transporte-turismo-viagem-rodoviaria-e-conceito-de-pessoas-grupo-de-passageiros-felizes.png","status":200}
{"timestamp":"2025-11-05T19:53:48.891Z","requestId":"bd22e7ec-1314-4db9-83b9-5c7c0e4bd441","operation":"http_request","duration":13.8043,"method":"GET","url":"/assets/images/guns2.jpg","status":200}
{"timestamp":"2025-11-05T19:53:48.898Z","requestId":"2f574d76-a524-4564-ba3b-e84a35be196d","operation":"http_request","duration":14.5737,"method":"GET","url":"/manifest.json","status":200}
{"timestamp":"2025-11-05T19:53:48.905Z","requestId":"7b65d40e-1431-4649-aa84-7f0459243b6e","operation":"http_request","duration":11.9077,"method":"GET","url":"/assets/images/favicon.ico","status":200}
{"timestamp":"2025-11-05T19:53:48.908Z","requestId":"cd3b9b87-2122-48be-b4df-513e7ca8b333","operation":"http_request","duration":27.5132,"method":"GET","url":"/api/rastreamento/viagem-ativa","status":404}
{"timestamp":"2025-11-05T19:53:48.920Z","requestId":"89212f44-99f4-4c38-8211-bda42ec322be","operation":"http_request","duration":4.2442,"method":"GET","url":"/assets/images/icon-192.svg","status":200}
{"timestamp":"2025-11-05T19:53:48.924Z","requestId":"62380ed0-1abb-445e-84cd-0f49d28e1048","operation":"http_request","duration":2.2374,"method":"GET","url":"/assets/images/icon-512.png","status":200}
{"timestamp":"2025-11-05T19:53:57.263Z","requestId":"01f397a0-2518-4d7a-8c5f-6ec9c18a0a39","operation":"http_request","duration":5.1312,"method":"GET","url":"/assets/images/face.png","status":200}
{"timestamp":"2025-11-05T19:53:57.265Z","requestId":"c1b61147-b5db-41b3-9086-f8c2f59733d4","operation":"http_request","duration":6.6693,"method":"GET","url":"/assets/images/insta.png","status":200}
{"timestamp":"2025-11-05T19:53:57.267Z","requestId":"123dd5ff-0f22-4b13-8d96-311b5f9f0de1","operation":"http_request","duration":6.5241,"method":"GET","url":"/assets/images/linkedin.png","status":200}
{"timestamp":"2025-11-05T19:54:03.771Z","requestId":"a785979c-03d9-4331-a14e-bd9dd989d25b","operation":"http_request","duration":1.7109,"method":"GET","url":"/encontrar-transporte.html","status":200}
{"timestamp":"2025-11-05T19:54:03.798Z","requestId":"6ba34122-47fb-4b25-a9cc-efd7083217fb","operation":"http_request","duration":5.4077,"method":"GET","url":"/assets/css/bundle.min.css","status":200}
{"timestamp":"2025-11-05T19:54:03.808Z","requestId":"82a1e9b9-99c0-4a5d-80a7-0ca3dc36244f","operation":"http_request","duration":13.1356,"method":"GET","url":"/assets/css/core/button-fix.css","status":200}
{"timestamp":"2025-11-05T19:54:03.811Z","requestId":"a96eb47a-fd80-46a3-bf84-94c9e56341b5","operation":"http_request","duration":4.2702,"method":"GET","url":"/assets/css/encontrar-transporte.css","status":200}
{"timestamp":"2025-11-05T19:54:03.814Z","requestId":"9a98ff1b-deeb-4ee3-9fa5-a68bb4d0b4a9","operation":"http_request","duration":12.3261,"method":"GET","url":"/assets/css/core/color-fix.css","status":404}
{"timestamp":"2025-11-05T19:54:03.816Z","requestId":"f07ad5cf-6554-4e91-890e-8403bfe22b78","operation":"http_request","duration":13.3052,"method":"GET","url":"/assets/css/core/force-visibility.css","status":404}
{"timestamp":"2025-11-05T19:54:03.817Z","requestId":"856c9369-4b8f-4890-b13f-89b7ef644b2b","operation":"http_request","duration":12.8634,"method":"GET","url":"/assets/css/core/emergency-fix.css","status":404}
{"timestamp":"2025-11-05T19:54:03.828Z","requestId":"8e245964-5826-4fe7-a710-f968b43b86ef","operation":"http_request","duration":8.5963,"method":"GET","url":"/assets/libs/leaflet/leaflet.css","status":200}
{"timestamp":"2025-11-05T19:54:03.830Z","requestId":"50a1bb49-48fb-4692-b851-36412727b2fc","operation":"http_request","duration":9.0046,"method":"GET","url":"/assets/libs/leaflet/leaflet.js","status":200}
{"timestamp":"2025-11-05T19:54:03.832Z","requestId":"b30291a9-c31d-454e-b09f-2c4c1bc6aa1f","operation":"http_request","duration":7.1861,"method":"GET","url":"/assets/images/logo.png","status":200}
{"timestamp":"2025-11-05T19:54:03.833Z","requestId":"08eac1cb-9d41-4f4a-ae5d-9b9a535a2c4c","operation":"http_request","duration":8.0047,"method":"GET","url":"/assets/images/face.png","status":200}
{"timestamp":"2025-11-05T19:54:03.839Z","requestId":"e135c91c-193a-473d-893f-3d6f02beefe7","operation":"http_request","duration":3.8563,"method":"GET","url":"/assets/css/core/variables.css","status":200}
{"timestamp":"2025-11-05T19:54:03.863Z","requestId":"e8fbcb6b-0084-49c7-9847-723783dcdfd8","operation":"http_request","duration":6.6366,"method":"GET","url":"/assets/images/insta.png","status":200}
{"timestamp":"2025-11-05T19:54:03.865Z","requestId":"fe246a64-be73-47a1-95b3-995a1bac6d87","operation":"http_request","duration":7.0278,"method":"GET","url":"/assets/images/linkedin.png","status":200}
{"timestamp":"2025-11-05T19:54:03.866Z","requestId":"829cc2fd-1549-435e-bd09-6b05dc30efd9","operation":"http_request","duration":7.3972,"method":"GET","url":"/assets/js/bundle.min.js","status":200}
{"timestamp":"2025-11-05T19:54:03.872Z","requestId":"84e98acf-b147-480d-a328-119f7d0698ad","operation":"http_request","duration":12.662,"method":"GET","url":"/assets/js/google-maps-integration.js","status":404}
{"timestamp":"2025-11-05T19:54:03.874Z","requestId":"1f979563-a318-47a5-9bc8-7395cca0ffa2","operation":"http_request","duration":13.2192,"method":"GET","url":"/assets/js/encontrar-transporte.js","status":404}
{"timestamp":"2025-11-05T19:54:03.935Z","requestId":"594cc676-3896-406a-904a-015035cc6c7a","operation":"http_request","duration":3.1441,"method":"GET","url":"/api/rastreamento/viagem-ativa","status":404}
{"timestamp":"2025-11-05T19:54:03.940Z","requestId":"7afa9d9c-8937-4afa-9df2-e8167c64285a","operation":"http_request","duration":1.2123,"method":"GET","url":"/assets/images/favicon.ico","status":200}
{"timestamp":"2025-11-05T19:54:08.957Z","requestId":"2fbe5f29-0cd1-4f43-aaed-2f9fdc27c80a","operation":"http_request","duration":2.9415,"method":"GET","url":"/sobre.html","status":200}
{"timestamp":"2025-11-05T19:54:08.992Z","requestId":"c1e154e3-2661-433d-bfaa-57bd16c4d493","operation":"http_request","duration":7.7865,"method":"GET","url":"/assets/css/bundle.min.css","status":200}
{"timestamp":"2025-11-05T19:54:08.993Z","requestId":"7d0da22d-beec-4332-a7d5-4b42d3e6dcc6","operation":"http_request","duration":7.1053,"method":"GET","url":"/assets/images/logo.png","status":200}
{"timestamp":"2025-11-05T19:54:08.995Z","requestId":"2da97ed3-3d03-45f9-a6cb-8a6d291a740f","operation":"http_request","duration":6.789,"method":"GET","url":"/assets/js/bundle.min.js","status":200}
{"timestamp":"2025-11-05T19:54:08.997Z","requestId":"f2ceb084-5429-426a-9b7c-af856a1ab764","operation":"http_request","duration":9.2073,"method":"GET","url":"/assets/js/core/page-detector.js","status":200}
{"timestamp":"2025-11-05T19:54:08.998Z","requestId":"02a7c821-24a5-41d6-9a22-6deab4b0e340","operation":"http_request","duration":8.8962,"method":"GET","url":"/assets/js/animations/animacoes-sobre.js","status":200}
{"timestamp":"2025-11-05T19:54:08.999Z","requestId":"5f3bfe93-e631-4ec4-a67a-a33e6d306d4d","operation":"http_request","duration":8.1688,"method":"GET","url":"/assets/images/face.png","status":200}
{"timestamp":"2025-11-05T19:54:09.014Z","requestId":"b1db6a21-5f40-44f2-b35f-58846fab1984","operation":"http_request","duration":4.7742,"method":"GET","url":"/assets/images/insta.png","status":200}
{"timestamp":"2025-11-05T19:54:09.034Z","requestId":"17739659-2fca-4831-a5f0-db81a7805427","operation":"http_request","duration":22.9683,"method":"GET","url":"/assets/images/linkedin.png","status":200}
{"timestamp":"2025-11-05T19:54:09.074Z","requestId":"c73b8a3b-1fef-4430-aae3-65c0ccf53bc1","operation":"http_request","duration":11.6559,"method":"GET","url":"/assets/images/joao-silva.svg","status":200}
{"timestamp":"2025-11-05T19:54:09.080Z","requestId":"fa6888bb-2e21-4e8e-ace6-9837c750cd58","operation":"http_request","duration":14.2272,"method":"GET","url":"/assets/images/maria-santos.svg","status":200}
{"timestamp":"2025-11-05T19:54:09.084Z","requestId":"9c14aed2-459a-4004-be51-7c4563203355","operation":"http_request","duration":16.2166,"method":"GET","url":"/assets/images/carlos-oliveira.svg","status":200}
{"timestamp":"2025-11-05T19:54:09.086Z","requestId":"f346906e-da30-4b99-987c-94e1b84f5937","operation":"http_request","duration":16.6992,"method":"GET","url":"/assets/images/ana-costa.svg","status":200}
{"timestamp":"2025-11-05T19:54:09.101Z","requestId":"7845fe86-06f3-41ce-b319-0d6ae33196d0","operation":"http_request","duration":12.4991,"method":"GET","url":"/api/rastreamento/viagem-ativa","status":404}
{"timestamp":"2025-11-05T19:54:11.119Z","requestId":"8da9475b-8eb5-4475-88bf-7368f1d04a6d","operation":"http_request","duration":3.0584,"method":"GET","url":"/auth/login.html","status":200}
{"timestamp":"2025-11-05T19:54:11.158Z","requestId":"3f91ed01-3ea0-498a-95c7-16192d9318e1","operation":"http_request","duration":2.1329,"method":"GET","url":"/assets/css/bundle.min.css","status":200}
{"timestamp":"2025-11-05T19:54:11.171Z","requestId":"515d9623-5f8c-4ea3-85d0-864359425525","operation":"http_request","duration":4.6013,"method":"GET","url":"/assets/js/api/mock-api.js","status":200}
{"timestamp":"2025-11-05T19:54:11.173Z","requestId":"e04fefbd-62d5-42d1-89b3-e1d496a95f5a","operation":"http_request","duration":8.19,"method":"GET","url":"/assets/css/components/loading.css","status":200}
{"timestamp":"2025-11-05T19:54:11.176Z","requestId":"6bf34f0a-1fde-4dfe-819c-e8d78feb1377","operation":"http_request","duration":7.0322,"method":"GET","url":"/assets/js/core/cache-manager.js","status":200}
{"timestamp":"2025-11-05T19:54:11.179Z","requestId":"51382232-0b2c-4c58-b972-e1809a038ea1","operation":"http_request","duration":17.3978,"method":"GET","url":"/assets/css/core/color-fix.css","status":404}
{"timestamp":"2025-11-05T19:54:11.180Z","requestId":"031a986e-83bf-4db0-abe8-1e700e92aaaf","operation":"http_request","duration":17.3862,"method":"GET","url":"/assets/css/core/force-visibility.css","status":404}
{"timestamp":"2025-11-05T19:54:11.200Z","requestId":"697cfca4-1e6f-41a4-b8e7-e53c5bfb0de7","operation":"http_request","duration":16.3867,"method":"GET","url":"/assets/js/core/config.js","status":200}
{"timestamp":"2025-11-05T19:54:11.202Z","requestId":"a6ec41e8-927d-47c5-9ea4-f8479be5dbb0","operation":"http_request","duration":14.0918,"method":"GET","url":"/assets/js/core/routes.js","status":200}
{"timestamp":"2025-11-05T19:54:11.205Z","requestId":"126370ec-ac78-4083-b577-7a5bc59e08f3","operation":"http_request","duration":12.1144,"method":"GET","url":"/assets/js/core/auth-manager.js","status":200}
{"timestamp":"2025-11-05T19:54:11.207Z","requestId":"43af585c-f83b-4904-aa55-3db825280ad3","operation":"http_request","duration":11.9091,"method":"GET","url":"/assets/js/core/form-validator.js","status":200}
{"timestamp":"2025-11-05T19:54:11.209Z","requestId":"888ccb22-df08-4dfd-99bc-f9501f810d0d","operation":"http_request","duration":13.42,"method":"GET","url":"/assets/js/core/ui-utils.js","status":200}
{"timestamp":"2025-11-05T19:54:11.212Z","requestId":"ec92bd3f-c3a5-4abe-89c6-6daf1a59ef4b","operation":"http_request","duration":14.2456,"method":"GET","url":"/assets/images/logo.png","status":200}
{"timestamp":"2025-11-05T19:54:11.235Z","requestId":"b185f7e8-a83a-4b71-ada7-ce5f490d8967","operation":"http_request","duration":10.174,"method":"GET","url":"/assets/images/face.png","status":200}
{"timestamp":"2025-11-05T19:54:11.238Z","requestId":"e81670cb-cb8b-4559-9011-c9cfdc45f9ce","operation":"http_request","duration":10.9669,"method":"GET","url":"/assets/images/insta.png","status":200}
{"timestamp":"2025-11-05T19:54:11.241Z","requestId":"ca9235ae-0895-4670-97ef-7e6e29af163a","operation":"http_request","duration":12.2278,"method":"GET","url":"/assets/images/linkedin.png","status":200}
{"timestamp":"2025-11-05T19:54:11.245Z","requestId":"12cebf3f-c678-4c3d-8d3c-426c6f0bee00","operation":"http_request","duration":14.9149,"method":"GET","url":"/assets/js/core/app.js","status":200}
{"timestamp":"2025-11-05T19:54:11.251Z","requestId":"f1eaacb9-fd32-40da-989b-48c6f3bb8860","operation":"http_request","duration":19.2866,"method":"GET","url":"/assets/js/components/loading.js","status":200}
{"timestamp":"2025-11-05T19:54:11.290Z","requestId":"24fc52e4-7d28-453c-848d-d252ee9058c0","operation":"http_request","duration":7.0443,"method":"GET","url":"/assets/js/core/api-client.js","status":200}
{"timestamp":"2025-11-05T19:54:11.319Z","requestId":"9e89a12e-cb09-4f32-8297-1b2e9df3b9eb","operation":"http_request","duration":6.6767,"method":"GET","url":"/assets/js/core/config.js","status":200}
{"timestamp":"2025-11-05T19:54:14.855Z","requestId":"bd8c1733-6534-48d6-a212-2e927071c326","operation":"http_request","duration":2.2968,"method":"GET","url":"/sobre.html","status":200}
{"timestamp":"2025-11-05T19:54:14.881Z","requestId":"996d0aaa-a213-4241-af7a-1354d12ee2d9","operation":"http_request","duration":1.5557,"method":"GET","url":"/assets/css/bundle.min.css","status":200}
{"timestamp":"2025-11-05T19:54:14.890Z","requestId":"13b65fd7-419f-4b7d-b6e0-4f91e5cf605b","operation":"http_request","duration":6.1424,"method":"GET","url":"/assets/images/logo.png","status":200}
{"timestamp":"2025-11-05T19:54:14.900Z","requestId":"61e97997-f1a4-44ce-9ef6-7db691385c57","operation":"http_request","duration":11.001,"method":"GET","url":"/assets/js/core/page-detector.js","status":200}
{"timestamp":"2025-11-05T19:54:14.902Z","requestId":"54ce2775-1c9e-447a-acb1-1d147ca4f37d","operation":"http_request","duration":9.1067,"method":"GET","url":"/assets/js/bundle.min.js","status":200}
{"timestamp":"2025-11-05T19:54:14.904Z","requestId":"4d17191d-64b1-4c54-81b4-7d5f3c8d978e","operation":"http_request","duration":8.6219,"method":"GET","url":"/assets/js/animations/animacoes-sobre.js","status":200}
{"timestamp":"2025-11-05T19:54:14.904Z","requestId":"fe010b44-09c3-4b99-9fc9-6b548d726989","operation":"http_request","duration":8.0982,"method":"GET","url":"/assets/images/face.png","status":200}
{"timestamp":"2025-11-05T19:54:14.915Z","requestId":"f49b4d0b-01db-4ba6-86ea-2bd6d15c11a0","operation":"http_request","duration":8.4295,"method":"GET","url":"/assets/images/insta.png","status":200}
{"timestamp":"2025-11-05T19:54:14.932Z","requestId":"30a0fbb8-d9c2-412e-a31f-89599212bef3","operation":"http_request","duration":10.0049,"method":"GET","url":"/assets/images/linkedin.png","status":200}
{"timestamp":"2025-11-05T19:54:14.934Z","requestId":"0c2d7ddc-2deb-4407-9bd5-6594e5052e52","operation":"http_request","duration":9.7958,"method":"GET","url":"/assets/images/joao-silva.svg","status":200}
{"timestamp":"2025-11-05T19:54:14.963Z","requestId":"8ccf907b-fd75-400b-9d07-d8da85828435","operation":"http_request","duration":11.4167,"method":"GET","url":"/assets/images/maria-santos.svg","status":200}
{"timestamp":"2025-11-05T19:54:14.969Z","requestId":"cbff6b34-c368-457c-9311-a06273b19cd5","operation":"http_request","duration":11.8985,"method":"GET","url":"/assets/images/carlos-oliveira.svg","status":200}
{"timestamp":"2025-11-05T19:54:14.993Z","requestId":"5b29d92b-47e4-467f-b01c-7fa8b2d0bda9","operation":"http_request","duration":7.2894,"method":"GET","url":"/assets/images/ana-costa.svg","status":200}
{"timestamp":"2025-11-05T19:54:14.998Z","requestId":"1b5a1f44-c145-47d9-87ac-b65eb061bb64","operation":"http_request","duration":17.5772,"method":"GET","url":"/api/rastreamento/viagem-ativa","status":404}
{"timestamp":"2025-11-05T19:54:15.790Z","requestId":"127487ca-4713-4550-a109-6caff00c364e","operation":"http_request","duration":3.2944,"method":"GET","url":"/encontrar-transporte.html","status":200}
{"timestamp":"2025-11-05T19:54:15.816Z","requestId":"138b035f-551a-4bfa-9342-c4479f0f4e74","operation":"http_request","duration":1.6928,"method":"GET","url":"/assets/css/bundle.min.css","status":200}
{"timestamp":"2025-11-05T19:54:15.834Z","requestId":"4bbad532-0637-4693-8e11-7597d3bdfc2a","operation":"http_request","duration":11.7588,"method":"GET","url":"/assets/css/core/button-fix.css","status":200}
{"timestamp":"2025-11-05T19:54:15.837Z","requestId":"a547256a-d62b-4a0d-a8c4-f8b4ce61c008","operation":"http_request","duration":9.0388,"method":"GET","url":"/assets/css/encontrar-transporte.css","status":200}
{"timestamp":"2025-11-05T19:54:15.844Z","requestId":"cbe48eb8-3b67-4570-bb18-39b2efdb1d36","operation":"http_request","duration":19.4069,"method":"GET","url":"/assets/css/core/color-fix.css","status":404}
{"timestamp":"2025-11-05T19:54:15.846Z","requestId":"092eb675-6eed-4b29-b89c-990560d8c4ff","operation":"http_request","duration":19.0153,"method":"GET","url":"/assets/css/core/emergency-fix.css","status":404}
{"timestamp":"2025-11-05T19:54:15.848Z","requestId":"981b1131-322f-4967-af8d-2fadc8276859","operation":"http_request","duration":22.0934,"method":"GET","url":"/assets/css/core/force-visibility.css","status":404}
{"timestamp":"2025-11-05T19:54:15.854Z","requestId":"aa7b637f-92c9-476a-a80b-c087afccd823","operation":"http_request","duration":12.515,"method":"GET","url":"/assets/libs/leaflet/leaflet.css","status":200}
{"timestamp":"2025-11-05T19:54:15.858Z","requestId":"76e70d92-88bf-4b4a-8e3b-4984a522f91f","operation":"http_request","duration":8.596,"method":"GET","url":"/assets/libs/leaflet/leaflet.js","status":200}
{"timestamp":"2025-11-05T19:54:15.859Z","requestId":"111fa270-1b76-4faa-b975-a485f738f567","operation":"http_request","duration":8.3272,"method":"GET","url":"/assets/images/logo.png","status":200}
{"timestamp":"2025-11-05T19:54:15.861Z","requestId":"2e3b8f5d-1388-4d77-848e-c2a1fcd50804","operation":"http_request","duration":9.0549,"method":"GET","url":"/assets/images/face.png","status":200}
{"timestamp":"2025-11-05T19:54:15.862Z","requestId":"19c989e9-2dd4-464e-b02a-1fdc00838ff1","operation":"http_request","duration":9.4937,"method":"GET","url":"/assets/images/linkedin.png","status":200}
{"timestamp":"2025-11-05T19:54:15.864Z","requestId":"c42053a0-da78-4ccd-a12c-4786ed7e7954","operation":"http_request","duration":8.2293,"method":"GET","url":"/assets/images/insta.png","status":200}
{"timestamp":"2025-11-05T19:54:15.882Z","requestId":"69911a92-310e-474c-ac33-e93d5a4deee6","operation":"http_request","duration":9.4444,"method":"GET","url":"/assets/css/core/variables.css","status":200}
{"timestamp":"2025-11-05T19:54:15.932Z","requestId":"6af202e2-d2ef-4bde-aca5-f1fd57fa87c5","operation":"http_request","duration":12.5253,"method":"GET","url":"/assets/js/bundle.min.js","status":200}
{"timestamp":"2025-11-05T19:54:15.936Z","requestId":"9c743645-c952-4d44-a01a-391a83f96b2d","operation":"http_request","duration":14.8745,"method":"GET","url":"/assets/js/google-maps-integration.js","status":404}
{"timestamp":"2025-11-05T19:54:15.939Z","requestId":"0d6d47a0-5a26-4541-97f4-b6270923c45b","operation":"http_request","duration":14.3628,"method":"GET","url":"/assets/js/encontrar-transporte.js","status":404}
{"timestamp":"2025-11-05T19:54:15.977Z","requestId":"911fea53-7e84-4694-87a9-1cbfa86e8687","operation":"http_request","duration":5.9039,"method":"GET","url":"/api/rastreamento/viagem-ativa","status":404}
{"timestamp":"2025-11-05T19:54:15.984Z","requestId":"b54be925-1dff-43de-8cf0-90b94ba79d17","operation":"http_request","duration":2.4563,"method":"GET","url":"/assets/images/favicon.ico","status":200}
{"timestamp":"2025-11-05T19:54:16.783Z","requestId":"4bf4fd2e-d2c1-4ce0-a12d-cf7239d7a6ba","operation":"http_request","duration":1.6199,"method":"GET","url":"/contato.html","status":200}
{"timestamp":"2025-11-05T19:54:16.813Z","requestId":"66b1fdab-680c-434f-b55c-5537ee763076","operation":"http_request","duration":5.6717,"method":"GET","url":"/assets/css/bundle.min.css","status":200}
{"timestamp":"2025-11-05T19:54:16.816Z","requestId":"050dd634-b6a3-4820-a735-4e942010f69c","operation":"http_request","duration":6.8738,"method":"GET","url":"/assets/js/core/app.js","status":200}
{"timestamp":"2025-11-05T19:54:16.817Z","requestId":"28482296-1bee-41e1-9beb-41f936b12034","operation":"http_request","duration":6.446,"method":"GET","url":"/assets/images/logo.png","status":200}
{"timestamp":"2025-11-05T19:54:16.817Z","requestId":"247d003c-ece6-4c6f-8c1a-f96380d930b1","operation":"http_request","duration":6.4143,"method":"GET","url":"/assets/js/bundle.min.js","status":200}
{"timestamp":"2025-11-05T19:54:16.819Z","requestId":"a24dcf6c-9365-4c09-b12f-43a55899465f","operation":"http_request","duration":7.0669,"method":"GET","url":"/assets/js/animations/animacoes-index.js","status":200}
{"timestamp":"2025-11-05T19:54:16.849Z","requestId":"a8336b3e-1640-46ed-93ac-40ef73de2dba","operation":"http_request","duration":8.7631,"method":"GET","url":"/assets/images/face.png","status":200}
{"timestamp":"2025-11-05T19:54:16.851Z","requestId":"b49338ac-b84c-4f9c-a24a-f252f4b4bfa6","operation":"http_request","duration":9.655,"method":"GET","url":"/assets/images/insta.png","status":200}
{"timestamp":"2025-11-05T19:54:16.853Z","requestId":"9d1fc09c-ed55-4572-9df1-9f7c69d4e4f6","operation":"http_request","duration":10.682,"method":"GET","url":"/assets/images/linkedin.png","status":200}
{"timestamp":"2025-11-05T19:54:16.868Z","requestId":"df7da28e-b8f3-4c29-a0d9-935f0ae45af7","operation":"http_request","duration":10.6453,"method":"GET","url":"/assets/images/favicon.ico","status":200}
{"timestamp":"2025-11-05T19:54:16.870Z","requestId":"e70d4851-e766-4691-8c0d-d7e8f4a25cb9","operation":"http_request","duration":10.7852,"method":"GET","url":"/manifest.json","status":200}
{"timestamp":"2025-11-05T19:54:16.878Z","requestId":"904eac2c-dd57-421e-8b67-0cd6213c6725","operation":"http_request","duration":22.8336,"method":"GET","url":"/api/rastreamento/viagem-ativa","status":404}
{"timestamp":"2025-11-05T19:54:16.887Z","requestId":"70b8f25e-9571-4d99-9b0a-36ba80bc7a46","operation":"http_request","duration":4.0632,"method":"GET","url":"/assets/images/icon-512.png","status":200}
{"timestamp":"2025-11-05T19:54:16.891Z","requestId":"dc72ef50-b0fa-42f0-a897-5701d2fb8dac","operation":"http_request","duration":6.4168,"method":"GET","url":"/assets/images/icon-192.svg","status":200}
{"timestamp":"2025-11-05T19:54:19.292Z","requestId":"d8959264-5dd4-472b-a64e-6a8e6ec96bc4","operation":"http_request","duration":5.0135,"method":"GET","url":"/planos.html","status":200}
{"timestamp":"2025-11-05T19:54:19.319Z","requestId":"d456616d-16c8-419a-bcb4-3e0852044aa9","operation":"http_request","duration":1.8119,"method":"GET","url":"/assets/css/bundle.min.css","status":200}
{"timestamp":"2025-11-05T19:54:19.330Z","requestId":"c890d1f9-22b5-48f3-968d-83bf9e959a18","operation":"http_request","duration":7.9383,"method":"GET","url":"/assets/css/core/button-fix.css","status":200}
{"timestamp":"2025-11-05T19:54:19.332Z","requestId":"154feeb1-51c4-4593-9e02-e9193e61d5e2","operation":"http_request","duration":8.4974,"method":"GET","url":"/assets/css/planos.css","status":200}
{"timestamp":"2025-11-05T19:54:19.333Z","requestId":"fd6a1568-3af4-42e5-8346-0da6bd0810fb","operation":"http_request","duration":8.6731,"method":"GET","url":"/assets/images/logo.png","status":200}
{"timestamp":"2025-11-05T19:54:19.335Z","requestId":"d3809f11-3d47-48f4-a1a7-81751016f686","operation":"http_request","duration":9.7939,"method":"GET","url":"/assets/images/face.png","status":200}
{"timestamp":"2025-11-05T19:54:19.337Z","requestId":"b3a8c4e9-a42d-4d93-9c8d-cc2deda840e4","operation":"http_request","duration":10.2138,"method":"GET","url":"/assets/js/pages/public/planos.js","status":200}
{"timestamp":"2025-11-05T19:54:19.355Z","requestId":"0a511138-6069-4b0e-88b5-393a97fbe8b8","operation":"http_request","duration":8.3233,"method":"GET","url":"/assets/images/insta.png","status":200}
{"timestamp":"2025-11-05T19:54:19.357Z","requestId":"c5744b9e-0be9-48aa-8ac4-e6f6fd628b5e","operation":"http_request","duration":8.2888,"method":"GET","url":"/assets/images/linkedin.png","status":200}
{"timestamp":"2025-11-05T19:54:19.358Z","requestId":"21b8dd4f-b77a-4591-af13-c551b94768c9","operation":"http_request","duration":7.5784,"method":"GET","url":"/assets/css/core/variables.css","status":200}
{"timestamp":"2025-11-05T19:54:19.359Z","requestId":"627362ec-a4b0-48aa-b5bf-23fa78f305fd","operation":"http_request","duration":7.156,"method":"GET","url":"/assets/js/core/page-detector.js","status":200}
{"timestamp":"2025-11-05T19:54:19.395Z","requestId":"b2b68b9e-9213-40d7-ad71-6570b34c062a","operation":"http_request","duration":11.5416,"method":"GET","url":"/assets/js/bundle.min.js","status":200}
{"timestamp":"2025-11-05T19:54:19.398Z","requestId":"857566ec-7584-4f81-940d-6ba7d4bcef3d","operation":"http_request","duration":11.8942,"method":"GET","url":"/assets/js/animations/animacoes-planos.js","status":200}
{"timestamp":"2025-11-05T19:54:19.428Z","requestId":"93c6739b-a593-4bbd-9040-05939c49a140","operation":"http_request","duration":3.7065,"method":"GET","url":"/assets/js/core/config.js","status":200}
{"timestamp":"2025-11-05T19:54:19.442Z","requestId":"5b4d82e6-519f-4589-a6f8-699c518b6f6f","operation":"http_request","duration":3.4904,"method":"GET","url":"/api/rastreamento/viagem-ativa","status":404}
{"timestamp":"2025-11-05T19:54:20.511Z","requestId":"9dac47af-d612-4477-beb9-da30ae67f074","operation":"http_request","duration":1.7669,"method":"GET","url":"/index.html","status":200}
{"timestamp":"2025-11-05T19:54:20.531Z","requestId":"9d75e86d-b9aa-476a-9ebb-0d155fd53448","operation":"http_request","duration":1.2156,"method":"GET","url":"/assets/css/bundle.min.css","status":200}
{"timestamp":"2025-11-05T19:54:20.541Z","requestId":"7fe10d91-0a80-4744-ad1e-77c46b831e14","operation":"http_request","duration":6.0169,"method":"GET","url":"/assets/images/mulher%20andando%20na%20cidade.jpg","status":200}
{"timestamp":"2025-11-05T19:54:20.543Z","requestId":"e62582f3-f765-4c3b-a053-ace90e14fdc6","operation":"http_request","duration":6.3613,"method":"GET","url":"/assets/css/core/button-fix.css","status":200}
{"timestamp":"2025-11-05T19:54:20.545Z","requestId":"91e7af6b-977e-479e-be0c-ac20c280897a","operation":"http_request","duration":7.3282,"method":"GET","url":"/assets/js/core/app.js","status":200}
{"timestamp":"2025-11-05T19:54:20.546Z","requestId":"63f94ffd-ebf4-4369-a42f-221d8b1246c6","operation":"http_request","duration":8.09,"method":"GET","url":"/assets/images/logo.png","status":200}
{"timestamp":"2025-11-05T19:54:20.548Z","requestId":"c78c241e-f29a-4156-b513-eee16c59f4dd","operation":"http_request","duration":8.8283,"method":"GET","url":"/assets/js/core/page-detector.js","status":200}
{"timestamp":"2025-11-05T19:54:20.560Z","requestId":"274e3cb7-df7c-430c-b88f-14a154dbd2f2","operation":"http_request","duration":3.3995,"method":"GET","url":"/assets/js/bundle.min.js","status":200}
{"timestamp":"2025-11-05T19:54:20.562Z","requestId":"54340eeb-8d06-4643-8cd8-78f992c0f812","operation":"http_request","duration":4.3361,"method":"GET","url":"/assets/js/animations/animacoes-index.js","status":200}
{"timestamp":"2025-11-05T19:54:20.578Z","requestId":"c4f1ee51-8b30-4515-addf-acbf6c371247","operation":"http_request","duration":10.389,"method":"GET","url":"/assets/images/crian%C3%A7as.png","status":200}
{"timestamp":"2025-11-05T19:54:20.580Z","requestId":"9616a156-a444-4fbe-b5bb-60323edb560a","operation":"http_request","duration":11.348,"method":"GET","url":"/assets/images/transporte-turismo-viagem-rodoviaria-e-conceito-de-pessoas-grupo-de-passageiros-felizes.png","status":200}
{"timestamp":"2025-11-05T19:54:20.581Z","requestId":"2ffd61e5-42b5-4bf6-ae0e-c79b0f1803bd","operation":"http_request","duration":11.2117,"method":"GET","url":"/assets/images/transporte-executivo-de-pessoas-preco.png","status":200}
{"timestamp":"2025-11-05T19:54:20.584Z","requestId":"1a5db460-e42e-4c54-a2a6-f67b5200d4fc","operation":"http_request","duration":9.3861,"method":"GET","url":"/assets/images/guns2.jpg","status":200}
{"timestamp":"2025-11-05T19:54:20.609Z","requestId":"97ca0bc0-ae79-4327-81ff-6ea03821a163","operation":"http_request","duration":4.3853,"method":"GET","url":"/api/rastreamento/viagem-ativa","status":404}
{"timestamp":"2025-11-05T19:54:20.613Z","requestId":"96da4061-aadb-4a4c-a627-71ebeb7fff08","operation":"http_request","duration":2.5114,"method":"GET","url":"/manifest.json","status":200}
{"timestamp":"2025-11-05T19:54:20.614Z","requestId":"1d5cf4d2-5082-4893-9785-4c53a48b3394","operation":"http_request","duration":2.441,"method":"GET","url":"/assets/images/favicon.ico","status":200}
{"timestamp":"2025-11-05T19:54:20.626Z","requestId":"ab3c842c-0be9-4572-b532-441754eb6adc","operation":"http_request","duration":4.4027,"method":"GET","url":"/assets/images/icon-512.png","status":200}
{"timestamp":"2025-11-05T19:54:20.628Z","requestId":"669cffd3-ea0f-473c-b56a-2fd8e2256949","operation":"http_request","duration":4.2312,"method":"GET","url":"/assets/images/icon-192.svg","status":200}
{"timestamp":"2025-11-05T19:54:26.155Z","requestId":"e2a8874a-6a3c-47c4-8244-5228ef18bbe1","operation":"http_request","duration":1.7559,"method":"GET","url":"/encontrar-transporte.html","status":200}
{"timestamp":"2025-11-05T19:54:26.177Z","requestId":"1f0b433b-08b7-40e5-ae9a-0ab46d307581","operation":"http_request","duration":1.5948,"method":"GET","url":"/assets/css/bundle.min.css","status":200}
{"timestamp":"2025-11-05T19:54:26.186Z","requestId":"93c79412-23c4-4cb3-abf3-6cdf876fc75a","operation":"http_request","duration":7.2427,"method":"GET","url":"/assets/css/core/button-fix.css","status":200}
{"timestamp":"2025-11-05T19:54:26.188Z","requestId":"bc9e828f-2c99-4052-8eb6-b46aabf7a1ff","operation":"http_request","duration":4.7469,"method":"GET","url":"/assets/css/encontrar-transporte.css","status":200}
{"timestamp":"2025-11-05T19:54:26.191Z","requestId":"d9ba3079-6a83-4981-bf15-7892c9879792","operation":"http_request","duration":10.4782,"method":"GET","url":"/assets/css/core/color-fix.css","status":404}
{"timestamp":"2025-11-05T19:54:26.193Z","requestId":"8ce8d59f-54e3-4f93-a5c4-5b171d4d3b41","operation":"http_request","duration":11.1086,"method":"GET","url":"/assets/css/core/force-visibility.css","status":404}
{"timestamp":"2025-11-05T19:54:26.194Z","requestId":"5d8ce36a-e689-42cc-9dee-fef3970052dc","operation":"http_request","duration":11.9045,"method":"GET","url":"/assets/css/core/emergency-fix.css","status":404}
{"timestamp":"2025-11-05T19:54:26.204Z","requestId":"66519999-7e0b-40fa-8442-90f329c67d25","operation":"http_request","duration":7.2826,"method":"GET","url":"/assets/libs/leaflet/leaflet.css","status":200}
{"timestamp":"2025-11-05T19:54:26.205Z","requestId":"5d061a3c-e65f-4178-b12b-d349c9940841","operation":"http_request","duration":7.5025,"method":"GET","url":"/assets/libs/leaflet/leaflet.js","status":200}
{"timestamp":"2025-11-05T19:54:26.206Z","requestId":"5e50c73d-eea2-4ebc-b8d9-4580826a0113","operation":"http_request","duration":8.1171,"method":"GET","url":"/assets/images/logo.png","status":200}
{"timestamp":"2025-11-05T19:54:26.207Z","requestId":"011974ec-3830-46ee-a718-d22abd016f50","operation":"http_request","duration":8.1964,"method":"GET","url":"/assets/images/face.png","status":200}
{"timestamp":"2025-11-05T19:54:26.209Z","requestId":"80dcb91f-42b2-477d-ac96-2f22ed554f50","operation":"http_request","duration":8.3768,"method":"GET","url":"/assets/images/linkedin.png","status":200}
{"timestamp":"2025-11-05T19:54:26.211Z","requestId":"0f012f4a-6f57-429d-b23e-4abf91d97045","operation":"http_request","duration":9.0255,"method":"GET","url":"/assets/images/insta.png","status":200}
{"timestamp":"2025-11-05T19:54:26.229Z","requestId":"8fe24f9f-a2c0-44d1-9a65-03bc7ccf65e7","operation":"http_request","duration":4.7054,"method":"GET","url":"/assets/css/core/variables.css","status":200}
{"timestamp":"2025-11-05T19:54:26.266Z","requestId":"0003492f-cab4-4718-9ff9-920f1ad4da9a","operation":"http_request","duration":7.8376,"method":"GET","url":"/assets/js/bundle.min.js","status":200}
{"timestamp":"2025-11-05T19:54:26.275Z","requestId":"7cc8043a-1b46-4f0e-a0e9-f3ffc7711b88","operation":"http_request","duration":14.01,"method":"GET","url":"/assets/js/google-maps-integration.js","status":404}
{"timestamp":"2025-11-05T19:54:26.279Z","requestId":"ff3f1c8a-a7fc-4f45-b911-d0ef8852467d","operation":"http_request","duration":10.6799,"method":"GET","url":"/assets/js/encontrar-transporte.js","status":404}
{"timestamp":"2025-11-05T19:54:26.299Z","requestId":"90ce4776-3552-4c7e-9b40-7003d63db740","operation":"http_request","duration":3.6052,"method":"GET","url":"/api/rastreamento/viagem-ativa","status":404}
{"timestamp":"2025-11-05T19:54:26.305Z","requestId":"ed6236cb-a236-4db3-8b52-8a1e07b043d3","operation":"http_request","duration":3.3793,"method":"GET","url":"/assets/images/favicon.ico","status":200}
{"timestamp":"2025-11-05T19:54:27.669Z","requestId":"3a10d429-4780-4390-aabd-cab64beaad10","operation":"http_request","duration":3.2676,"method":"GET","url":"/contato.html","status":200}
{"timestamp":"2025-11-05T19:54:27.693Z","requestId":"2d15a07b-c9ab-4009-a0b3-f8a4b44c1ae6","operation":"http_request","duration":2.1963,"method":"GET","url":"/assets/css/bundle.min.css","status":200}
{"timestamp":"2025-11-05T19:54:27.707Z","requestId":"7580488d-961a-4fc1-98a7-7e65e3cd06a0","operation":"http_request","duration":8.1995,"method":"GET","url":"/assets/images/logo.png","status":200}
{"timestamp":"2025-11-05T19:54:27.709Z","requestId":"aba2d74b-29de-4d3a-bac9-0b7ec27193d9","operation":"http_request","duration":8.0521,"method":"GET","url":"/assets/js/bundle.min.js","status":200}
{"timestamp":"2025-11-05T19:54:27.710Z","requestId":"ef2fa881-05e6-42b7-9aa7-d25a019d2767","operation":"http_request","duration":8.8478,"method":"GET","url":"/assets/js/animations/animacoes-index.js","status":200}
{"timestamp":"2025-11-05T19:54:27.712Z","requestId":"01f87d2d-b41c-4d0e-bc55-4f83727e6245","operation":"http_request","duration":15.8584,"method":"GET","url":"/assets/js/core/app.js","status":200}
{"timestamp":"2025-11-05T19:54:27.741Z","requestId":"3925c337-27f3-4fec-871c-966d5c412a68","operation":"http_request","duration":9.0255,"method":"GET","url":"/assets/images/insta.png","status":200}
{"timestamp":"2025-11-05T19:54:27.743Z","requestId":"b3c76963-2baf-4109-a5fe-ec73c23b4f4c","operation":"http_request","duration":13.0419,"method":"GET","url":"/assets/images/face.png","status":200}
{"timestamp":"2025-11-05T19:54:27.746Z","requestId":"b8a0a2ae-62bd-4b64-9501-a15e7dd6f171","operation":"http_request","duration":12.2297,"method":"GET","url":"/assets/images/linkedin.png","status":200}
{"timestamp":"2025-11-05T19:54:27.757Z","requestId":"41b929de-74f3-457e-a940-bc5d5ecc4b0a","operation":"http_request","duration":8.3037,"method":"GET","url":"/assets/images/favicon.ico","status":200}
{"timestamp":"2025-11-05T19:54:27.760Z","requestId":"f168c829-877c-4e1e-800d-fcdc309c547e","operation":"http_request","duration":9.8577,"method":"GET","url":"/manifest.json","status":200}
{"timestamp":"2025-11-05T19:54:27.762Z","requestId":"4ea2e1fd-95a2-4b1a-8e8f-f7289af3c5e1","operation":"http_request","duration":25.5247,"method":"GET","url":"/api/rastreamento/viagem-ativa","status":404}
{"timestamp":"2025-11-05T19:54:27.780Z","requestId":"64905b14-b540-4097-ba8a-af96e017a62c","operation":"http_request","duration":7.6958,"method":"GET","url":"/assets/images/icon-512.png","status":200}
{"timestamp":"2025-11-05T19:54:27.784Z","requestId":"76dd4550-1466-4198-8b28-c1b4d070b524","operation":"http_request","duration":6.4626,"method":"GET","url":"/assets/images/icon-192.svg","status":200}
{"timestamp":"2025-11-05T19:54:29.521Z","requestId":"1e5524aa-33a5-46b8-84bf-806c262c58d8","operation":"http_request","duration":4.3162,"method":"GET","url":"/sobre.html","status":200}
{"timestamp":"2025-11-05T19:54:29.545Z","requestId":"dea94037-3024-4a62-93b1-87c7b8684d7d","operation":"http_request","duration":2.4176,"method":"GET","url":"/assets/css/bundle.min.css","status":200}
{"timestamp":"2025-11-05T19:54:29.557Z","requestId":"75237da9-dad6-451d-9b94-6621cb8c6fdc","operation":"http_request","duration":7.9833,"method":"GET","url":"/assets/images/logo.png","status":200}
{"timestamp":"2025-11-05T19:54:29.559Z","requestId":"8559c0ba-bb97-4995-b29c-92af091d7d51","operation":"http_request","duration":8.0516,"method":"GET","url":"/assets/js/core/page-detector.js","status":200}
{"timestamp":"2025-11-05T19:54:29.561Z","requestId":"5fa8eb2b-f685-4e7d-97e3-13c66d3502cd","operation":"http_request","duration":8.2787,"method":"GET","url":"/assets/js/bundle.min.js","status":200}
{"timestamp":"2025-11-05T19:54:29.562Z","requestId":"42347fd4-e559-49bf-afd9-9e63c85f6df0","operation":"http_request","duration":7.7872,"method":"GET","url":"/assets/js/animations/animacoes-sobre.js","status":200}
{"timestamp":"2025-11-05T19:54:29.563Z","requestId":"06e34618-74fc-45bf-8504-9662e5bdc392","operation":"http_request","duration":8.306,"method":"GET","url":"/assets/images/face.png","status":200}
{"timestamp":"2025-11-05T19:54:29.580Z","requestId":"abed7a96-a611-43f6-8f86-8fd3df6e2154","operation":"http_request","duration":9.1688,"method":"GET","url":"/assets/images/insta.png","status":200}
{"timestamp":"2025-11-05T19:54:29.586Z","requestId":"6b072af9-7911-4f07-96d7-d802807f2cd3","operation":"http_request","duration":9.104,"method":"GET","url":"/assets/images/linkedin.png","status":200}
{"timestamp":"2025-11-05T19:54:29.597Z","requestId":"310fc0e3-4759-447e-ada5-2d0f07281543","operation":"http_request","duration":7.1741,"method":"GET","url":"/assets/images/joao-silva.svg","status":200}
{"timestamp":"2025-11-05T19:54:29.610Z","requestId":"7a0e4e1b-c844-409e-9d4d-35d83e5e1158","operation":"http_request","duration":8.6837,"method":"GET","url":"/assets/images/maria-santos.svg","status":200}
{"timestamp":"2025-11-05T19:54:29.627Z","requestId":"e484dbc8-a313-4103-8c99-9abc9824799c","operation":"http_request","duration":12.919,"method":"GET","url":"/api/rastreamento/viagem-ativa","status":404}
{"timestamp":"2025-11-05T19:54:29.641Z","requestId":"25433618-396d-44e0-88f5-fb5a23ff07e8","operation":"http_request","duration":8.7678,"method":"GET","url":"/assets/images/carlos-oliveira.svg","status":200}
{"timestamp":"2025-11-05T19:54:29.646Z","requestId":"f1b719a9-cd42-4394-b287-d69a15ea3fe7","operation":"http_request","duration":9.5705,"method":"GET","url":"/assets/images/ana-costa.svg","status":200}
{"timestamp":"2025-11-05T19:54:30.790Z","requestId":"08bbaae0-0f43-4c7c-9d4b-20a28be0b919","operation":"http_request","duration":1.6812,"method":"GET","url":"/auth/login.html","status":200}
{"timestamp":"2025-11-05T19:54:30.821Z","requestId":"13b94ed9-91ce-4a2f-a8a2-874b069a4533","operation":"http_request","duration":2.2593,"method":"GET","url":"/assets/css/bundle.min.css","status":200}
{"timestamp":"2025-11-05T19:54:30.834Z","requestId":"041b7071-d5e2-4049-88bc-8346eaf5bc8d","operation":"http_request","duration":5.927,"method":"GET","url":"/assets/css/components/loading.css","status":200}
{"timestamp":"2025-11-05T19:54:30.838Z","requestId":"7f896e12-7bcd-4d64-a97e-8b210156fd20","operation":"http_request","duration":7.6672,"method":"GET","url":"/assets/js/api/mock-api.js","status":200}
{"timestamp":"2025-11-05T19:54:30.839Z","requestId":"3a6e2009-dd77-4728-926c-111d85b5ba5f","operation":"http_request","duration":8.2173,"method":"GET","url":"/assets/js/core/cache-manager.js","status":200}
{"timestamp":"2025-11-05T19:54:30.843Z","requestId":"10b2b441-05aa-4157-9bee-0f8e58cf9982","operation":"http_request","duration":17.4005,"method":"GET","url":"/assets/css/core/color-fix.css","status":404}
{"timestamp":"2025-11-05T19:54:30.845Z","requestId":"8b3bd0bb-3f2d-44d8-a5d7-c243d9b9a8de","operation":"http_request","duration":17.2999,"method":"GET","url":"/assets/css/core/force-visibility.css","status":404}
{"timestamp":"2025-11-05T19:54:30.851Z","requestId":"87ab85e5-4742-41ba-bdfd-84589e5fd645","operation":"http_request","duration":9.9182,"method":"GET","url":"/assets/js/core/config.js","status":200}
{"timestamp":"2025-11-05T19:54:30.860Z","requestId":"f5b04c88-f283-458d-8cca-b2de73e3a69d","operation":"http_request","duration":13.3599,"method":"GET","url":"/assets/js/core/routes.js","status":200}
{"timestamp":"2025-11-05T19:54:30.862Z","requestId":"dafcc6ca-a34b-4844-a540-fc33eb0163ca","operation":"http_request","duration":12.9731,"method":"GET","url":"/assets/js/core/auth-manager.js","status":200}
{"timestamp":"2025-11-05T19:54:30.865Z","requestId":"62e5c1b0-e855-418c-9de9-59bb9c1ec525","operation":"http_request","duration":10.7812,"method":"GET","url":"/assets/js/core/form-validator.js","status":200}
{"timestamp":"2025-11-05T19:54:30.866Z","requestId":"478a3fe5-14dc-4124-8cfd-a9b7c21c6422","operation":"http_request","duration":9.3569,"method":"GET","url":"/assets/js/core/ui-utils.js","status":200}
{"timestamp":"2025-11-05T19:54:30.868Z","requestId":"a64c66a8-cc5f-41ee-a2ef-9f39e9ff067d","operation":"http_request","duration":9.3045,"method":"GET","url":"/assets/images/logo.png","status":200}
{"timestamp":"2025-11-05T19:54:30.875Z","requestId":"1bdefa93-5b16-4ed6-8611-4f9eacb8fca5","operation":"http_request","duration":5.1135,"method":"GET","url":"/assets/images/face.png","status":200}
{"timestamp":"2025-11-05T19:54:30.895Z","requestId":"bdaaac39-c759-4767-b1db-0d86238f5a9a","operation":"http_request","duration":15.9592,"method":"GET","url":"/assets/images/insta.png","status":200}
{"timestamp":"2025-11-05T19:54:30.897Z","requestId":"627ee35d-d4c1-4fb0-b1bc-e42fd64437dc","operation":"http_request","duration":15.6705,"method":"GET","url":"/assets/images/linkedin.png","status":200}
{"timestamp":"2025-11-05T19:54:30.898Z","requestId":"908f9022-09e3-4af7-ba13-27b0602d05c2","operation":"http_request","duration":12.4036,"method":"GET","url":"/assets/js/core/app.js","status":200}
{"timestamp":"2025-11-05T19:54:30.899Z","requestId":"2b633337-fd06-4b0e-ae42-284a8d28620b","operation":"http_request","duration":10.4256,"method":"GET","url":"/assets/js/components/loading.js","status":200}
{"timestamp":"2025-11-05T19:54:30.943Z","requestId":"93889785-281d-4604-9d69-f076a06ab309","operation":"http_request","duration":4.0246,"method":"GET","url":"/assets/js/core/api-client.js","status":200}
{"timestamp":"2025-11-05T19:54:30.961Z","requestId":"74d4146f-85e3-44fc-8ca8-537a875851b0","operation":"http_request","duration":2.0978,"method":"GET","url":"/assets/js/core/config.js","status":200}
{"timestamp":"2025-11-05T19:54:33.425Z","requestId":"b851febb-f049-4421-892a-5bb02ba9e376","operation":"http_request","duration":1.6854,"method":"GET","url":"/index.html","status":200}
{"timestamp":"2025-11-05T19:54:33.448Z","requestId":"1fbc25e8-0ad1-4a18-b3a2-729e16819008","operation":"http_request","duration":1.5908,"method":"GET","url":"/assets/css/bundle.min.css","status":200}
{"timestamp":"2025-11-05T19:54:33.464Z","requestId":"d5401da1-5ee7-4b43-830b-2763dbea73bd","operation":"http_request","duration":9.5783,"method":"GET","url":"/assets/css/core/button-fix.css","status":200}
{"timestamp":"2025-11-05T19:54:33.466Z","requestId":"59970f48-0ddc-41a6-b605-06d332ab7e9e","operation":"http_request","duration":9.0523,"method":"GET","url":"/assets/images/mulher%20andando%20na%20cidade.jpg","status":200}
{"timestamp":"2025-11-05T19:54:33.468Z","requestId":"585c5dde-d5bf-4786-97bf-181db9b9af97","operation":"http_request","duration":10.342,"method":"GET","url":"/assets/js/core/app.js","status":200}
{"timestamp":"2025-11-05T19:54:33.470Z","requestId":"3d7aa105-b662-47c5-99a2-5c21c2f230d0","operation":"http_request","duration":10.435,"method":"GET","url":"/assets/images/logo.png","status":200}
{"timestamp":"2025-11-05T19:54:33.472Z","requestId":"0f49e057-fb8c-40f2-b942-9ac5eeed4e70","operation":"http_request","duration":11.206,"method":"GET","url":"/assets/js/core/page-detector.js","status":200}
{"timestamp":"2025-11-05T19:54:33.484Z","requestId":"3cefee33-5d21-4140-9fce-afbc632e3ebe","operation":"http_request","duration":6.2122,"method":"GET","url":"/assets/js/bundle.min.js","status":200}
{"timestamp":"2025-11-05T19:54:33.485Z","requestId":"cdf56f22-2062-4652-a725-f8642ee8f46c","operation":"http_request","duration":4.3408,"method":"GET","url":"/assets/js/animations/animacoes-index.js","status":200}
{"timestamp":"2025-11-05T19:54:33.501Z","requestId":"7429ca2b-8066-4186-aa5c-71a9813486d3","operation":"http_request","duration":10.7453,"method":"GET","url":"/assets/images/crian%C3%A7as.png","status":200}
{"timestamp":"2025-11-05T19:54:33.506Z","requestId":"8899866e-65d9-4686-bddb-7508e2e324e0","operation":"http_request","duration":13.2961,"method":"GET","url":"/assets/images/transporte-turismo-viagem-rodoviaria-e-conceito-de-pessoas-grupo-de-passageiros-felizes.png","status":200}
{"timestamp":"2025-11-05T19:54:33.507Z","requestId":"5ab91458-cdc9-4bbc-828a-c64e68e8f224","operation":"http_request","duration":13.1103,"method":"GET","url":"/assets/images/transporte-executivo-de-pessoas-preco.png","status":200}
{"timestamp":"2025-11-05T19:54:33.512Z","requestId":"9986c2e3-e9f1-4ebe-9b03-8cc9998c3c5e","operation":"http_request","duration":6.8594,"method":"GET","url":"/assets/images/guns2.jpg","status":200}
{"timestamp":"2025-11-05T19:54:33.539Z","requestId":"fd1aca7e-53eb-416f-a2f0-4009bdf67a2e","operation":"http_request","duration":6.3575,"method":"GET","url":"/api/rastreamento/viagem-ativa","status":404}
{"timestamp":"2025-11-05T19:54:33.543Z","requestId":"d1a578bf-462e-402e-a2a4-1c415da1fc47","operation":"http_request","duration":3.5461,"method":"GET","url":"/manifest.json","status":200}
{"timestamp":"2025-11-05T19:54:33.545Z","requestId":"c7f6d82f-2d5f-43fd-9cce-03f8f1de0168","operation":"http_request","duration":3.62,"method":"GET","url":"/assets/images/favicon.ico","status":200}
{"timestamp":"2025-11-05T19:54:33.554Z","requestId":"a231ad25-85da-4116-a099-826f7c6833e9","operation":"http_request","duration":3.2711,"method":"GET","url":"/assets/images/icon-512.png","status":200}
{"timestamp":"2025-11-05T19:54:33.557Z","requestId":"076a0a3e-576a-49c7-854b-0d8c60f6d061","operation":"http_request","duration":4.4072,"method":"GET","url":"/assets/images/icon-192.svg","status":200}
{"timestamp":"2025-11-05T19:54:35.489Z","requestId":"2d9d5114-3efa-4f22-8840-d45bd7f8da67","operation":"http_request","duration":1.8821,"method":"GET","url":"/cadastro-escolar.html","status":200}
{"timestamp":"2025-11-05T19:54:35.544Z","requestId":"8b75fb9d-2afa-46b4-8be2-0ac82edb09bc","operation":"http_request","duration":7.1905,"method":"GET","url":"/assets/css/bundle.min.css","status":200}
{"timestamp":"2025-11-05T19:54:35.552Z","requestId":"0a005e71-acd5-4e2c-8c3d-f48cd6e40adf","operation":"http_request","duration":6.4091,"method":"GET","url":"/assets/css/components/loading.css","status":200}
{"timestamp":"2025-11-05T19:54:35.554Z","requestId":"d2b61c1e-dfa4-4287-82fe-e70893d1ee1e","operation":"http_request","duration":5.2198,"method":"GET","url":"/assets/images/logo.png","status":200}
{"timestamp":"2025-11-05T19:54:35.556Z","requestId":"6e17979e-1c29-443f-b64d-7ee147b4916b","operation":"http_request","duration":7.9361,"method":"GET","url":"/assets/js/core/form-validator.js","status":200}
{"timestamp":"2025-11-05T19:54:35.559Z","requestId":"15f09ffe-ed62-41f6-b3ee-6997560f7f2a","operation":"http_request","duration":17.3987,"method":"GET","url":"/assets/css/core/color-fix.css","status":404}
{"timestamp":"2025-11-05T19:54:35.560Z","requestId":"b515d447-b938-47b6-859b-cfdd855d3f69","operation":"http_request","duration":15.9178,"method":"GET","url":"/assets/css/core/force-visibility.css","status":404}
{"timestamp":"2025-11-05T19:54:35.569Z","requestId":"e5b98962-1dbe-4baf-b51b-25f6916129d4","operation":"http_request","duration":6.7675,"method":"GET","url":"/assets/images/face.png","status":200}
{"timestamp":"2025-11-05T19:54:35.572Z","requestId":"113cc69b-7cc6-4a1c-abd2-516ae0d08ce9","operation":"http_request","duration":7.3531,"method":"GET","url":"/assets/images/linkedin.png","status":200}
{"timestamp":"2025-11-05T19:54:35.574Z","requestId":"cee1952c-867b-4250-a608-362a1452978f","operation":"http_request","duration":7.813,"method":"GET","url":"/assets/images/insta.png","status":200}
{"timestamp":"2025-11-05T19:54:35.581Z","requestId":"84609024-406c-4c08-b8a0-d96cc1c22350","operation":"http_request","duration":5.9221,"method":"GET","url":"/assets/js/bundle.min.js","status":200}
{"timestamp":"2025-11-05T19:54:35.582Z","requestId":"1d77bbaa-842c-48f3-b839-2a3ebda749e3","operation":"http_request","duration":6.0624,"method":"GET","url":"/assets/js/components/loading.js","status":200}
{"timestamp":"2025-11-05T19:54:35.632Z","requestId":"126e183c-e1d9-4ac3-a9a3-e78ad0c385a9","operation":"http_request","duration":11.4299,"method":"GET","url":"/api/rastreamento/viagem-ativa","status":404}
{"timestamp":"2025-11-05T19:54:35.634Z","requestId":"443662d2-1db3-406f-8c5b-6b731d2baa92","operation":"http_request","duration":11.3181,"method":"GET","url":"/api/rastreamento/estatisticas","status":404}
{"timestamp":"2025-11-05T19:54:38.410Z","requestId":"ed0dd3f0-6944-47e1-a16b-89336c6354f5","operation":"http_request","duration":2.6444,"method":"GET","url":"/cadastro-excursao.html","status":200}
{"timestamp":"2025-11-05T19:54:38.487Z","requestId":"6d2b92ab-0b25-4b19-ac12-7b64d1942550","operation":"http_request","duration":2.6524,"method":"GET","url":"/assets/css/bundle.min.css","status":200}
{"timestamp":"2025-11-05T19:54:38.501Z","requestId":"e0adaf0a-efaa-443f-81aa-ffc4799f392e","operation":"http_request","duration":5.0156,"method":"GET","url":"/assets/js/core/form-validator.js","status":200}
{"timestamp":"2025-11-05T19:54:38.503Z","requestId":"c742971e-e00c-4b57-9e16-f5d9a0702636","operation":"http_request","duration":5.4727,"method":"GET","url":"/assets/images/logo.png","status":200}
{"timestamp":"2025-11-05T19:54:38.505Z","requestId":"3ba1bdab-89b2-4dd3-95b2-97673e222e43","operation":"http_request","duration":11.1825,"method":"GET","url":"/assets/css/components/loading.css","status":200}
{"timestamp":"2025-11-05T19:54:38.508Z","requestId":"d4ec9753-6f84-45df-a6d3-961b620c692a","operation":"http_request","duration":18.4971,"method":"GET","url":"/assets/css/core/color-fix.css","status":404}
{"timestamp":"2025-11-05T19:54:38.510Z","requestId":"45e83928-608c-4341-be27-6e5180863016","operation":"http_request","duration":18.0496,"method":"GET","url":"/assets/css/core/force-visibility.css","status":404}
{"timestamp":"2025-11-05T19:54:38.524Z","requestId":"e3ae59a2-ce91-4b25-bc81-b8207c15ec43","operation":"http_request","duration":11.0359,"method":"GET","url":"/assets/images/face.png","status":200}
{"timestamp":"2025-11-05T19:54:38.527Z","requestId":"91c73ac0-ec92-4afc-adfc-e67179ece5b5","operation":"http_request","duration":9.1648,"method":"GET","url":"/assets/images/linkedin.png","status":200}
{"timestamp":"2025-11-05T19:54:38.532Z","requestId":"89cc6b08-2d9c-4101-9115-5916fd0469b9","operation":"http_request","duration":10.4016,"method":"GET","url":"/assets/images/insta.png","status":200}
{"timestamp":"2025-11-05T19:54:38.539Z","requestId":"d5abefed-67bc-4baa-a1b1-91c09108b312","operation":"http_request","duration":10.767,"method":"GET","url":"/assets/js/bundle.min.js","status":200}
{"timestamp":"2025-11-05T19:54:38.542Z","requestId":"968dd078-e99a-47ac-8023-fde0fe1cf18d","operation":"http_request","duration":12.139,"method":"GET","url":"/assets/js/components/loading.js","status":200}
{"timestamp":"2025-11-05T19:54:38.591Z","requestId":"48bde53f-ffb0-4c6c-be00-401c7a81ed2e","operation":"http_request","duration":6.1034,"method":"GET","url":"/api/rastreamento/viagem-ativa","status":404}
{"timestamp":"2025-11-05T19:54:38.592Z","requestId":"27a67310-86fd-40d0-818b-e8fef6ba065d","operation":"http_request","duration":3.9274,"method":"GET","url":"/api/rastreamento/estatisticas","status":404}
{"timestamp":"2025-11-05T20:06:24.201Z","requestId":"527f8c0f-541f-42b6-ba13-14900157f0b5","operation":"http_request","duration":32.5546,"method":"GET","url":"/cadastro-excursao.html","status":200}
{"timestamp":"2025-11-05T20:06:24.274Z","requestId":"c9d67daa-44f4-4a83-b24b-3f0f4b6d4c4d","operation":"http_request","duration":24.4335,"method":"GET","url":"/assets/css/core/button-fix.css","status":200}
{"timestamp":"2025-11-05T20:06:24.279Z","requestId":"7b44e43c-8bb9-465b-9e45-3ed1e582a159","operation":"http_request","duration":36.132,"method":"GET","url":"/assets/css/bundle.min.css","status":200}
{"timestamp":"2025-11-05T20:06:24.286Z","requestId":"a1bedc9b-5d51-4f34-897c-f9c9d75f12ab","operation":"http_request","duration":21.4879,"method":"GET","url":"/assets/css/components/loading.css","status":200}
{"timestamp":"2025-11-05T20:06:24.290Z","requestId":"59dff208-aa87-49ac-8bf6-3cc988bad0f3","operation":"http_request","duration":21.069,"method":"GET","url":"/assets/js/core/form-validator.js","status":200}
{"timestamp":"2025-11-05T20:06:24.305Z","requestId":"7f81ac20-6926-45d7-8f7a-3d504fa0e304","operation":"http_request","duration":48.1057,"method":"GET","url":"/assets/css/core/color-fix.css","status":404}
{"timestamp":"2025-11-05T20:06:24.316Z","requestId":"2b988a47-60eb-4adf-a621-04210866b752","operation":"http_request","duration":54.6332,"method":"GET","url":"/assets/css/core/force-visibility.css","status":404}
{"timestamp":"2025-11-05T20:06:24.339Z","requestId":"842c72c3-f786-485d-92fa-c1c422cd940d","operation":"http_request","duration":16.8971,"method":"GET","url":"/assets/images/logo.png","status":200}
{"timestamp":"2025-11-05T20:06:24.350Z","requestId":"7d184d36-6b21-4963-b2fd-d816d2721f91","operation":"http_request","duration":16.486,"method":"GET","url":"/assets/images/face.png","status":200}
{"timestamp":"2025-11-05T20:06:24.395Z","requestId":"0a7b5867-8fb7-4f60-8433-565fe4a06782","operation":"http_request","duration":26.4815,"method":"GET","url":"/assets/images/insta.png","status":200}
{"timestamp":"2025-11-05T20:06:24.402Z","requestId":"c0dea3d0-f7c6-45ae-a75a-33fd2c7273c5","operation":"http_request","duration":24.0369,"method":"GET","url":"/assets/images/linkedin.png","status":200}
{"timestamp":"2025-11-05T20:06:24.408Z","requestId":"8aa8c4c5-91a3-425e-9b29-9a0f5e8efdea","operation":"http_request","duration":23.7825,"method":"GET","url":"/assets/js/components/loading.js","status":200}
{"timestamp":"2025-11-05T20:06:24.412Z","requestId":"5071f7a1-648a-42c4-9b1d-846f2af25968","operation":"http_request","duration":30.3066,"method":"GET","url":"/assets/js/bundle.min.js","status":200}
{"timestamp":"2025-11-05T20:06:24.488Z","requestId":"eba4fa45-5bdd-41ae-a8c8-134e9b494d58","operation":"http_request","duration":5.4796,"method":"GET","url":"/api/rastreamento/viagem-ativa","status":404}
{"timestamp":"2025-11-05T20:06:24.491Z","requestId":"994ae3a3-afbc-4b19-a494-60c6ecbef7a9","operation":"http_request","duration":6.2252,"method":"GET","url":"/api/rastreamento/estatisticas","status":404}
{"timestamp":"2025-11-05T20:06:26.289Z","requestId":"29d2bf76-3387-4364-880b-daefe13ede84","operation":"http_request","duration":4.2769,"method":"GET","url":"/index.html","status":200}
{"timestamp":"2025-11-05T20:06:26.317Z","requestId":"51231846-1abd-4a52-86f4-53a44f214db5","operation":"http_request","duration":2.6007,"method":"GET","url":"/assets/css/bundle.min.css","status":200}
{"timestamp":"2025-11-05T20:06:26.332Z","requestId":"eee44525-dc49-4873-a6cd-b4a65f6f84bd","operation":"http_request","duration":12.1375,"method":"GET","url":"/assets/images/mulher%20andando%20na%20cidade.jpg","status":200}
{"timestamp":"2025-11-05T20:06:26.334Z","requestId":"11e37ad9-6d10-4c0f-a23a-5633bd93a5b0","operation":"http_request","duration":11.6738,"method":"GET","url":"/assets/js/core/app.js","status":200}
{"timestamp":"2025-11-05T20:06:26.336Z","requestId":"eac54f4c-911a-43d6-a973-183b9c7387c4","operation":"http_request","duration":12.055,"method":"GET","url":"/assets/css/core/button-fix.css","status":200}
{"timestamp":"2025-11-05T20:06:26.340Z","requestId":"072ad8de-d91c-45e7-812f-0d9d5ea3fa2f","operation":"http_request","duration":12.257,"method":"GET","url":"/assets/images/logo.png","status":200}
{"timestamp":"2025-11-05T20:06:26.343Z","requestId":"0ad76dd6-62b8-49b5-bedd-ca5cacb5b350","operation":"http_request","duration":13.0794,"method":"GET","url":"/assets/js/core/page-detector.js","status":200}
{"timestamp":"2025-11-05T20:06:26.359Z","requestId":"78c5b1a0-574f-4c73-9378-0b716b6b0331","operation":"http_request","duration":7.8368,"method":"GET","url":"/assets/js/bundle.min.js","status":200}
{"timestamp":"2025-11-05T20:06:26.362Z","requestId":"9a5b16c7-d8b9-44c5-8062-c8e87e1f2084","operation":"http_request","duration":7.527,"method":"GET","url":"/assets/js/animations/animacoes-index.js","status":200}
{"timestamp":"2025-11-05T20:06:26.384Z","requestId":"ee1c34df-68ee-4b68-b57f-a684b962a21d","operation":"http_request","duration":13.8748,"method":"GET","url":"/assets/images/crian%C3%A7as.png","status":200}
{"timestamp":"2025-11-05T20:06:26.386Z","requestId":"1e1a784e-9676-4cef-8da9-8e62630dcd34","operation":"http_request","duration":13.306,"method":"GET","url":"/assets/images/transporte-turismo-viagem-rodoviaria-e-conceito-de-pessoas-grupo-de-passageiros-felizes.png","status":200}
{"timestamp":"2025-11-05T20:06:26.390Z","requestId":"2a8c96aa-f9a9-4e29-9aca-f2160f6e1a67","operation":"http_request","duration":11.3672,"method":"GET","url":"/assets/images/transporte-executivo-de-pessoas-preco.png","status":200}
{"timestamp":"2025-11-05T20:06:26.394Z","requestId":"3ed96c0b-0f2a-443b-bde2-d87c5173b9d5","operation":"http_request","duration":13.6464,"method":"GET","url":"/assets/images/guns2.jpg","status":200}
{"timestamp":"2025-11-05T20:06:26.428Z","requestId":"520b408d-729b-4500-b953-ca4efe195887","operation":"http_request","duration":7.1583,"method":"GET","url":"/api/rastreamento/viagem-ativa","status":404}
{"timestamp":"2025-11-05T20:06:26.430Z","requestId":"9b383e21-30cb-41b9-a25d-c5cd5a25a61b","operation":"http_request","duration":7.4167,"method":"GET","url":"/api/rastreamento/estatisticas","status":404}
{"timestamp":"2025-11-05T20:06:26.437Z","requestId":"56eea41a-38e8-4c22-8c5b-36735e986231","operation":"http_request","duration":4.1532,"method":"GET","url":"/manifest.json","status":200}
{"timestamp":"2025-11-05T20:06:26.440Z","requestId":"9b73acc4-95f8-4218-9ddb-4304d0403a37","operation":"http_request","duration":5.0002,"method":"GET","url":"/assets/images/favicon.ico","status":200}
{"timestamp":"2025-11-05T20:06:26.457Z","requestId":"1aa1cc7b-ac50-4b5d-91f7-e383f683fac9","operation":"http_request","duration":6.0774,"method":"GET","url":"/assets/images/icon-512.png","status":200}
{"timestamp":"2025-11-05T20:06:26.460Z","requestId":"28ff5d33-465c-41e1-8aad-970b09a355cd","operation":"http_request","duration":6.9421,"method":"GET","url":"/assets/images/icon-192.svg","status":200}
{"timestamp":"2025-11-05T20:06:29.387Z","requestId":"9450286e-eea3-401c-bfc6-c17b56fd270f","operation":"http_request","duration":5.5596,"method":"GET","url":"/assets/images/ccxp1.jpg","status":200}
{"timestamp":"2025-11-05T20:06:29.976Z","requestId":"33f59c7d-7c9f-422e-9497-ffe73bc5e5a8","operation":"http_request","duration":4.9263,"method":"GET","url":"/assets/images/Imagem_lollapalooza-brasil-2025.jpg","status":200}
{"timestamp":"2025-11-05T20:06:31.607Z","requestId":"7b31b564-7024-49e1-9809-eb14a7568bf6","operation":"http_request","duration":10.1989,"method":"GET","url":"/assets/images/face.png","status":200}
{"timestamp":"2025-11-05T20:06:31.610Z","requestId":"e2b0cb3f-624a-40a9-aa45-59ccf2be7f8b","operation":"http_request","duration":9.19,"method":"GET","url":"/assets/images/linkedin.png","status":200}
{"timestamp":"2025-11-05T20:06:31.612Z","requestId":"6845f67f-222d-4ef2-ba63-f62ffb7841ed","operation":"http_request","duration":12.9518,"method":"GET","url":"/assets/images/insta.png","status":200}
{"timestamp":"2025-11-05T20:06:35.698Z","requestId":"9fd9545c-9d1a-4db0-bf68-5e2f10c88210","operation":"http_request","duration":2.471,"method":"GET","url":"/index.html","status":200}
{"timestamp":"2025-11-05T20:06:35.732Z","requestId":"a00d1630-2de8-46ee-b81e-2250cbcd35ed","operation":"http_request","duration":11.3154,"method":"GET","url":"/assets/css/bundle.min.css","status":200}
{"timestamp":"2025-11-05T20:06:35.733Z","requestId":"6bf63dbc-efa4-4e12-9d48-6780359ae7f1","operation":"http_request","duration":8.8941,"method":"GET","url":"/assets/images/mulher%20andando%20na%20cidade.jpg","status":200}
{"timestamp":"2025-11-05T20:06:35.734Z","requestId":"b8903fb3-d6da-4bc9-88c8-c2f14ded7f97","operation":"http_request","duration":8.431,"method":"GET","url":"/assets/js/core/app.js","status":200}
{"timestamp":"2025-11-05T20:06:35.736Z","requestId":"63c6ae19-25de-4f54-abdd-21e203c7e0f4","operation":"http_request","duration":7.1335,"method":"GET","url":"/assets/css/core/button-fix.css","status":200}
{"timestamp":"2025-11-05T20:06:35.738Z","requestId":"499167d7-ced0-44d6-a9a9-9d424113a6b6","operation":"http_request","duration":8.7291,"method":"GET","url":"/assets/images/logo.png","status":200}
{"timestamp":"2025-11-05T20:06:35.741Z","requestId":"af3b588b-4604-4c53-9e64-7d150e5e0099","operation":"http_request","duration":9.8038,"method":"GET","url":"/assets/js/core/page-detector.js","status":200}
{"timestamp":"2025-11-05T20:06:35.758Z","requestId":"c05975d4-a9e1-47b8-ba80-667625354f96","operation":"http_request","duration":7.9446,"method":"GET","url":"/assets/js/bundle.min.js","status":200}
{"timestamp":"2025-11-05T20:06:35.761Z","requestId":"aed991ca-29ab-45de-98f2-c32d362c1fe3","operation":"http_request","duration":7.2748,"method":"GET","url":"/assets/js/animations/animacoes-index.js","status":200}
{"timestamp":"2025-11-05T20:06:35.811Z","requestId":"7b983994-716b-4e31-9b2d-58196f5067d5","operation":"http_request","duration":22.5562,"method":"GET","url":"/assets/images/crian%C3%A7as.png","status":200}
{"timestamp":"2025-11-05T20:06:35.812Z","requestId":"81e684b8-9c3b-4ab8-a6cd-4c76cd526825","operation":"http_request","duration":20.1967,"method":"GET","url":"/assets/images/transporte-turismo-viagem-rodoviaria-e-conceito-de-pessoas-grupo-de-passageiros-felizes.png","status":200}
{"timestamp":"2025-11-05T20:06:35.814Z","requestId":"fd2b6ccb-d5a7-4b12-9fdd-782b35e94176","operation":"http_request","duration":16.9937,"method":"GET","url":"/assets/images/transporte-executivo-de-pessoas-preco.png","status":200}
{"timestamp":"2025-11-05T20:06:35.815Z","requestId":"41e37f64-c81f-4723-a2a6-640db5601081","operation":"http_request","duration":13.731,"method":"GET","url":"/assets/images/guns2.jpg","status":200}
{"timestamp":"2025-11-05T20:06:35.853Z","requestId":"85d6387a-a2e0-4815-9eeb-7cd29bc1bd18","operation":"http_request","duration":46.3484,"method":"GET","url":"/api/rastreamento/viagem-ativa","status":404}
{"timestamp":"2025-11-05T20:06:35.859Z","requestId":"d9aec030-8e4e-4ef0-957b-9a3cd8bfc2dc","operation":"http_request","duration":51.1833,"method":"GET","url":"/api/rastreamento/estatisticas","status":404}
{"timestamp":"2025-11-05T20:06:35.871Z","requestId":"d73c1ab5-e9bd-4a6d-9e56-50bae97b1bab","operation":"http_request","duration":21.5759,"method":"GET","url":"/assets/images/favicon.ico","status":200}
{"timestamp":"2025-11-05T20:06:35.876Z","requestId":"1374930c-e7e0-4ffa-8733-99f55fc77c29","operation":"http_request","duration":10.9047,"method":"GET","url":"/manifest.json","status":200}
{"timestamp":"2025-11-05T20:06:35.884Z","requestId":"36002af9-7a3f-4eef-aafc-a75754cacd2b","operation":"http_request","duration":2.2546,"method":"GET","url":"/assets/images/icon-512.png","status":200}
{"timestamp":"2025-11-05T20:06:35.894Z","requestId":"13d8f685-c55c-4b5c-9558-42f216f082c2","operation":"http_request","duration":8.0807,"method":"GET","url":"/assets/images/icon-192.svg","status":200}
{"timestamp":"2025-11-05T20:06:52.909Z","requestId":"d7eae623-68b0-4e9f-a833-f303d2f8b18a","operation":"http_request","duration":5.0489,"method":"GET","url":"/index.html","status":200}
{"timestamp":"2025-11-05T20:06:52.951Z","requestId":"5e71a8ac-dd43-4c7b-b1db-a1554fff57c9","operation":"http_request","duration":18.48,"method":"GET","url":"/assets/css/bundle.min.css","status":200}
{"timestamp":"2025-11-05T20:06:52.953Z","requestId":"60bb9306-bdbe-425e-bfc0-044a9e8e9553","operation":"http_request","duration":18.3241,"method":"GET","url":"/assets/images/mulher%20andando%20na%20cidade.jpg","status":200}
{"timestamp":"2025-11-05T20:06:52.957Z","requestId":"8a2e9b86-89be-47b5-aeba-cdcb6bc412ba","operation":"http_request","duration":17.9096,"method":"GET","url":"/assets/css/core/button-fix.css","status":200}
{"timestamp":"2025-11-05T20:06:52.959Z","requestId":"7beeb40f-e93a-45c4-b2c4-5db4aa3154f1","operation":"http_request","duration":19.4189,"method":"GET","url":"/assets/js/core/app.js","status":200}
{"timestamp":"2025-11-05T20:06:52.961Z","requestId":"b85bf3c6-30ad-4001-bb53-ca4d1675926b","operation":"http_request","duration":20.2269,"method":"GET","url":"/assets/images/logo.png","status":200}
{"timestamp":"2025-11-05T20:06:52.963Z","requestId":"bab643b0-935c-4c6d-bc27-36a1ff78b508","operation":"http_request","duration":20.027,"method":"GET","url":"/assets/js/core/page-detector.js","status":200}
{"timestamp":"2025-11-05T20:06:52.986Z","requestId":"a90f9d12-710a-4802-a5ab-1ee9471a893b","operation":"http_request","duration":11.2362,"method":"GET","url":"/assets/js/bundle.min.js","status":200}
{"timestamp":"2025-11-05T20:06:52.989Z","requestId":"fce758f7-1883-4e54-8d2f-a833227b5880","operation":"http_request","duration":12.1124,"method":"GET","url":"/assets/js/animations/animacoes-index.js","status":200}
{"timestamp":"2025-11-05T20:06:53.030Z","requestId":"e80acd2c-39ba-4441-9e2b-4b2dd812400c","operation":"http_request","duration":21.8821,"method":"GET","url":"/assets/images/crian%C3%A7as.png","status":200}
{"timestamp":"2025-11-05T20:06:53.032Z","requestId":"61b3fa8e-2b5f-4466-a7a1-0b354bad7af7","operation":"http_request","duration":21.6454,"method":"GET","url":"/assets/images/transporte-turismo-viagem-rodoviaria-e-conceito-de-pessoas-grupo-de-passageiros-felizes.png","status":200}
{"timestamp":"2025-11-05T20:06:53.034Z","requestId":"830f45cc-2923-4101-801e-0ba8048450f3","operation":"http_request","duration":19.1521,"method":"GET","url":"/assets/images/transporte-executivo-de-pessoas-preco.png","status":200}
{"timestamp":"2025-11-05T20:06:53.037Z","requestId":"c895d2f7-8233-4b11-8611-be1198842952","operation":"http_request","duration":18.4627,"method":"GET","url":"/assets/images/guns2.jpg","status":200}
{"timestamp":"2025-11-05T20:06:53.045Z","requestId":"15e9e68c-7276-4a99-b172-4a1a5763759d","operation":"http_request","duration":22.3372,"method":"GET","url":"/api/rastreamento/viagem-ativa","status":404}
{"timestamp":"2025-11-05T20:06:53.049Z","requestId":"cf28a55d-2151-4a8a-8fe0-0202a850dc22","operation":"http_request","duration":24.9081,"method":"GET","url":"/api/rastreamento/estatisticas","status":404}
{"timestamp":"2025-11-05T20:06:53.065Z","requestId":"a032a902-1429-429b-9022-6aab086d3466","operation":"http_request","duration":9.0832,"method":"GET","url":"/assets/images/favicon.ico","status":200}
{"timestamp":"2025-11-05T20:06:53.068Z","requestId":"7515a1cb-3368-4c98-9795-871b77cb6dc6","operation":"http_request","duration":9.7324,"method":"GET","url":"/manifest.json","status":200}
{"timestamp":"2025-11-05T20:06:53.091Z","requestId":"f6de1869-09ca-4aff-99dc-36a52fcc473a","operation":"http_request","duration":7.3319,"method":"GET","url":"/assets/images/icon-512.png","status":200}
{"timestamp":"2025-11-05T20:06:53.093Z","requestId":"e5ab0482-d0c6-43a0-8fd2-f51827ce1534","operation":"http_request","duration":6.0824,"method":"GET","url":"/assets/images/icon-192.svg","status":200}
{"timestamp":"2025-11-05T20:06:58.431Z","requestId":"74b7cf48-bf18-445b-8cb3-999ebd683f0b","operation":"http_request","duration":5.6052,"method":"GET","url":"/planos.html","status":200}
{"timestamp":"2025-11-05T20:06:58.460Z","requestId":"d0b84cb5-3f3e-4f16-8ebb-541f7b32e90d","operation":"http_request","duration":1.7827,"method":"GET","url":"/assets/css/bundle.min.css","status":200}
{"timestamp":"2025-11-05T20:06:58.475Z","requestId":"f2d43191-34b7-4a25-b2d2-29071a278562","operation":"http_request","duration":10.2982,"method":"GET","url":"/assets/css/core/button-fix.css","status":200}
{"timestamp":"2025-11-05T20:06:58.477Z","requestId":"55362baf-d264-4e0e-acd4-09f126262e30","operation":"http_request","duration":9.9867,"method":"GET","url":"/assets/css/planos.css","status":200}
{"timestamp":"2025-11-05T20:06:58.479Z","requestId":"27ba9e56-3253-4748-b606-ae1a6d88ba67","operation":"http_request","duration":9.0322,"method":"GET","url":"/assets/images/face.png","status":200}
{"timestamp":"2025-11-05T20:06:58.481Z","requestId":"0310d8d4-80e1-4a25-b4d5-e27f46491ae6","operation":"http_request","duration":11.4696,"method":"GET","url":"/assets/images/logo.png","status":200}
{"timestamp":"2025-11-05T20:06:58.484Z","requestId":"058aff4d-5e13-4b08-94e4-94fdbd960081","operation":"http_request","duration":11.5806,"method":"GET","url":"/assets/js/pages/public/planos.js","status":200}
{"timestamp":"2025-11-05T20:06:58.503Z","requestId":"dd815d7c-46aa-4058-b782-c6857fc4110f","operation":"http_request","duration":10.4717,"method":"GET","url":"/assets/js/core/page-detector.js","status":200}
{"timestamp":"2025-11-05T20:06:58.506Z","requestId":"ea069952-f4fe-4c70-8106-f673c371a3a9","operation":"http_request","duration":8.7406,"method":"GET","url":"/assets/images/insta.png","status":200}
{"timestamp":"2025-11-05T20:06:58.508Z","requestId":"b59233c7-b8ca-4210-9bc8-464a457af1a5","operation":"http_request","duration":9.2584,"method":"GET","url":"/assets/images/linkedin.png","status":200}
{"timestamp":"2025-11-05T20:06:58.518Z","requestId":"6a0801d5-6302-4585-a754-19c91b4ea41b","operation":"http_request","duration":15.3733,"method":"GET","url":"/assets/css/core/variables.css","status":200}
{"timestamp":"2025-11-05T20:06:58.537Z","requestId":"df49269b-2610-406c-8a88-91be330163f8","operation":"http_request","duration":12.4702,"method":"GET","url":"/assets/js/bundle.min.js","status":200}
{"timestamp":"2025-11-05T20:06:58.542Z","requestId":"0162788e-ecc9-442f-ab8b-c6e06a7198df","operation":"http_request","duration":11.3977,"method":"GET","url":"/assets/js/animations/animacoes-planos.js","status":200}
{"timestamp":"2025-11-05T20:06:58.586Z","requestId":"4b6d6b6e-dd46-46d1-8802-39c328fd6931","operation":"http_request","duration":4.2619,"method":"GET","url":"/assets/js/core/config.js","status":200}
{"timestamp":"2025-11-05T20:06:58.606Z","requestId":"b0b44813-8fdd-4f08-bc21-561aa693e553","operation":"http_request","duration":8.3064,"method":"GET","url":"/api/rastreamento/viagem-ativa","status":404}
{"timestamp":"2025-11-05T20:06:58.610Z","requestId":"9cbf92f8-154e-4975-923e-4f8fb2882e4f","operation":"http_request","duration":8.7515,"method":"GET","url":"/api/rastreamento/estatisticas","status":404}
{"timestamp":"2025-11-05T20:07:01.014Z","requestId":"aad631d8-30e8-4028-950d-77a8675ba156","operation":"http_request","duration":3.5908,"method":"GET","url":"/contato.html","status":200}
{"timestamp":"2025-11-05T20:07:01.038Z","requestId":"2dfa35b8-bf9b-4dc5-9c25-589b67f6c059","operation":"http_request","duration":1.8152,"method":"GET","url":"/assets/css/bundle.min.css","status":200}
{"timestamp":"2025-11-05T20:07:01.054Z","requestId":"4d132603-89ce-4e0b-af94-1aa5ae0bfcf0","operation":"http_request","duration":12.8981,"method":"GET","url":"/assets/css/core/button-fix.css","status":200}
{"timestamp":"2025-11-05T20:07:01.056Z","requestId":"ea8e8290-6962-4af2-8b2a-a4baf103e68b","operation":"http_request","duration":13.2839,"method":"GET","url":"/assets/js/core/app.js","status":200}
{"timestamp":"2025-11-05T20:07:01.058Z","requestId":"cdca51f0-59a3-460e-9ec4-521c2859951e","operation":"http_request","duration":13.0759,"method":"GET","url":"/assets/images/logo.png","status":200}
{"timestamp":"2025-11-05T20:07:01.059Z","requestId":"3ccf9315-a28a-4c97-abb2-e97c32e566ea","operation":"http_request","duration":11.9402,"method":"GET","url":"/assets/js/bundle.min.js","status":200}
{"timestamp":"2025-11-05T20:07:01.063Z","requestId":"7aa57861-e13f-41fc-801f-2cb5f381bf5b","operation":"http_request","duration":12.398,"method":"GET","url":"/assets/js/animations/animacoes-index.js","status":200}
{"timestamp":"2025-11-05T20:07:01.137Z","requestId":"e0345457-3401-4a94-9798-737e264e7073","operation":"http_request","duration":14.2475,"method":"GET","url":"/assets/images/face.png","status":200}
{"timestamp":"2025-11-05T20:07:01.140Z","requestId":"bd6156aa-a6bc-4092-95b0-f63331ef1059","operation":"http_request","duration":15.755,"method":"GET","url":"/assets/images/insta.png","status":200}
{"timestamp":"2025-11-05T20:07:01.145Z","requestId":"c2bc3fe9-1b99-40c0-a738-79bacd3eae8e","operation":"http_request","duration":16.2853,"method":"GET","url":"/assets/images/linkedin.png","status":200}
{"timestamp":"2025-11-05T20:07:01.164Z","requestId":"b7e8b509-3f2e-414d-8e86-e2118f4c7ffa","operation":"http_request","duration":12.1166,"method":"GET","url":"/manifest.json","status":200}
{"timestamp":"2025-11-05T20:07:01.170Z","requestId":"758103e6-bb28-41f4-aa17-d9821e7ca0d2","operation":"http_request","duration":12.5935,"method":"GET","url":"/assets/images/favicon.ico","status":200}
{"timestamp":"2025-11-05T20:07:01.173Z","requestId":"44818a1a-6f77-4112-9da9-ddbbaa4f89cc","operation":"http_request","duration":25.5999,"method":"GET","url":"/api/rastreamento/viagem-ativa","status":404}
{"timestamp":"2025-11-05T20:07:01.175Z","requestId":"cb7e4417-b80d-45a1-9dd4-65607ab7285a","operation":"http_request","duration":24.8898,"method":"GET","url":"/api/rastreamento/estatisticas","status":404}
{"timestamp":"2025-11-05T20:07:01.190Z","requestId":"f8696708-3887-46c5-a679-71cf5b1c6729","operation":"http_request","duration":11.456,"method":"GET","url":"/assets/images/icon-192.svg","status":200}
{"timestamp":"2025-11-05T20:07:01.194Z","requestId":"8280a4b0-0643-4125-869e-b9454cf67cf7","operation":"http_request","duration":8.0274,"method":"GET","url":"/assets/images/icon-512.png","status":200}
{"timestamp":"2025-11-05T20:07:03.067Z","requestId":"77fa2545-c3d9-46d5-9393-2be8428ac6e0","operation":"http_request","duration":5.2485,"method":"GET","url":"/index.html","status":200}
{"timestamp":"2025-11-05T20:07:03.098Z","requestId":"260148d2-b480-4414-bbc9-c006dd06a1c9","operation":"http_request","duration":3.6766,"method":"GET","url":"/assets/css/bundle.min.css","status":200}
{"timestamp":"2025-11-05T20:07:03.109Z","requestId":"c0f4a55d-f317-40b1-b963-95328f3c25ff","operation":"http_request","duration":9.7005,"method":"GET","url":"/assets/images/mulher%20andando%20na%20cidade.jpg","status":200}
{"timestamp":"2025-11-05T20:07:03.111Z","requestId":"34c14555-6b99-43f9-bb1a-6e36f919ab41","operation":"http_request","duration":10.3096,"method":"GET","url":"/assets/js/core/app.js","status":200}
{"timestamp":"2025-11-05T20:07:03.114Z","requestId":"8cb077dd-642c-4853-9083-98d027b7e1ea","operation":"http_request","duration":12.5811,"method":"GET","url":"/assets/css/core/button-fix.css","status":200}
{"timestamp":"2025-11-05T20:07:03.119Z","requestId":"ea98e09e-498f-4451-b97c-908884dd0dbe","operation":"http_request","duration":13.8085,"method":"GET","url":"/assets/images/logo.png","status":200}
{"timestamp":"2025-11-05T20:07:03.121Z","requestId":"d22c8d4a-f62f-4d60-b277-c818890d68b4","operation":"http_request","duration":14.5848,"method":"GET","url":"/assets/js/core/page-detector.js","status":200}
{"timestamp":"2025-11-05T20:07:03.139Z","requestId":"5957136b-0494-4000-b1ac-e144581a786d","operation":"http_request","duration":4.424,"method":"GET","url":"/assets/js/bundle.min.js","status":200}
{"timestamp":"2025-11-05T20:07:03.142Z","requestId":"6c66ee87-6ee1-484b-b5ef-a31a1182e883","operation":"http_request","duration":4.8539,"method":"GET","url":"/assets/js/animations/animacoes-index.js","status":200}
{"timestamp":"2025-11-05T20:07:03.163Z","requestId":"fd779f1f-4e64-4f4b-9e3c-1326d352e773","operation":"http_request","duration":11.8043,"method":"GET","url":"/assets/images/crian%C3%A7as.png","status":200}
{"timestamp":"2025-11-05T20:07:03.167Z","requestId":"63827435-7ef5-41bf-ae27-5545bdaf2f62","operation":"http_request","duration":10.8782,"method":"GET","url":"/assets/images/transporte-executivo-de-pessoas-preco.png","status":200}
{"timestamp":"2025-11-05T20:07:03.170Z","requestId":"336167f4-15ae-4537-a104-b8b31f7dc098","operation":"http_request","duration":15.5155,"method":"GET","url":"/assets/images/transporte-turismo-viagem-rodoviaria-e-conceito-de-pessoas-grupo-de-passageiros-felizes.png","status":200}
{"timestamp":"2025-11-05T20:07:03.172Z","requestId":"79b609be-c082-45bc-8b5e-d2a4a1abbf01","operation":"http_request","duration":14.917,"method":"GET","url":"/assets/images/guns2.jpg","status":200}
{"timestamp":"2025-11-05T20:07:03.205Z","requestId":"38f601c5-2d88-4f98-85b0-b3226d8b947a","operation":"http_request","duration":10.3836,"method":"GET","url":"/api/rastreamento/viagem-ativa","status":404}
{"timestamp":"2025-11-05T20:07:03.208Z","requestId":"5a267c7e-4b04-4ddb-a550-3afa749175ff","operation":"http_request","duration":9.292,"method":"GET","url":"/api/rastreamento/estatisticas","status":404}
{"timestamp":"2025-11-05T20:07:03.217Z","requestId":"8c2c0953-cd33-456a-8607-2f1dd1b8d130","operation":"http_request","duration":6.0176,"method":"GET","url":"/manifest.json","status":200}
{"timestamp":"2025-11-05T20:07:03.223Z","requestId":"5cd2ae90-b360-4a19-9005-10f4493c2062","operation":"http_request","duration":9.853,"method":"GET","url":"/assets/images/favicon.ico","status":200}
{"timestamp":"2025-11-05T20:07:03.237Z","requestId":"fbaf2e13-1661-4ca9-9e35-5c6248cff82f","operation":"http_request","duration":5.081,"method":"GET","url":"/assets/images/icon-192.svg","status":200}
{"timestamp":"2025-11-05T20:07:03.239Z","requestId":"95058644-1cd2-4b50-ba59-5d8242e1f02c","operation":"http_request","duration":4.9373,"method":"GET","url":"/assets/images/icon-512.png","status":200}
{"timestamp":"2025-11-05T20:07:06.016Z","requestId":"19794980-074b-4e6f-a204-fe8e3a7696f9","operation":"http_request","duration":3.5312,"method":"GET","url":"/index.html","status":200}
{"timestamp":"2025-11-05T20:07:06.038Z","requestId":"63b7e57e-9347-49ff-883e-062d159a3807","operation":"http_request","duration":2.058,"method":"GET","url":"/assets/css/bundle.min.css","status":200}
{"timestamp":"2025-11-05T20:07:06.050Z","requestId":"61818ac5-aa44-4263-a194-cc7fed3bb095","operation":"http_request","duration":10.4099,"method":"GET","url":"/assets/css/core/button-fix.css","status":200}
{"timestamp":"2025-11-05T20:07:06.052Z","requestId":"51bc0b74-547d-46c1-a468-89a1f46e1ddf","operation":"http_request","duration":10.5199,"method":"GET","url":"/assets/images/mulher%20andando%20na%20cidade.jpg","status":200}
{"timestamp":"2025-11-05T20:07:06.053Z","requestId":"c5ebae6a-c40b-4d88-9172-ff4ef87a80a9","operation":"http_request","duration":11.3448,"method":"GET","url":"/assets/js/core/app.js","status":200}
{"timestamp":"2025-11-05T20:07:06.056Z","requestId":"01ee9270-0027-4451-b8b4-dc1d9b1b4955","operation":"http_request","duration":10.2006,"method":"GET","url":"/assets/images/logo.png","status":200}
{"timestamp":"2025-11-05T20:07:06.057Z","requestId":"0d24477d-75fb-49d8-92f6-7f42326f5844","operation":"http_request","duration":9.9517,"method":"GET","url":"/assets/js/core/page-detector.js","status":200}
{"timestamp":"2025-11-05T20:07:06.074Z","requestId":"f6daa090-f737-4df6-a7c2-b68eba7fc1a4","operation":"http_request","duration":5.0954,"method":"GET","url":"/assets/js/bundle.min.js","status":200}
{"timestamp":"2025-11-05T20:07:06.076Z","requestId":"16553bfd-802c-433c-9f02-fc7747a2c239","operation":"http_request","duration":5.6069,"method":"GET","url":"/assets/js/animations/animacoes-index.js","status":200}
{"timestamp":"2025-11-05T20:07:06.111Z","requestId":"1a164820-4773-47cc-9bb6-8b68f6d0c6ff","operation":"http_request","duration":16.629,"method":"GET","url":"/assets/images/crian%C3%A7as.png","status":200}
{"timestamp":"2025-11-05T20:07:06.114Z","requestId":"1e75f7f0-3f69-4083-a258-f42eb6f2ccb3","operation":"http_request","duration":17.4101,"method":"GET","url":"/assets/images/transporte-turismo-viagem-rodoviaria-e-conceito-de-pessoas-grupo-de-passageiros-felizes.png","status":200}
{"timestamp":"2025-11-05T20:07:06.118Z","requestId":"3fdcc833-1389-4a19-a351-81fc4d46c5a9","operation":"http_request","duration":18.6363,"method":"GET","url":"/assets/images/transporte-executivo-de-pessoas-preco.png","status":200}
{"timestamp":"2025-11-05T20:07:06.120Z","requestId":"7efe57ec-9d8e-4ccf-8794-66439ec05694","operation":"http_request","duration":18.1979,"method":"GET","url":"/assets/images/guns2.jpg","status":200}
{"timestamp":"2025-11-05T20:07:06.129Z","requestId":"dab3fd4e-3c9d-44a1-832d-19c26deb26b3","operation":"http_request","duration":23.9128,"method":"GET","url":"/api/rastreamento/viagem-ativa","status":404}
{"timestamp":"2025-11-05T20:07:06.133Z","requestId":"26c149a3-914b-41c3-b26f-ddbc4b553baa","operation":"http_request","duration":25.9486,"method":"GET","url":"/api/rastreamento/estatisticas","status":404}
{"timestamp":"2025-11-05T20:07:06.145Z","requestId":"4523f226-6e76-4244-ad8e-df8a213ae28f","operation":"http_request","duration":8.2481,"method":"GET","url":"/assets/images/favicon.ico","status":200}
{"timestamp":"2025-11-05T20:07:06.149Z","requestId":"fce0733f-02e0-46b5-900d-24e67ba983ac","operation":"http_request","duration":8.9249,"method":"GET","url":"/manifest.json","status":200}
{"timestamp":"2025-11-05T20:07:06.159Z","requestId":"98b000f7-8352-48da-a45a-fb856dcd4d7e","operation":"http_request","duration":3.5752,"method":"GET","url":"/assets/images/icon-512.png","status":200}
{"timestamp":"2025-11-05T20:07:06.162Z","requestId":"c1d09073-d5c3-4e18-85d9-1a759b179c92","operation":"http_request","duration":5.6532,"method":"GET","url":"/assets/images/icon-192.svg","status":200}
{"timestamp":"2025-11-05T20:07:08.639Z","requestId":"ccc48673-d9d8-422b-beaf-7e78b5057187","operation":"http_request","duration":2.2274,"method":"GET","url":"/index.html","status":200}
{"timestamp":"2025-11-05T20:07:08.671Z","requestId":"9f2b3dde-4997-49d1-a286-4f212d9b7441","operation":"http_request","duration":11.2894,"method":"GET","url":"/assets/css/bundle.min.css","status":200}
{"timestamp":"2025-11-05T20:07:08.673Z","requestId":"1ef7735d-d319-4412-b50c-bef2c7d05079","operation":"http_request","duration":11.2871,"method":"GET","url":"/assets/css/core/button-fix.css","status":200}
{"timestamp":"2025-11-05T20:07:08.675Z","requestId":"2307e12f-4a6d-4c9a-b0c9-ff025fc41810","operation":"http_request","duration":11.6619,"method":"GET","url":"/assets/images/mulher%20andando%20na%20cidade.jpg","status":200}
{"timestamp":"2025-11-05T20:07:08.677Z","requestId":"b1d5aebb-2579-4452-b15e-d746d40c8999","operation":"http_request","duration":12.4758,"method":"GET","url":"/assets/js/core/app.js","status":200}
{"timestamp":"2025-11-05T20:07:08.679Z","requestId":"43e5107e-78b7-48d8-85d5-6da71c79520b","operation":"http_request","duration":13.7393,"method":"GET","url":"/assets/images/logo.png","status":200}
{"timestamp":"2025-11-05T20:07:08.681Z","requestId":"966e4992-27cd-4d96-bb94-249dd9df8d84","operation":"http_request","duration":13.7707,"method":"GET","url":"/assets/js/core/page-detector.js","status":200}
{"timestamp":"2025-11-05T20:07:08.700Z","requestId":"22196774-1314-458d-a326-8c49f8278832","operation":"http_request","duration":5.4647,"method":"GET","url":"/assets/js/bundle.min.js","status":200}
{"timestamp":"2025-11-05T20:07:08.703Z","requestId":"a7f01bc7-de7a-4cca-b519-77694989c505","operation":"http_request","duration":6.306,"method":"GET","url":"/assets/js/animations/animacoes-index.js","status":200}
{"timestamp":"2025-11-05T20:07:08.734Z","requestId":"fca67c28-7dfc-473b-b361-dda47d3563e8","operation":"http_request","duration":14.9802,"method":"GET","url":"/assets/images/crian%C3%A7as.png","status":200}
{"timestamp":"2025-11-05T20:07:08.736Z","requestId":"830843a3-c919-440c-9beb-9382972093bf","operation":"http_request","duration":13.4106,"method":"GET","url":"/assets/images/transporte-turismo-viagem-rodoviaria-e-conceito-de-pessoas-grupo-de-passageiros-felizes.png","status":200}
{"timestamp":"2025-11-05T20:07:08.738Z","requestId":"5ad6d747-a424-4182-ba32-af43e0207ae2","operation":"http_request","duration":12.9237,"method":"GET","url":"/assets/images/transporte-executivo-de-pessoas-preco.png","status":200}
{"timestamp":"2025-11-05T20:07:08.740Z","requestId":"3c45ca8b-ce1c-4e9f-aa57-efb3602cbdcd","operation":"http_request","duration":12.6762,"method":"GET","url":"/assets/images/guns2.jpg","status":200}
{"timestamp":"2025-11-05T20:07:08.752Z","requestId":"0577e02e-f2a4-4cbf-b7ba-5d728d27e63b","operation":"http_request","duration":22.3383,"method":"GET","url":"/api/rastreamento/viagem-ativa","status":404}
{"timestamp":"2025-11-05T20:07:08.755Z","requestId":"73c77634-9839-4a1e-899f-a8c5fd8e3394","operation":"http_request","duration":23.8904,"method":"GET","url":"/api/rastreamento/estatisticas","status":404}
{"timestamp":"2025-11-05T20:07:08.771Z","requestId":"925504e4-72bd-4ad8-b831-39057644be2d","operation":"http_request","duration":12.3462,"method":"GET","url":"/assets/images/favicon.ico","status":200}
{"timestamp":"2025-11-05T20:07:08.773Z","requestId":"1b441ca0-29cf-447c-a334-d4b6f3faeb5b","operation":"http_request","duration":7.23,"method":"GET","url":"/manifest.json","status":200}
{"timestamp":"2025-11-05T20:07:08.791Z","requestId":"6a2628eb-aef3-4148-a29c-b498b6e2274f","operation":"http_request","duration":6.3154,"method":"GET","url":"/assets/images/icon-512.png","status":200}
{"timestamp":"2025-11-05T20:07:08.796Z","requestId":"bd9bc19d-7e66-4441-90e2-ad03725979cc","operation":"http_request","duration":9.5677,"method":"GET","url":"/assets/images/icon-192.svg","status":200}
{"timestamp":"2025-11-05T20:07:10.864Z","requestId":"0390b72b-d75a-42bc-a964-167d7afb145e","operation":"http_request","duration":2.8586,"method":"GET","url":"/index.html","status":200}
{"timestamp":"2025-11-05T20:07:10.900Z","requestId":"0623c4ef-227c-4b79-8a17-ce0811c404a4","operation":"http_request","duration":13.6967,"method":"GET","url":"/assets/css/bundle.min.css","status":200}
{"timestamp":"2025-11-05T20:07:10.902Z","requestId":"304bbbd3-7561-45a1-90c0-e15d0055991f","operation":"http_request","duration":14.4635,"method":"GET","url":"/assets/css/core/button-fix.css","status":200}
{"timestamp":"2025-11-05T20:07:10.904Z","requestId":"8fba6c56-d80f-4703-aec9-498cb2c2791f","operation":"http_request","duration":14.1601,"method":"GET","url":"/assets/images/mulher%20andando%20na%20cidade.jpg","status":200}
{"timestamp":"2025-11-05T20:07:10.906Z","requestId":"f525384d-28a3-43f6-bed3-517428390969","operation":"http_request","duration":14.4436,"method":"GET","url":"/assets/js/core/app.js","status":200}
{"timestamp":"2025-11-05T20:07:10.907Z","requestId":"bdcb2614-d19a-4ac4-8909-22075fc690c7","operation":"http_request","duration":13.7056,"method":"GET","url":"/assets/images/logo.png","status":200}
{"timestamp":"2025-11-05T20:07:10.908Z","requestId":"8fe65814-5a93-4fbe-b742-bbfe288218e8","operation":"http_request","duration":12.2879,"method":"GET","url":"/assets/js/core/page-detector.js","status":200}
{"timestamp":"2025-11-05T20:07:10.930Z","requestId":"ad86152d-73af-4318-8978-312cfc8305a8","operation":"http_request","duration":8.7274,"method":"GET","url":"/assets/js/bundle.min.js","status":200}
{"timestamp":"2025-11-05T20:07:10.932Z","requestId":"ca0b5b38-f516-4fa9-bd54-222d38d0f458","operation":"http_request","duration":10.4545,"method":"GET","url":"/assets/js/animations/animacoes-index.js","status":200}
{"timestamp":"2025-11-05T20:07:10.973Z","requestId":"c3dac644-338f-4b10-95b2-caf8049be4fd","operation":"http_request","duration":16.2467,"method":"GET","url":"/assets/images/crian%C3%A7as.png","status":200}
{"timestamp":"2025-11-05T20:07:10.976Z","requestId":"2a06ab20-1d5c-4f15-a2d0-d096e8941004","operation":"http_request","duration":16.1861,"method":"GET","url":"/assets/images/transporte-turismo-viagem-rodoviaria-e-conceito-de-pessoas-grupo-de-passageiros-felizes.png","status":200}
{"timestamp":"2025-11-05T20:07:10.980Z","requestId":"e5a2131d-9ba6-4d4f-9211-057bb3f8a51a","operation":"http_request","duration":16.6005,"method":"GET","url":"/assets/images/transporte-executivo-de-pessoas-preco.png","status":200}
{"timestamp":"2025-11-05T20:07:10.983Z","requestId":"fcede422-c0e6-4f56-a742-4e892be8b5ef","operation":"http_request","duration":16.4637,"method":"GET","url":"/assets/images/guns2.jpg","status":200}
{"timestamp":"2025-11-05T20:07:10.991Z","requestId":"59dadd58-2221-44d0-abc9-2a492c2b29eb","operation":"http_request","duration":22.2038,"method":"GET","url":"/api/rastreamento/viagem-ativa","status":404}
{"timestamp":"2025-11-05T20:07:10.996Z","requestId":"9f5b704f-90ce-4f31-a7a7-690484ba1c4b","operation":"http_request","duration":26.2261,"method":"GET","url":"/api/rastreamento/estatisticas","status":404}
{"timestamp":"2025-11-05T20:07:11.005Z","requestId":"00e39a3b-1cd5-4c19-adfd-6553066525a6","operation":"http_request","duration":5.9549,"method":"GET","url":"/assets/images/favicon.ico","status":200}
{"timestamp":"2025-11-05T20:07:11.009Z","requestId":"ee372d3a-8d9d-4ba9-ad5c-f6abb5381578","operation":"http_request","duration":7.7412,"method":"GET","url":"/manifest.json","status":200}
{"timestamp":"2025-11-05T20:07:11.032Z","requestId":"cb0dff1f-a689-493f-9b38-661d7328dee5","operation":"http_request","duration":5.2835,"method":"GET","url":"/assets/images/icon-192.svg","status":200}
{"timestamp":"2025-11-05T20:07:11.035Z","requestId":"c368590d-d5be-41c1-91a0-a569f58562c4","operation":"http_request","duration":10.3448,"method":"GET","url":"/assets/images/icon-512.png","status":200}
{"timestamp":"2025-11-05T20:07:13.050Z","requestId":"04b6662a-24e8-41d2-a95e-0e5ba9a7ff92","operation":"http_request","duration":1.9538,"method":"GET","url":"/index.html","status":200}
{"timestamp":"2025-11-05T20:07:13.082Z","requestId":"af7707b3-df4b-4d06-ac8d-123cb4e0bc7d","operation":"http_request","duration":11.8518,"method":"GET","url":"/assets/css/bundle.min.css","status":200}
{"timestamp":"2025-11-05T20:07:13.085Z","requestId":"220a4195-ad6e-427a-be7a-8afa96355f64","operation":"http_request","duration":13.334,"method":"GET","url":"/assets/css/core/button-fix.css","status":200}
{"timestamp":"2025-11-05T20:07:13.086Z","requestId":"bdc8bd1a-9a2c-4638-9d27-ec526f1b24bf","operation":"http_request","duration":13.6979,"method":"GET","url":"/assets/images/mulher%20andando%20na%20cidade.jpg","status":200}
{"timestamp":"2025-11-05T20:07:13.088Z","requestId":"a4820c67-c319-4762-8926-6d3b411de181","operation":"http_request","duration":14.1047,"method":"GET","url":"/assets/js/core/app.js","status":200}
{"timestamp":"2025-11-05T20:07:13.090Z","requestId":"76d34cc7-2d6e-4481-929c-c7058378bc99","operation":"http_request","duration":13.315,"method":"GET","url":"/assets/images/logo.png","status":200}
{"timestamp":"2025-11-05T20:07:13.092Z","requestId":"7485116d-e903-4e83-8976-35ce94056d82","operation":"http_request","duration":13.4239,"method":"GET","url":"/assets/js/core/page-detector.js","status":200}
{"timestamp":"2025-11-05T20:07:13.122Z","requestId":"dbe12c09-c5a0-43ce-9c8a-bf8ee26c4357","operation":"http_request","duration":7.5989,"method":"GET","url":"/assets/js/bundle.min.js","status":200}
{"timestamp":"2025-11-05T20:07:13.127Z","requestId":"49993d4f-bde6-4d88-b78f-dd56b912769f","operation":"http_request","duration":9.9553,"method":"GET","url":"/assets/js/animations/animacoes-index.js","status":200}
{"timestamp":"2025-11-05T20:07:13.158Z","requestId":"5828e12d-6724-4105-9cbc-7d464a25efee","operation":"http_request","duration":14.9517,"method":"GET","url":"/assets/images/crian%C3%A7as.png","status":200}
{"timestamp":"2025-11-05T20:07:13.162Z","requestId":"52d987e7-cbfc-4459-98bf-142b182d97b9","operation":"http_request","duration":15.2038,"method":"GET","url":"/assets/images/transporte-turismo-viagem-rodoviaria-e-conceito-de-pessoas-grupo-de-passageiros-felizes.png","status":200}
{"timestamp":"2025-11-05T20:07:13.167Z","requestId":"3feb7bd5-ca6e-4ff0-a350-03d37d712607","operation":"http_request","duration":15.7893,"method":"GET","url":"/assets/images/transporte-executivo-de-pessoas-preco.png","status":200}
{"timestamp":"2025-11-05T20:07:13.170Z","requestId":"62a4265b-7873-4fe2-b277-f0f8b600c0d5","operation":"http_request","duration":16.5743,"method":"GET","url":"/assets/images/guns2.jpg","status":200}
{"timestamp":"2025-11-05T20:07:13.195Z","requestId":"2b88e8c8-7266-4a7d-bd6d-1377364ca58d","operation":"http_request","duration":12.6584,"method":"GET","url":"/assets/images/favicon.ico","status":200}
{"timestamp":"2025-11-05T20:07:13.201Z","requestId":"d050dab4-85f7-42c5-8983-662c04e6642e","operation":"http_request","duration":12.9573,"method":"GET","url":"/manifest.json","status":200}
{"timestamp":"2025-11-05T20:07:13.205Z","requestId":"18e6ca77-6b0a-4de8-bfb4-2e28798da65c","operation":"http_request","duration":29.5593,"method":"GET","url":"/api/rastreamento/viagem-ativa","status":404}
{"timestamp":"2025-11-05T20:07:13.206Z","requestId":"f37b411a-1f6e-46b3-a502-3732f8bc1ca4","operation":"http_request","duration":28.4531,"method":"GET","url":"/api/rastreamento/estatisticas","status":404}
{"timestamp":"2025-11-05T20:07:13.223Z","requestId":"d5c62879-64ba-47bd-8233-63424eb6227f","operation":"http_request","duration":3.9163,"method":"GET","url":"/assets/images/icon-512.png","status":200}
{"timestamp":"2025-11-05T20:07:13.225Z","requestId":"eb3f0ad8-9ec3-4126-a181-e6cc109d2ea6","operation":"http_request","duration":3.8449,"method":"GET","url":"/assets/images/icon-192.svg","status":200}
{"timestamp":"2025-11-05T20:07:14.978Z","requestId":"03d4c325-3785-4fb3-a21d-b6d2b7e6dc8a","operation":"http_request","duration":5.9932,"method":"GET","url":"/index.html","status":200}
{"timestamp":"2025-11-05T20:07:15.010Z","requestId":"dfe5a6ec-9aaf-42a4-bc1f-3bf1656fdc0e","operation":"http_request","duration":9.5268,"method":"GET","url":"/assets/css/core/button-fix.css","status":200}
{"timestamp":"2025-11-05T20:07:15.013Z","requestId":"9fc81f6e-6357-4c0d-a373-bfd39f8def43","operation":"http_request","duration":14.3769,"method":"GET","url":"/assets/css/bundle.min.css","status":200}
{"timestamp":"2025-11-05T20:07:15.016Z","requestId":"cce70a49-7ee2-40c8-a56f-457513ab7efc","operation":"http_request","duration":13.0613,"method":"GET","url":"/assets/images/mulher%20andando%20na%20cidade.jpg","status":200}
{"timestamp":"2025-11-05T20:07:15.017Z","requestId":"c96c9900-b04e-4cfa-8530-5260c92f746f","operation":"http_request","duration":11.6121,"method":"GET","url":"/assets/images/logo.png","status":200}
{"timestamp":"2025-11-05T20:07:15.019Z","requestId":"a6c2b3a3-305c-4a8f-b820-62701346a4ee","operation":"http_request","duration":14.993,"method":"GET","url":"/assets/js/core/app.js","status":200}
{"timestamp":"2025-11-05T20:07:15.021Z","requestId":"fbb6ce98-665c-4304-b37a-053af82987a5","operation":"http_request","duration":14.5441,"method":"GET","url":"/assets/js/core/page-detector.js","status":200}
{"timestamp":"2025-11-05T20:07:15.054Z","requestId":"de934440-624a-4ae9-9ea9-f8b4f63f017c","operation":"http_request","duration":14.1673,"method":"GET","url":"/assets/js/bundle.min.js","status":200}
{"timestamp":"2025-11-05T20:07:15.061Z","requestId":"bdba4234-8c37-4459-b09e-14eb70f67592","operation":"http_request","duration":16.2935,"method":"GET","url":"/assets/js/animations/animacoes-index.js","status":200}
{"timestamp":"2025-11-05T20:07:15.102Z","requestId":"5b46ea90-2533-4a9d-9f6a-5b0cc2c5ac75","operation":"http_request","duration":14.1828,"method":"GET","url":"/assets/images/crian%C3%A7as.png","status":200}
{"timestamp":"2025-11-05T20:07:15.103Z","requestId":"a52a6831-47eb-4e6d-860d-281404a6cdfb","operation":"http_request","duration":12.2571,"method":"GET","url":"/assets/images/transporte-turismo-viagem-rodoviaria-e-conceito-de-pessoas-grupo-de-passageiros-felizes.png","status":200}
{"timestamp":"2025-11-05T20:07:15.105Z","requestId":"29ce45b1-0857-4347-8f1b-d93db79b9b4a","operation":"http_request","duration":10.3032,"method":"GET","url":"/assets/images/transporte-executivo-de-pessoas-preco.png","status":200}
{"timestamp":"2025-11-05T20:07:15.107Z","requestId":"ab895f99-d385-4a1f-9ae7-cf31fe121681","operation":"http_request","duration":10.4438,"method":"GET","url":"/assets/images/guns2.jpg","status":200}
{"timestamp":"2025-11-05T20:07:15.116Z","requestId":"339dc318-8faf-4fb1-b728-6d7cd88c1c4c","operation":"http_request","duration":16.03,"method":"GET","url":"/api/rastreamento/estatisticas","status":404}
{"timestamp":"2025-11-05T20:07:15.118Z","requestId":"c4dfbf5f-f0b9-4a63-9a37-a3b7b1c87e61","operation":"http_request","duration":19.6305,"method":"GET","url":"/api/rastreamento/viagem-ativa","status":404}
{"timestamp":"2025-11-05T20:07:15.131Z","requestId":"72fad511-5d28-49cd-9c55-5a90f91ef15d","operation":"http_request","duration":9.731,"method":"GET","url":"/assets/images/favicon.ico","status":200}
{"timestamp":"2025-11-05T20:07:15.134Z","requestId":"1d47aa49-6369-4458-87e9-3cb0a297921f","operation":"http_request","duration":9.6954,"method":"GET","url":"/manifest.json","status":200}
{"timestamp":"2025-11-05T20:07:15.145Z","requestId":"16f2db38-0124-414b-8971-bbc12b90dc86","operation":"http_request","duration":4.273,"method":"GET","url":"/assets/images/icon-192.svg","status":200}
{"timestamp":"2025-11-05T20:07:15.150Z","requestId":"c45cd9a1-c124-4d70-a581-5860f481bf16","operation":"http_request","duration":10.2279,"method":"GET","url":"/assets/images/icon-512.png","status":200}
{"timestamp":"2025-11-05T20:07:17.135Z","requestId":"033211b7-b3cd-4c02-9d09-2805828eebb0","operation":"http_request","duration":2.4858,"method":"GET","url":"/index.html","status":200}
{"timestamp":"2025-11-05T20:07:17.169Z","requestId":"91468379-2943-41ca-bc1f-e7fc00d0d1d6","operation":"http_request","duration":12.9443,"method":"GET","url":"/assets/css/bundle.min.css","status":200}
{"timestamp":"2025-11-05T20:07:17.172Z","requestId":"ffe8e45b-3cd1-419c-b007-116746bfa888","operation":"http_request","duration":13.9,"method":"GET","url":"/assets/css/core/button-fix.css","status":200}
{"timestamp":"2025-11-05T20:07:17.177Z","requestId":"769bb57e-0545-4a35-bc8c-b8ac0eb6ed67","operation":"http_request","duration":15.9323,"method":"GET","url":"/assets/images/mulher%20andando%20na%20cidade.jpg","status":200}
{"timestamp":"2025-11-05T20:07:17.180Z","requestId":"e5d33c7c-6728-4c7b-8ebb-d0f60ff4da26","operation":"http_request","duration":14.6831,"method":"GET","url":"/assets/images/logo.png","status":200}
{"timestamp":"2025-11-05T20:07:17.182Z","requestId":"32fed3da-34db-44ea-b1c2-5bbd448e036d","operation":"http_request","duration":15.4843,"method":"GET","url":"/assets/js/core/page-detector.js","status":200}
{"timestamp":"2025-11-05T20:07:17.184Z","requestId":"0c93a49c-ca1a-4d21-a62e-216d40866482","operation":"http_request","duration":21.0294,"method":"GET","url":"/assets/js/core/app.js","status":200}
{"timestamp":"2025-11-05T20:07:17.209Z","requestId":"4557e2d9-c245-41b8-8f95-3d375dd4f202","operation":"http_request","duration":6.0691,"method":"GET","url":"/assets/js/bundle.min.js","status":200}
{"timestamp":"2025-11-05T20:07:17.218Z","requestId":"7953a5d6-0fe5-4e81-ad5c-14f26ded9951","operation":"http_request","duration":12.5488,"method":"GET","url":"/assets/js/animations/animacoes-index.js","status":200}
{"timestamp":"2025-11-05T20:07:17.259Z","requestId":"8909dacd-7756-4fab-88e8-2be73e8f55e1","operation":"http_request","duration":16.555,"method":"GET","url":"/assets/images/crian%C3%A7as.png","status":200}
{"timestamp":"2025-11-05T20:07:17.262Z","requestId":"ef71c9c0-a8cd-4b3b-8535-990acd3baea9","operation":"http_request","duration":17.6008,"method":"GET","url":"/assets/images/transporte-turismo-viagem-rodoviaria-e-conceito-de-pessoas-grupo-de-passageiros-felizes.png","status":200}
{"timestamp":"2025-11-05T20:07:17.265Z","requestId":"a4e896ed-3854-4767-840a-53ace093a87e","operation":"http_request","duration":16.7886,"method":"GET","url":"/assets/images/transporte-executivo-de-pessoas-preco.png","status":200}
{"timestamp":"2025-11-05T20:07:17.266Z","requestId":"73b30c13-9de1-40b6-9d42-00c5d053a6f4","operation":"http_request","duration":16.0812,"method":"GET","url":"/assets/images/guns2.jpg","status":200}
{"timestamp":"2025-11-05T20:07:17.276Z","requestId":"7dd85917-9d42-4a47-96ce-75d53de70689","operation":"http_request","duration":21.0266,"method":"GET","url":"/api/rastreamento/estatisticas","status":404}
{"timestamp":"2025-11-05T20:07:17.281Z","requestId":"c2c68ecf-1261-4a7d-8d35-32e34e4b2832","operation":"http_request","duration":27.9327,"method":"GET","url":"/api/rastreamento/viagem-ativa","status":404}
{"timestamp":"2025-11-05T20:07:17.294Z","requestId":"60c42bee-e8de-4549-8766-3be602f303eb","operation":"http_request","duration":9.0607,"method":"GET","url":"/assets/images/favicon.ico","status":200}
{"timestamp":"2025-11-05T20:07:17.297Z","requestId":"6188ec79-1742-4be8-9083-b25f2ec6ce2a","operation":"http_request","duration":9.8269,"method":"GET","url":"/manifest.json","status":200}
{"timestamp":"2025-11-05T20:07:17.310Z","requestId":"ac1a9251-dc93-4b00-b7b8-6ee4c5a216fb","operation":"http_request","duration":5.5419,"method":"GET","url":"/assets/images/icon-512.png","status":200}
{"timestamp":"2025-11-05T20:07:17.312Z","requestId":"89695a38-3fb1-4294-92a2-a039bd898944","operation":"http_request","duration":5.9553,"method":"GET","url":"/assets/images/icon-192.svg","status":200}
{"timestamp":"2025-11-05T20:08:39.342Z","requestId":"b6ffba58-6427-46cf-9d0e-a67318b6091f","operation":"http_request","duration":1.946,"method":"GET","url":"/contato.html","status":200}
{"timestamp":"2025-11-05T20:08:39.377Z","requestId":"b48adf1d-cf5a-457b-971e-aff8f883a9b2","operation":"http_request","duration":2.7225,"method":"GET","url":"/assets/css/bundle.min.css","status":200}
{"timestamp":"2025-11-05T20:08:39.400Z","requestId":"9062ee89-0671-4ca1-b16a-8c3ccf74c7f1","operation":"http_request","duration":17.8456,"method":"GET","url":"/assets/js/core/app.js","status":200}
{"timestamp":"2025-11-05T20:08:39.402Z","requestId":"a8464e2e-007a-4981-81c1-43dd75ac040e","operation":"http_request","duration":17.514,"method":"GET","url":"/assets/css/core/button-fix.css","status":200}
{"timestamp":"2025-11-05T20:08:39.405Z","requestId":"f50fa30b-1492-4f1b-9b30-cbb5aaa07e1a","operation":"http_request","duration":16.4457,"method":"GET","url":"/assets/images/logo.png","status":200}
{"timestamp":"2025-11-05T20:08:39.408Z","requestId":"8c377bc0-86c6-4cb3-b0cc-2e5f8b2c2497","operation":"http_request","duration":16.6606,"method":"GET","url":"/assets/js/bundle.min.js","status":200}
{"timestamp":"2025-11-05T20:08:39.410Z","requestId":"1222ec68-f680-49e9-93d9-f22f1b424265","operation":"http_request","duration":17.4198,"method":"GET","url":"/assets/js/animations/animacoes-index.js","status":200}
{"timestamp":"2025-11-05T20:08:39.473Z","requestId":"1a074ffd-a8bf-4792-ade4-fd558e1f81a4","operation":"http_request","duration":15.4578,"method":"GET","url":"/assets/images/face.png","status":200}
{"timestamp":"2025-11-05T20:08:39.479Z","requestId":"57cf181b-de39-4395-a402-c320c7142783","operation":"http_request","duration":17.8214,"method":"GET","url":"/assets/images/insta.png","status":200}
{"timestamp":"2025-11-05T20:08:39.482Z","requestId":"8a8f5b7a-7c85-4fe2-ae7f-9984b7e547b6","operation":"http_request","duration":16.3462,"method":"GET","url":"/assets/images/linkedin.png","status":200}
{"timestamp":"2025-11-05T20:08:39.512Z","requestId":"d3c52d42-a3e5-49d4-9b44-7fdd9187ecfc","operation":"http_request","duration":16.838,"method":"GET","url":"/manifest.json","status":200}
{"timestamp":"2025-11-05T20:08:39.517Z","requestId":"0a5b0689-92c0-4cb7-a925-d1d7f8a63d12","operation":"http_request","duration":14.3658,"method":"GET","url":"/assets/images/favicon.ico","status":200}
{"timestamp":"2025-11-05T20:08:39.524Z","requestId":"3902c812-c8c0-436d-b01d-1bfca1ebb800","operation":"http_request","duration":35.936,"method":"GET","url":"/api/rastreamento/viagem-ativa","status":404}
{"timestamp":"2025-11-05T20:08:39.526Z","requestId":"050a74e3-8c9d-46f8-8c8d-48f761d0ed73","operation":"http_request","duration":35.4365,"method":"GET","url":"/api/rastreamento/estatisticas","status":404}
{"timestamp":"2025-11-05T20:08:39.552Z","requestId":"b53f8083-9497-47ec-84d3-963a53ff7be4","operation":"http_request","duration":12.6706,"method":"GET","url":"/assets/images/icon-192.svg","status":200}
{"timestamp":"2025-11-05T20:08:39.560Z","requestId":"32f6ac1b-e7e5-467c-a0cc-4a3d85f1de8c","operation":"http_request","duration":16.6615,"method":"GET","url":"/assets/images/icon-512.png","status":200}
{"timestamp":"2025-11-05T20:08:41.684Z","requestId":"2175f3fc-aa47-4efc-b3f9-79eeee493a25","operation":"http_request","duration":7.3835,"method":"GET","url":"/encontrar-transporte.html","status":200}
{"timestamp":"2025-11-05T20:08:41.733Z","requestId":"a0255dd1-566b-43f2-9084-71dd75353070","operation":"http_request","duration":3.7614,"method":"GET","url":"/assets/css/bundle.min.css","status":200}
{"timestamp":"2025-11-05T20:08:41.752Z","requestId":"f17a7f5b-117f-4752-bd15-2dd7adcb74df","operation":"http_request","duration":16.2427,"method":"GET","url":"/assets/css/core/button-fix.css","status":200}
{"timestamp":"2025-11-05T20:08:41.758Z","requestId":"f8c6ad7a-123d-4cdf-951d-965d2a0d21af","operation":"http_request","duration":13.9828,"method":"GET","url":"/assets/css/encontrar-transporte.css","status":200}
{"timestamp":"2025-11-05T20:08:41.765Z","requestId":"226489a8-e051-4ba1-9390-c39435f719ec","operation":"http_request","duration":27.2342,"method":"GET","url":"/assets/css/core/color-fix.css","status":404}
{"timestamp":"2025-11-05T20:08:41.767Z","requestId":"1c0fdc09-7e53-41f3-bbd2-815a0c9e2172","operation":"http_request","duration":26.8815,"method":"GET","url":"/assets/css/core/force-visibility.css","status":404}
{"timestamp":"2025-11-05T20:08:41.769Z","requestId":"0b29d050-e099-4f33-a5e0-a6802a94e431","operation":"http_request","duration":27.5708,"method":"GET","url":"/assets/css/core/emergency-fix.css","status":404}
{"timestamp":"2025-11-05T20:08:41.785Z","requestId":"f1bd5660-3a36-4c3f-8deb-addf3c537b88","operation":"http_request","duration":13.7376,"method":"GET","url":"/assets/libs/leaflet/leaflet.css","status":200}
{"timestamp":"2025-11-05T20:08:41.788Z","requestId":"8ff4db24-d81c-44e6-aec2-9aa764a52f46","operation":"http_request","duration":14.6755,"method":"GET","url":"/assets/libs/leaflet/leaflet.js","status":200}
{"timestamp":"2025-11-05T20:08:41.791Z","requestId":"a36651ed-4853-409d-b7f3-0832f1d973d0","operation":"http_request","duration":16.4276,"method":"GET","url":"/assets/images/logo.png","status":200}
{"timestamp":"2025-11-05T20:08:41.794Z","requestId":"9e45c8c8-bf8f-4b0f-a512-7931a9e84fb0","operation":"http_request","duration":13.4661,"method":"GET","url":"/assets/images/face.png","status":200}
{"timestamp":"2025-11-05T20:08:41.798Z","requestId":"0a58384c-43dc-45e8-aae8-54b146e8e718","operation":"http_request","duration":8.4967,"method":"GET","url":"/assets/css/core/variables.css","status":200}
{"timestamp":"2025-11-05T20:08:41.844Z","requestId":"12ffd584-a459-405a-a765-c5b3d9d1d9bc","operation":"http_request","duration":14.8347,"method":"GET","url":"/assets/images/insta.png","status":200}
{"timestamp":"2025-11-05T20:08:41.847Z","requestId":"73864f43-05f5-4d43-94c0-8e2d05ad6aeb","operation":"http_request","duration":13.6427,"method":"GET","url":"/assets/images/linkedin.png","status":200}
{"timestamp":"2025-11-05T20:08:41.851Z","requestId":"9b078a26-ce27-416b-b08e-6f257cecec21","operation":"http_request","duration":13.0174,"method":"GET","url":"/assets/js/bundle.min.js","status":200}
{"timestamp":"2025-11-05T20:08:41.855Z","requestId":"24ae799f-d6c1-4448-a3fa-d37e2c29f3cc","operation":"http_request","duration":15.3596,"method":"GET","url":"/assets/js/google-maps-integration.js","status":404}
{"timestamp":"2025-11-05T20:08:41.857Z","requestId":"cb7eca55-b2f1-44dc-ad93-647075f11d33","operation":"http_request","duration":15.1547,"method":"GET","url":"/assets/js/encontrar-transporte.js","status":404}
{"timestamp":"2025-11-05T20:08:41.934Z","requestId":"3afe3210-294f-41b8-b2a0-a42b3a16c490","operation":"http_request","duration":9.4531,"method":"GET","url":"/api/rastreamento/viagem-ativa","status":404}
{"timestamp":"2025-11-05T20:08:41.938Z","requestId":"56c2c070-ca61-49d4-b373-43a42a7b068f","operation":"http_request","duration":11.4424,"method":"GET","url":"/api/rastreamento/estatisticas","status":404}
{"timestamp":"2025-11-05T20:08:41.941Z","requestId":"5b86fffb-8985-4712-8e39-a0e86c716649","operation":"http_request","duration":1.6657,"method":"GET","url":"/assets/images/favicon.ico","status":200}
{"timestamp":"2025-11-05T20:08:43.494Z","requestId":"abdb3194-a553-423e-b15f-5a2d1b9f51d1","operation":"http_request","duration":4.0719,"method":"GET","url":"/sobre.html","status":200}
{"timestamp":"2025-11-05T20:08:43.542Z","requestId":"d5c20bdb-4bb7-439f-88b5-5ebf54979fd5","operation":"http_request","duration":15.6839,"method":"GET","url":"/assets/css/bundle.min.css","status":200}
{"timestamp":"2025-11-05T20:08:43.544Z","requestId":"053a9ace-083c-4768-85be-bd5823a7419b","operation":"http_request","duration":15.2148,"method":"GET","url":"/assets/css/core/button-fix.css","status":200}
{"timestamp":"2025-11-05T20:08:43.547Z","requestId":"bf7505d0-6eff-455e-b609-d48260426ca2","operation":"http_request","duration":15.1258,"method":"GET","url":"/assets/images/logo.png","status":200}
{"timestamp":"2025-11-05T20:08:43.549Z","requestId":"8084d3cf-f383-47f3-8393-37e4178e488b","operation":"http_request","duration":13.087,"method":"GET","url":"/assets/js/core/page-detector.js","status":200}
{"timestamp":"2025-11-05T20:08:43.551Z","requestId":"c6560cae-7a8e-45f9-a83d-a8d5366e32f4","operation":"http_request","duration":13.5991,"method":"GET","url":"/assets/js/bundle.min.js","status":200}
{"timestamp":"2025-11-05T20:08:43.554Z","requestId":"afb74a75-ea0e-4fd8-a3dc-4aaf7d9a29c9","operation":"http_request","duration":13.7438,"method":"GET","url":"/assets/js/animations/animacoes-sobre.js","status":200}
{"timestamp":"2025-11-05T20:08:43.579Z","requestId":"34352c04-cdd0-412e-b923-b951aeed1f3c","operation":"http_request","duration":10.3247,"method":"GET","url":"/assets/images/face.png","status":200}
{"timestamp":"2025-11-05T20:08:43.585Z","requestId":"bb90da2a-05df-454b-b52c-4ac2509fece5","operation":"http_request","duration":12.7598,"method":"GET","url":"/assets/images/insta.png","status":200}
{"timestamp":"2025-11-05T20:08:43.587Z","requestId":"1c39e1ec-8862-4b61-ab66-ac40386512c8","operation":"http_request","duration":13.9433,"method":"GET","url":"/assets/images/linkedin.png","status":200}
{"timestamp":"2025-11-05T20:08:43.621Z","requestId":"9805865f-3b0b-4b07-a05d-62a0dfe9e4a8","operation":"http_request","duration":15.3771,"method":"GET","url":"/assets/images/joao-silva.svg","status":200}
{"timestamp":"2025-11-05T20:08:43.624Z","requestId":"7eb93a0b-dbb3-4421-9b04-81489f75990f","operation":"http_request","duration":14.6611,"method":"GET","url":"/assets/images/maria-santos.svg","status":200}
{"timestamp":"2025-11-05T20:08:43.659Z","requestId":"015fdb85-5ada-4f07-968c-5b46f4463ae6","operation":"http_request","duration":17.6835,"method":"GET","url":"/api/rastreamento/estatisticas","status":404}
{"timestamp":"2025-11-05T20:08:43.662Z","requestId":"54b22589-da3e-43c9-ad05-e8c1dc7e4d50","operation":"http_request","duration":22.0987,"method":"GET","url":"/api/rastreamento/viagem-ativa","status":404}
{"timestamp":"2025-11-05T20:08:43.667Z","requestId":"3bd38725-5159-489f-9477-d449db4a5685","operation":"http_request","duration":15.2946,"method":"GET","url":"/assets/images/carlos-oliveira.svg","status":200}
{"timestamp":"2025-11-05T20:08:43.675Z","requestId":"984471b2-8a15-4865-925e-dc257e1151fa","operation":"http_request","duration":10.2446,"method":"GET","url":"/assets/images/ana-costa.svg","status":200}
{"timestamp":"2025-11-05T20:08:45.257Z","requestId":"1b3f56c9-0681-4c0a-ab09-3024527125da","operation":"http_request","duration":3.7254,"method":"GET","url":"/auth/login.html","status":200}
{"timestamp":"2025-11-05T20:08:45.305Z","requestId":"e1605177-165e-4b80-9b51-564e00370969","operation":"http_request","duration":2.2848,"method":"GET","url":"/assets/css/bundle.min.css","status":200}
{"timestamp":"2025-11-05T20:08:45.316Z","requestId":"f3a60f90-651b-4a23-bc4c-c873b57c8e73","operation":"http_request","duration":9.4795,"method":"GET","url":"/assets/css/core/button-fix.css","status":200}
{"timestamp":"2025-11-05T20:08:45.318Z","requestId":"27510f19-f54d-4482-952c-e07e0fb8d538","operation":"http_request","duration":3.7293,"method":"GET","url":"/assets/js/api/mock-api.js","status":200}
{"timestamp":"2025-11-05T20:08:45.321Z","requestId":"666f4fbe-23f7-4c93-8519-a4113cf6b61c","operation":"http_request","duration":9.3157,"method":"GET","url":"/assets/css/components/loading.css","status":200}
{"timestamp":"2025-11-05T20:08:45.326Z","requestId":"3c9de9ec-fbad-4d2a-b69f-cbe76fa15b07","operation":"http_request","duration":18.4374,"method":"GET","url":"/assets/css/core/color-fix.css","status":404}
{"timestamp":"2025-11-05T20:08:45.330Z","requestId":"44e9a14b-0ee8-4ccd-980f-cbe61613e412","operation":"http_request","duration":20.3487,"method":"GET","url":"/assets/css/core/force-visibility.css","status":404}
{"timestamp":"2025-11-05T20:08:45.345Z","requestId":"7d5c3d37-fe68-4731-8e95-2e48cc56ad16","operation":"http_request","duration":9.5801,"method":"GET","url":"/assets/js/core/cache-manager.js","status":200}
{"timestamp":"2025-11-05T20:08:45.348Z","requestId":"45ec4897-7c7c-472f-95b3-c0ade99001e1","operation":"http_request","duration":8.6921,"method":"GET","url":"/assets/js/core/auth-manager.js","status":200}
{"timestamp":"2025-11-05T20:08:45.350Z","requestId":"4c0a31d7-9370-45dd-8189-e617cd945da0","operation":"http_request","duration":12.6409,"method":"GET","url":"/assets/js/core/config.js","status":200}
{"timestamp":"2025-11-05T20:08:45.353Z","requestId":"b224c102-5242-4a19-bf3e-b01033f10238","operation":"http_request","duration":14.2265,"method":"GET","url":"/assets/js/core/routes.js","status":200}
{"timestamp":"2025-11-05T20:08:45.354Z","requestId":"38e1986e-20d2-4b10-a55d-cd67b4cb2d01","operation":"http_request","duration":13.1729,"method":"GET","url":"/assets/js/core/form-validator.js","status":200}
{"timestamp":"2025-11-05T20:08:45.360Z","requestId":"40f564a4-2767-4e44-be1c-36c52fd10ca8","operation":"http_request","duration":13.3946,"method":"GET","url":"/assets/js/core/ui-utils.js","status":200}
{"timestamp":"2025-11-05T20:08:45.393Z","requestId":"3928430a-0b92-4bcc-9e85-1fa9701005bc","operation":"http_request","duration":17.603,"method":"GET","url":"/assets/images/logo.png","status":200}
{"timestamp":"2025-11-05T20:08:45.397Z","requestId":"a85c3f51-de91-4006-97d5-61c7ab016942","operation":"http_request","duration":16.1066,"method":"GET","url":"/assets/images/face.png","status":200}
{"timestamp":"2025-11-05T20:08:45.427Z","requestId":"5d340aef-06c9-4a9b-b1f6-f3c3be0977f7","operation":"http_request","duration":21.1989,"method":"GET","url":"/assets/images/linkedin.png","status":200}
{"timestamp":"2025-11-05T20:08:45.429Z","requestId":"8965095c-9da7-411a-9bf8-6e516c165d87","operation":"http_request","duration":24.769,"method":"GET","url":"/assets/images/insta.png","status":200}
{"timestamp":"2025-11-05T20:08:45.434Z","requestId":"fceaebac-0ea0-4d5f-b55d-00ddca86c59e","operation":"http_request","duration":26.6011,"method":"GET","url":"/assets/js/core/app.js","status":200}
{"timestamp":"2025-11-05T20:08:45.437Z","requestId":"7e816534-490e-474d-be9c-e3a6b29a5db4","operation":"http_request","duration":24.5811,"method":"GET","url":"/assets/js/components/loading.js","status":200}
{"timestamp":"2025-11-05T20:08:45.494Z","requestId":"79a8a983-3118-4a5c-a024-b28a62888c87","operation":"http_request","duration":10.805,"method":"GET","url":"/assets/js/core/api-client.js","status":200}
{"timestamp":"2025-11-05T20:08:45.520Z","requestId":"1515786c-5110-416b-80c9-d7c380e0152e","operation":"http_request","duration":4.0101,"method":"GET","url":"/assets/js/core/config.js","status":200}
{"timestamp":"2025-11-05T20:08:48.622Z","requestId":"5a41ee4e-93b6-48cc-b81c-6437afd0b3b8","operation":"http_request","duration":2.1687,"method":"GET","url":"/auth/login.html","status":200}
{"timestamp":"2025-11-05T20:08:48.651Z","requestId":"cc5335d3-8774-4fe7-a600-1e265ac46eeb","operation":"http_request","duration":12.6608,"method":"GET","url":"/assets/css/bundle.min.css","status":200}
{"timestamp":"2025-11-05T20:08:48.654Z","requestId":"40bad93f-2c99-46ec-9bc6-924d254e0a6d","operation":"http_request","duration":13.6012,"method":"GET","url":"/assets/css/core/button-fix.css","status":200}
{"timestamp":"2025-11-05T20:08:48.657Z","requestId":"12a0b9eb-9cca-4d04-b271-47beda9d9aa9","operation":"http_request","duration":8.6811,"method":"GET","url":"/assets/css/components/loading.css","status":200}
{"timestamp":"2025-11-05T20:08:48.659Z","requestId":"dc5e90fc-4c82-4714-bffd-0883f41f2328","operation":"http_request","duration":9.3377,"method":"GET","url":"/assets/js/api/mock-api.js","status":200}
{"timestamp":"2025-11-05T20:08:48.666Z","requestId":"dec9cf22-adac-43d1-a543-3eb880df6b8e","operation":"http_request","duration":24.262,"method":"GET","url":"/assets/css/core/color-fix.css","status":404}
{"timestamp":"2025-11-05T20:08:48.667Z","requestId":"b1d65012-cad4-497f-b46f-ca0a2eda8f57","operation":"http_request","duration":21.6523,"method":"GET","url":"/assets/css/core/force-visibility.css","status":404}
{"timestamp":"2025-11-05T20:08:48.683Z","requestId":"5b494245-00f5-4d72-8362-e0b0cd11a4c3","operation":"http_request","duration":12.1149,"method":"GET","url":"/assets/js/core/cache-manager.js","status":200}
{"timestamp":"2025-11-05T20:08:48.685Z","requestId":"2e5a6096-9f8b-4596-a3e5-4286fee0f7dc","operation":"http_request","duration":12.807,"method":"GET","url":"/assets/js/core/config.js","status":200}
{"timestamp":"2025-11-05T20:08:48.688Z","requestId":"ab519fd7-dc2a-4d4a-9f1a-74c5b7660113","operation":"http_request","duration":12.5697,"method":"GET","url":"/assets/js/core/routes.js","status":200}
{"timestamp":"2025-11-05T20:08:48.689Z","requestId":"a28587d2-68c8-4427-bda9-c0f71be52941","operation":"http_request","duration":10.6977,"method":"GET","url":"/assets/js/core/auth-manager.js","status":200}
{"timestamp":"2025-11-05T20:08:48.693Z","requestId":"e390c80a-6f98-4399-b502-a0c10596eab3","operation":"http_request","duration":11.5357,"method":"GET","url":"/assets/js/core/form-validator.js","status":200}
{"timestamp":"2025-11-05T20:08:48.704Z","requestId":"3e17021f-cc63-454f-a07e-9d028604e6cd","operation":"http_request","duration":8.7848,"method":"GET","url":"/assets/js/core/ui-utils.js","status":200}
{"timestamp":"2025-11-05T20:08:48.712Z","requestId":"b68ceeb8-7fe7-45fe-8273-f52c0e616c36","operation":"http_request","duration":8.9361,"method":"GET","url":"/assets/images/logo.png","status":200}
{"timestamp":"2025-11-05T20:08:48.714Z","requestId":"37ef2ce0-f4bf-46bb-89bd-75ba385d9ed2","operation":"http_request","duration":6.2018,"method":"GET","url":"/assets/images/face.png","status":200}
{"timestamp":"2025-11-05T20:08:48.739Z","requestId":"5e643cd4-ad86-4d4a-9f35-f513c16bd120","operation":"http_request","duration":19.7471,"method":"GET","url":"/assets/images/insta.png","status":200}
{"timestamp":"2025-11-05T20:08:48.748Z","requestId":"1954b0bf-83f8-4a5e-8812-5ba60b87f6b3","operation":"http_request","duration":26.9523,"method":"GET","url":"/assets/images/linkedin.png","status":200}
{"timestamp":"2025-11-05T20:08:48.750Z","requestId":"deb39361-267b-43a9-82a7-5a79c71d7102","operation":"http_request","duration":26.7525,"method":"GET","url":"/assets/js/core/app.js","status":200}
{"timestamp":"2025-11-05T20:08:48.753Z","requestId":"9b2ea4f2-719b-4f31-a108-0c4819d3a492","operation":"http_request","duration":25.8742,"method":"GET","url":"/assets/js/components/loading.js","status":200}
{"timestamp":"2025-11-05T20:08:48.817Z","requestId":"76405f9e-2742-4aae-a1ba-0e2845772439","operation":"http_request","duration":7.927,"method":"GET","url":"/assets/js/core/api-client.js","status":200}
{"timestamp":"2025-11-05T20:08:48.838Z","requestId":"e57c804f-13a5-48f1-b629-3f1839f988df","operation":"http_request","duration":4.159,"method":"GET","url":"/assets/js/core/config.js","status":200}
{"timestamp":"2025-11-05T20:08:59.556Z","requestId":"62330488-9e82-4fae-a1f8-894dc7ea0bbd","operation":"http_request","duration":3.2305,"method":"GET","url":"/encontrar-transporte.html","status":200}
{"timestamp":"2025-11-05T20:08:59.589Z","requestId":"b83ed708-a663-42ea-a874-07e75b40aa11","operation":"http_request","duration":3.7245,"method":"GET","url":"/assets/css/bundle.min.css","status":200}
{"timestamp":"2025-11-05T20:08:59.603Z","requestId":"c9dfc44d-073d-4923-9f47-1b80082b8f68","operation":"http_request","duration":9.8099,"method":"GET","url":"/assets/css/core/button-fix.css","status":200}
{"timestamp":"2025-11-05T20:08:59.610Z","requestId":"569606bb-b0da-450c-b700-966d2f5f8015","operation":"http_request","duration":9.8507,"method":"GET","url":"/assets/css/encontrar-transporte.css","status":200}
{"timestamp":"2025-11-05T20:08:59.618Z","requestId":"22b1f180-4f16-4fc7-8a61-66d91cd00bc4","operation":"http_request","duration":21.4118,"method":"GET","url":"/assets/css/core/color-fix.css","status":404}
{"timestamp":"2025-11-05T20:08:59.619Z","requestId":"4ea1540a-edd3-4d23-ac15-f61a0c7d948c","operation":"http_request","duration":21.359,"method":"GET","url":"/assets/css/core/force-visibility.css","status":404}
{"timestamp":"2025-11-05T20:08:59.623Z","requestId":"a7d220ee-6718-45e4-8726-791a59defb64","operation":"http_request","duration":24.184,"method":"GET","url":"/assets/css/core/emergency-fix.css","status":404}
{"timestamp":"2025-11-05T20:08:59.630Z","requestId":"33b9f256-2066-4b89-a558-23971b1891d8","operation":"http_request","duration":15.2311,"method":"GET","url":"/assets/libs/leaflet/leaflet.css","status":200}
{"timestamp":"2025-11-05T20:08:59.635Z","requestId":"9cd471f6-77ce-4c56-94ab-b0a048064318","operation":"http_request","duration":9.9387,"method":"GET","url":"/assets/libs/leaflet/leaflet.js","status":200}
{"timestamp":"2025-11-05T20:08:59.639Z","requestId":"754ff06b-0e85-4d17-8faf-b00e144cf251","operation":"http_request","duration":12.5011,"method":"GET","url":"/assets/images/logo.png","status":200}
{"timestamp":"2025-11-05T20:08:59.641Z","requestId":"2b4699dd-e5ae-479f-beb0-7f128d97de08","operation":"http_request","duration":12.487,"method":"GET","url":"/assets/images/linkedin.png","status":200}
{"timestamp":"2025-11-05T20:08:59.644Z","requestId":"5614be03-39c4-4544-ba6a-1d28f0e41312","operation":"http_request","duration":15.9879,"method":"GET","url":"/assets/images/face.png","status":200}
{"timestamp":"2025-11-05T20:08:59.647Z","requestId":"f1d9cd8b-a4bb-4ce3-abad-a1e46be34a43","operation":"http_request","duration":14.674,"method":"GET","url":"/assets/images/insta.png","status":200}
{"timestamp":"2025-11-05T20:08:59.684Z","requestId":"871aa3f2-b108-4960-84de-103dc389859e","operation":"http_request","duration":17.3477,"method":"GET","url":"/assets/css/core/variables.css","status":200}
{"timestamp":"2025-11-05T20:08:59.735Z","requestId":"6f5359b5-fa6e-4cd6-92c2-23b77f6f9c09","operation":"http_request","duration":16.8478,"method":"GET","url":"/assets/js/bundle.min.js","status":200}
{"timestamp":"2025-11-05T20:08:59.749Z","requestId":"60acc234-8a18-49ea-a6af-78b3df81dd89","operation":"http_request","duration":22.4713,"method":"GET","url":"/assets/js/google-maps-integration.js","status":404}
{"timestamp":"2025-11-05T20:08:59.796Z","requestId":"b4976775-f229-4015-8e5b-6352d9da7615","operation":"http_request","duration":32.8703,"method":"GET","url":"/assets/js/encontrar-transporte.js","status":404}
{"timestamp":"2025-11-05T20:08:59.825Z","requestId":"d97b544c-f633-4979-be0f-53ba75cfd6f8","operation":"http_request","duration":11.6003,"method":"GET","url":"/api/rastreamento/viagem-ativa","status":404}
{"timestamp":"2025-11-05T20:08:59.832Z","requestId":"eda0465e-fa49-470b-be58-09fe8e267ab0","operation":"http_request","duration":2.7931,"method":"GET","url":"/assets/images/favicon.ico","status":200}
{"timestamp":"2025-11-05T20:11:06.164Z","requestId":"d2436e9f-714b-4ef0-b03c-51bc100dabe6","operation":"http_request","duration":15.126,"method":"GET","url":"/auth/login.html","status":200}
{"timestamp":"2025-11-05T20:11:06.224Z","requestId":"550c63d4-709b-43d6-8016-53e2d3d7d39b","operation":"http_request","duration":17.1931,"method":"GET","url":"/assets/css/bundle.min.css","status":200}
{"timestamp":"2025-11-05T20:11:06.232Z","requestId":"f0d61473-9418-457b-88da-99d8d5051664","operation":"http_request","duration":21.9433,"method":"GET","url":"/assets/css/core/button-fix.css","status":200}
{"timestamp":"2025-11-05T20:11:06.258Z","requestId":"527a0d33-5c42-4e02-9056-dbb6cf4307f4","operation":"http_request","duration":39.0686,"method":"GET","url":"/assets/css/components/loading.css","status":200}
{"timestamp":"2025-11-05T20:11:06.270Z","requestId":"22d36646-3957-48ce-8d38-f972feb0049f","operation":"http_request","duration":49.4489,"method":"GET","url":"/assets/js/api/mock-api.js","status":200}
{"timestamp":"2025-11-05T20:11:06.322Z","requestId":"2fb35245-1843-4a7d-ace8-9e763d0d47a4","operation":"http_request","duration":107.0485,"method":"GET","url":"/assets/css/core/color-fix.css","status":404}
{"timestamp":"2025-11-05T20:11:06.340Z","requestId":"2ee854da-cb6b-4399-90c9-eda58901bf3a","operation":"http_request","duration":122.0091,"method":"GET","url":"/assets/css/core/force-visibility.css","status":404}
{"timestamp":"2025-11-05T20:11:06.401Z","requestId":"43064d47-9997-4c44-9828-b2e1b2f86899","operation":"http_request","duration":42.7397,"method":"GET","url":"/assets/js/core/cache-manager.js","status":200}
{"timestamp":"2025-11-05T20:11:06.408Z","requestId":"71c6b46a-82a5-42c6-a37a-c8957af5749e","operation":"http_request","duration":30.5191,"method":"GET","url":"/assets/js/core/config.js","status":200}
{"timestamp":"2025-11-05T20:11:06.413Z","requestId":"6c7ac9b1-0941-4f5e-b7a9-2beaed809128","operation":"http_request","duration":30.3398,"method":"GET","url":"/assets/js/core/routes.js","status":200}
{"timestamp":"2025-11-05T20:11:06.425Z","requestId":"583ce58d-525f-4612-b9a9-1d05f3597a2f","operation":"http_request","duration":34.6677,"method":"GET","url":"/assets/js/core/auth-manager.js","status":200}
{"timestamp":"2025-11-05T20:11:06.432Z","requestId":"3b7ed9a1-d8f5-4d1a-95d6-56a802131df5","operation":"http_request","duration":37.4382,"method":"GET","url":"/assets/js/core/form-validator.js","status":200}
{"timestamp":"2025-11-05T20:11:06.440Z","requestId":"b7dd01cd-a863-49b0-bea9-806eaa4914f8","operation":"http_request","duration":23.0128,"method":"GET","url":"/assets/js/core/ui-utils.js","status":200}
{"timestamp":"2025-11-05T20:11:06.457Z","requestId":"184fc62c-1dce-44d3-b5cd-bd5d88068614","operation":"http_request","duration":12.6678,"method":"GET","url":"/assets/images/logo.png","status":200}
{"timestamp":"2025-11-05T20:11:06.464Z","requestId":"81ffeab0-1b40-4987-83ad-ea7dad57db15","operation":"http_request","duration":12.842,"method":"GET","url":"/assets/images/face.png","status":200}
{"timestamp":"2025-11-05T20:11:06.499Z","requestId":"883d48b2-42c4-4af2-ad55-0346e1548db2","operation":"http_request","duration":26.3582,"method":"GET","url":"/assets/images/insta.png","status":200}
{"timestamp":"2025-11-05T20:11:06.502Z","requestId":"a8b23339-2164-4b2a-9d66-62cdc924b243","operation":"http_request","duration":22.6369,"method":"GET","url":"/assets/images/linkedin.png","status":200}
{"timestamp":"2025-11-05T20:11:06.504Z","requestId":"9f9dc3cf-587b-45d7-b1e6-16ded935aeae","operation":"http_request","duration":20.1559,"method":"GET","url":"/assets/js/core/app.js","status":200}
{"timestamp":"2025-11-05T20:11:06.508Z","requestId":"fedda08a-46af-467a-82a0-a960c92e2d2d","operation":"http_request","duration":19.7696,"method":"GET","url":"/assets/js/components/loading.js","status":200}
{"timestamp":"2025-11-05T20:11:06.542Z","requestId":"76e41bd8-5fd6-48ce-bb71-e195c767bf17","operation":"http_request","duration":6.4424,"method":"GET","url":"/assets/js/core/api-client.js","status":200}
{"timestamp":"2025-11-05T20:11:06.571Z","requestId":"5a4e6446-4830-4ec5-a6df-486b2a844ee2","operation":"http_request","duration":1.4639,"method":"GET","url":"/assets/js/core/config.js","status":200}
{"timestamp":"2025-11-05T20:11:07.730Z","requestId":"085423a0-da61-4667-9ef5-016e5434ce74","operation":"http_request","duration":3.6403,"method":"GET","url":"/index.html","status":200}
{"timestamp":"2025-11-05T20:11:07.764Z","requestId":"36550187-4cc8-4cc7-b640-5aa503efab37","operation":"http_request","duration":4.8507,"method":"GET","url":"/assets/css/bundle.min.css","status":200}
{"timestamp":"2025-11-05T20:11:07.779Z","requestId":"41fc7dd5-602f-46d9-8dd3-ca19f62bc304","operation":"http_request","duration":10.587,"method":"GET","url":"/assets/css/core/button-fix.css","status":200}
{"timestamp":"2025-11-05T20:11:07.780Z","requestId":"6c3533de-4add-40b9-b74d-8b4da96930c4","operation":"http_request","duration":10.7112,"method":"GET","url":"/assets/images/mulher%20andando%20na%20cidade.jpg","status":200}
{"timestamp":"2025-11-05T20:11:07.782Z","requestId":"9ba4bb60-ea1e-4a31-839b-fdc9d9ddf9f2","operation":"http_request","duration":10.2047,"method":"GET","url":"/assets/js/core/app.js","status":200}
{"timestamp":"2025-11-05T20:11:07.783Z","requestId":"d1cc4034-db81-431c-bbe1-912f727a774a","operation":"http_request","duration":10.3957,"method":"GET","url":"/assets/images/logo.png","status":200}
{"timestamp":"2025-11-05T20:11:07.785Z","requestId":"0fa31201-eba1-46f5-a84c-cbaa76c94529","operation":"http_request","duration":10.4601,"method":"GET","url":"/assets/js/core/page-detector.js","status":200}
{"timestamp":"2025-11-05T20:11:07.798Z","requestId":"6568ad44-433a-4ed8-b09a-015214c455ff","operation":"http_request","duration":3.9156,"method":"GET","url":"/assets/js/bundle.min.js","status":200}
{"timestamp":"2025-11-05T20:11:07.800Z","requestId":"c47f2f88-098f-4475-9cff-ec9a1bd2fb74","operation":"http_request","duration":4.6654,"method":"GET","url":"/assets/js/animations/animacoes-index.js","status":200}
{"timestamp":"2025-11-05T20:11:07.820Z","requestId":"e2e9db5d-80de-435d-9411-1631139a7c39","operation":"http_request","duration":13.0551,"method":"GET","url":"/assets/images/crian%C3%A7as.png","status":200}
{"timestamp":"2025-11-05T20:11:07.830Z","requestId":"13a22523-657c-425e-a21f-3b8f16d930d0","operation":"http_request","duration":18.5682,"method":"GET","url":"/assets/images/transporte-turismo-viagem-rodoviaria-e-conceito-de-pessoas-grupo-de-passageiros-felizes.png","status":200}
{"timestamp":"2025-11-05T20:11:07.832Z","requestId":"0d88ff84-ee40-408b-9332-bc42380f9cd2","operation":"http_request","duration":16.537,"method":"GET","url":"/assets/images/guns2.jpg","status":200}
{"timestamp":"2025-11-05T20:11:07.833Z","requestId":"bef1f8cc-27e1-4107-82f1-bc8de38403cf","operation":"http_request","duration":20.3827,"method":"GET","url":"/assets/images/transporte-executivo-de-pessoas-preco.png","status":200}
{"timestamp":"2025-11-05T20:11:07.866Z","requestId":"c7aaae97-95a4-4797-95eb-f7df0fde6531","operation":"http_request","duration":4.4206,"method":"GET","url":"/api/rastreamento/viagem-ativa","status":404}
{"timestamp":"2025-11-05T20:11:07.880Z","requestId":"4a528a24-43a5-479a-82f4-4dfdf1567431","operation":"http_request","duration":5.4442,"method":"GET","url":"/manifest.json","status":200}
{"timestamp":"2025-11-05T20:11:07.885Z","requestId":"65b9af48-e7a2-44c8-9b84-c8a020728114","operation":"http_request","duration":8.3827,"method":"GET","url":"/assets/images/favicon.ico","status":200}
{"timestamp":"2025-11-05T20:11:07.896Z","requestId":"ce80888f-b52f-480f-b661-8990f4a05c44","operation":"http_request","duration":2.7294,"method":"GET","url":"/assets/images/icon-192.svg","status":200}
{"timestamp":"2025-11-05T20:11:07.899Z","requestId":"731eae39-ac3b-4506-b8b5-2c3aec4c624b","operation":"http_request","duration":7.1255,"method":"GET","url":"/assets/images/icon-512.png","status":200}
{"timestamp":"2025-11-05T20:11:10.660Z","requestId":"77ed36ea-940e-4a86-b02d-6d6116503e8b","operation":"http_request","duration":3.0682,"method":"GET","url":"/index.html","status":200}
{"timestamp":"2025-11-05T20:11:10.689Z","requestId":"6433d63b-dba1-4dd8-8a0f-4b854d8240dd","operation":"http_request","duration":6.5794,"method":"GET","url":"/assets/css/bundle.min.css","status":200}
{"timestamp":"2025-11-05T20:11:10.695Z","requestId":"8da2597b-1d93-4680-bf95-f3383a8d21b6","operation":"http_request","duration":10.3103,"method":"GET","url":"/assets/js/core/app.js","status":200}
{"timestamp":"2025-11-05T20:11:10.697Z","requestId":"822883c9-d608-4dbd-a8c2-1b80d2cf3c11","operation":"http_request","duration":13.3299,"method":"GET","url":"/assets/images/mulher%20andando%20na%20cidade.jpg","status":200}
{"timestamp":"2025-11-05T20:11:10.700Z","requestId":"55cc07ba-1bfd-4728-b907-5fb2043d47a1","operation":"http_request","duration":12.8238,"method":"GET","url":"/assets/css/core/button-fix.css","status":200}
{"timestamp":"2025-11-05T20:11:10.703Z","requestId":"53279b0e-9cd0-4805-bfd4-5d069ac1cbba","operation":"http_request","duration":12.4025,"method":"GET","url":"/assets/images/logo.png","status":200}
{"timestamp":"2025-11-05T20:11:10.706Z","requestId":"2b233f7c-cb58-47b3-8116-75c73943d8f7","operation":"http_request","duration":13.0905,"method":"GET","url":"/assets/js/core/page-detector.js","status":200}
{"timestamp":"2025-11-05T20:11:10.723Z","requestId":"4387855e-c2a1-45c6-a3c7-81a2fdc2fcb9","operation":"http_request","duration":5.1074,"method":"GET","url":"/assets/js/bundle.min.js","status":200}
{"timestamp":"2025-11-05T20:11:10.727Z","requestId":"5cb856e1-56aa-498e-807b-45f38d0e383f","operation":"http_request","duration":7.5498,"method":"GET","url":"/assets/js/animations/animacoes-index.js","status":200}
{"timestamp":"2025-11-05T20:11:10.769Z","requestId":"26c10778-a1ff-4974-b936-2000ce5e6ad7","operation":"http_request","duration":9.0682,"method":"GET","url":"/assets/images/crian%C3%A7as.png","status":200}
{"timestamp":"2025-11-05T20:11:10.771Z","requestId":"702c866f-57ac-48aa-abab-ed5bf1f68f2d","operation":"http_request","duration":7.1349,"method":"GET","url":"/assets/images/transporte-executivo-de-pessoas-preco.png","status":200}
{"timestamp":"2025-11-05T20:11:10.772Z","requestId":"6eed9287-468e-406c-afab-d251aa0972fc","operation":"http_request","duration":10.9049,"method":"GET","url":"/assets/images/transporte-turismo-viagem-rodoviaria-e-conceito-de-pessoas-grupo-de-passageiros-felizes.png","status":200}
{"timestamp":"2025-11-05T20:11:10.774Z","requestId":"1c38de74-4d9b-4c84-9b44-d24aa8fcaf40","operation":"http_request","duration":8.6262,"method":"GET","url":"/assets/images/guns2.jpg","status":200}
{"timestamp":"2025-11-05T20:11:10.825Z","requestId":"e53dd103-feac-4c6b-8f0c-1602e4786ae6","operation":"http_request","duration":13.7211,"method":"GET","url":"/api/rastreamento/viagem-ativa","status":404}
{"timestamp":"2025-11-05T20:11:10.837Z","requestId":"7b082ba2-e4bf-4f9f-ac7e-0430869eb5dd","operation":"http_request","duration":2.799,"method":"GET","url":"/assets/images/favicon.ico","status":200}
{"timestamp":"2025-11-05T20:11:10.839Z","requestId":"47d6c6ff-145e-4bd4-b269-622769a44bc6","operation":"http_request","duration":8.2553,"method":"GET","url":"/manifest.json","status":200}
{"timestamp":"2025-11-05T20:11:10.856Z","requestId":"56e13fcb-9c2d-4794-bc81-2a4cc27cdc18","operation":"http_request","duration":5.3335,"method":"GET","url":"/assets/images/icon-512.png","status":200}
{"timestamp":"2025-11-05T20:11:10.858Z","requestId":"a010548d-5407-47dc-92bf-779b531e62d1","operation":"http_request","duration":5.653,"method":"GET","url":"/assets/images/icon-192.svg","status":200}
{"timestamp":"2025-11-05T20:11:13.182Z","requestId":"5841a0f3-070d-4d01-90a7-d65bb296711c","operation":"http_request","duration":9.3096,"method":"GET","url":"/assets/images/insta.png","status":200}
{"timestamp":"2025-11-05T20:11:13.184Z","requestId":"2afa9172-c619-47b1-ab25-422a5a045b74","operation":"http_request","duration":13.1221,"method":"GET","url":"/assets/images/face.png","status":200}
{"timestamp":"2025-11-05T20:11:13.187Z","requestId":"672625fc-7550-4f3a-9898-e9d505efbb9d","operation":"http_request","duration":11.738,"method":"GET","url":"/assets/images/linkedin.png","status":200}
{"timestamp":"2025-11-05T20:11:15.638Z","requestId":"f18a8e76-9d5e-483b-a159-600fad5ae781","operation":"http_request","duration":2.703,"method":"GET","url":"/index.html","status":200}
{"timestamp":"2025-11-05T20:11:15.671Z","requestId":"405b745e-5701-45bc-a45f-9b063d786838","operation":"http_request","duration":12.4952,"method":"GET","url":"/assets/css/bundle.min.css","status":200}
{"timestamp":"2025-11-05T20:11:15.673Z","requestId":"d175afd3-dd71-462f-b748-dab54910220d","operation":"http_request","duration":11.4066,"method":"GET","url":"/assets/images/mulher%20andando%20na%20cidade.jpg","status":200}
{"timestamp":"2025-11-05T20:11:15.676Z","requestId":"aefd8963-8fa4-496c-b814-7ee41ae241ae","operation":"http_request","duration":11.96,"method":"GET","url":"/assets/css/core/button-fix.css","status":200}
{"timestamp":"2025-11-05T20:11:15.678Z","requestId":"85f4a7fa-7796-4cb3-806c-2a89883d167e","operation":"http_request","duration":12.5231,"method":"GET","url":"/assets/js/core/app.js","status":200}
{"timestamp":"2025-11-05T20:11:15.680Z","requestId":"b3fb72c8-8106-45b5-9335-eff8d4293679","operation":"http_request","duration":12.6404,"method":"GET","url":"/assets/images/logo.png","status":200}
{"timestamp":"2025-11-05T20:11:15.683Z","requestId":"930a2ee1-7b5b-49bc-8c86-d00c0a787131","operation":"http_request","duration":13.3831,"method":"GET","url":"/assets/js/core/page-detector.js","status":200}
{"timestamp":"2025-11-05T20:11:15.698Z","requestId":"d24f28f5-5331-4516-9a9a-1b3afbad8b6d","operation":"http_request","duration":3.2801,"method":"GET","url":"/assets/js/bundle.min.js","status":200}
{"timestamp":"2025-11-05T20:11:15.700Z","requestId":"feeae2ea-eb7c-472d-85f8-7068759f4b24","operation":"http_request","duration":4.0927,"method":"GET","url":"/assets/js/animations/animacoes-index.js","status":200}
{"timestamp":"2025-11-05T20:11:15.734Z","requestId":"d9ae5d47-e04a-4c6d-ad1f-91cc063d56e6","operation":"http_request","duration":15.3268,"method":"GET","url":"/assets/images/crian%C3%A7as.png","status":200}
{"timestamp":"2025-11-05T20:11:15.736Z","requestId":"f6cb3b93-4506-4686-8ad0-7e841689e43e","operation":"http_request","duration":15.3231,"method":"GET","url":"/assets/images/transporte-turismo-viagem-rodoviaria-e-conceito-de-pessoas-grupo-de-passageiros-felizes.png","status":200}
{"timestamp":"2025-11-05T20:11:15.737Z","requestId":"8079e915-5bc6-4437-a582-007cbd559ec7","operation":"http_request","duration":14.9362,"method":"GET","url":"/assets/images/transporte-executivo-de-pessoas-preco.png","status":200}
{"timestamp":"2025-11-05T20:11:15.739Z","requestId":"dec80c69-bc5d-4d45-a12d-e37d82a974fe","operation":"http_request","duration":13.6109,"method":"GET","url":"/assets/images/guns2.jpg","status":200}
{"timestamp":"2025-11-05T20:11:15.742Z","requestId":"47e0e0ac-7223-4304-a5ec-a0daad565cb9","operation":"http_request","duration":12.133,"method":"GET","url":"/manifest.json","status":200}
{"timestamp":"2025-11-05T20:11:15.747Z","requestId":"36d8c571-eed3-4748-a49f-192027b7ceca","operation":"http_request","duration":14.8332,"method":"GET","url":"/assets/images/favicon.ico","status":200}
{"timestamp":"2025-11-05T20:11:15.752Z","requestId":"1967dc84-2d10-4c40-a9ce-12bf68f525ee","operation":"http_request","duration":23.1616,"method":"GET","url":"/api/rastreamento/viagem-ativa","status":404}
{"timestamp":"2025-11-05T20:11:15.760Z","requestId":"53bba651-b769-4bac-bd7c-d86f2a2a215b","operation":"http_request","duration":4.6315,"method":"GET","url":"/assets/images/icon-192.svg","status":200}
{"timestamp":"2025-11-05T20:11:15.769Z","requestId":"6de9c5bc-5e1a-4000-a39b-0b8b06797eaa","operation":"http_request","duration":4.9737,"method":"GET","url":"/assets/images/icon-512.png","status":200}
{"timestamp":"2025-11-05T20:11:20.044Z","requestId":"8c6adcd1-aab0-49a6-a58d-77a4d149e16b","operation":"http_request","duration":8.3769,"method":"GET","url":"/index.html","status":200}
{"timestamp":"2025-11-05T20:11:20.084Z","requestId":"a8cecb10-f6f1-4591-a735-d62de5acee49","operation":"http_request","duration":14.0544,"method":"GET","url":"/assets/css/bundle.min.css","status":200}
{"timestamp":"2025-11-05T20:11:20.086Z","requestId":"167947b7-7286-4851-80f2-7739946b6b89","operation":"http_request","duration":14.923,"method":"GET","url":"/assets/css/core/button-fix.css","status":200}
{"timestamp":"2025-11-05T20:11:20.088Z","requestId":"ddf0e2bb-677d-49cf-911f-e9707858cf79","operation":"http_request","duration":14.7897,"method":"GET","url":"/assets/images/mulher%20andando%20na%20cidade.jpg","status":200}
{"timestamp":"2025-11-05T20:11:20.090Z","requestId":"e4c4b691-2161-498c-910a-8f3db85cb48f","operation":"http_request","duration":14.1398,"method":"GET","url":"/assets/js/core/app.js","status":200}
{"timestamp":"2025-11-05T20:11:20.092Z","requestId":"d1351b12-386b-4774-9ad6-96522623caf8","operation":"http_request","duration":14.2438,"method":"GET","url":"/assets/images/logo.png","status":200}
{"timestamp":"2025-11-05T20:11:20.097Z","requestId":"2f07f7c9-c9d9-4d47-94cb-5de8bcbe5819","operation":"http_request","duration":18.0083,"method":"GET","url":"/assets/js/core/page-detector.js","status":200}
{"timestamp":"2025-11-05T20:11:20.126Z","requestId":"08decc18-1ed7-4597-be83-01a63125cfcb","operation":"http_request","duration":9.506,"method":"GET","url":"/assets/js/bundle.min.js","status":200}
{"timestamp":"2025-11-05T20:11:20.130Z","requestId":"3e7510a8-8be3-433f-b2ad-203286465e28","operation":"http_request","duration":10.8392,"method":"GET","url":"/assets/js/animations/animacoes-index.js","status":200}
{"timestamp":"2025-11-05T20:11:20.192Z","requestId":"2153c7bb-c1f2-466d-bcbc-8da39a2051e3","operation":"http_request","duration":27.0571,"method":"GET","url":"/assets/images/crian%C3%A7as.png","status":200}
{"timestamp":"2025-11-05T20:11:20.197Z","requestId":"2d3fbbb4-6cbd-4cc7-b481-cead468aecdb","operation":"http_request","duration":29.1404,"method":"GET","url":"/assets/images/transporte-turismo-viagem-rodoviaria-e-conceito-de-pessoas-grupo-de-passageiros-felizes.png","status":200}
{"timestamp":"2025-11-05T20:11:20.200Z","requestId":"9637abd5-0c29-4314-b5ab-cb35b94c24da","operation":"http_request","duration":25.3002,"method":"GET","url":"/assets/images/transporte-executivo-de-pessoas-preco.png","status":200}
{"timestamp":"2025-11-05T20:11:20.202Z","requestId":"3525f965-a861-4aa7-8013-498469e0eaca","operation":"http_request","duration":21.7232,"method":"GET","url":"/assets/images/guns2.jpg","status":200}
{"timestamp":"2025-11-05T20:11:20.221Z","requestId":"c9265faa-18c6-4506-9d85-b0d490007724","operation":"http_request","duration":15.88,"method":"GET","url":"/assets/images/favicon.ico","status":200}
{"timestamp":"2025-11-05T20:11:20.228Z","requestId":"dfa0b7b3-3a9d-4ece-8f39-5e8d766b4442","operation":"http_request","duration":41.5008,"method":"GET","url":"/api/rastreamento/viagem-ativa","status":404}
{"timestamp":"2025-11-05T20:11:20.238Z","requestId":"50626212-4f5f-488d-ad6f-aefc8c8ffb37","operation":"http_request","duration":5.2298,"method":"GET","url":"/manifest.json","status":200}
{"timestamp":"2025-11-05T20:11:20.251Z","requestId":"11786b74-bcc0-4c4b-a7e5-98a136d487ee","operation":"http_request","duration":6.4576,"method":"GET","url":"/assets/images/icon-512.png","status":200}
{"timestamp":"2025-11-05T20:11:20.261Z","requestId":"ead501e1-a6f3-4763-bb9f-a4d19780fd91","operation":"http_request","duration":6.2067,"method":"GET","url":"/assets/images/icon-192.svg","status":200}
